/* font_cjk.cpp - CJK 12px bitmap font (generated).
 * Source font: SimSun 12px embedded bitmap (classic 12x12 grid).
 * Atlas: 46 cols x 85 rows of 11x12 cells -> 512x1024 PSMT8 texture.
 * Glyph index i lives at atlas cell (i %% 46, i / 46).
 * Tables:
 *   _FontCjkCp[]     glyph indices sorted by Unicode cp (binary search)
 *   _FontCjkGbk[]    glyph indices sorted by GBK code  (binary search)
 *   _FontCjkBits[]   N glyphs x 24 bytes (12 rows x 2 bytes, 11 px row)
 * Regen: python tools/font_gen_cjk.py
 */
#include "types.h"

extern "C" const int _FontCjkCount = 3870;

extern "C" const Uint16 _FontCjkCpSorted[3870] = {
    0x00B0,0x00B7,0x0394,0x0398,0x039B,0x039E,0x03A0,0x03A3,0x03A6,0x03A8,0x03A9,0x03B1,
    0x03B2,0x03B3,0x03C0,0x2014,0x2018,0x2019,0x201C,0x201D,0x2020,0x2026,0x2103,0x2160,
    0x2161,0x2162,0x2163,0x2164,0x2165,0x2166,0x2167,0x2168,0x2169,0x216A,0x216B,0x2190,
    0x2191,0x2192,0x2193,0x2460,0x2461,0x2462,0x2463,0x2464,0x2465,0x2466,0x2467,0x2468,
    0x2469,0x25A0,0x25A1,0x25B2,0x25B3,0x25C6,0x25C7,0x25CB,0x25CE,0x25CF,0x2605,0x2606,
    0x3001,0x3002,0x3008,0x3009,0x300A,0x300B,0x300C,0x300D,0x300E,0x300F,0x3010,0x3011,
    0x3014,0x3015,0x3041,0x3042,0x3043,0x3044,0x3045,0x3046,0x3047,0x3048,0x3049,0x304A,
    0x304B,0x304C,0x304D,0x304E,0x304F,0x3050,0x3051,0x3052,0x3053,0x3054,0x3055,0x3056,
    0x3057,0x3058,0x3059,0x305C,0x305D,0x305E,0x305F,0x3060,0x3061,0x3062,0x3063,0x3064,
    0x3065,0x3066,0x3067,0x3068,0x3069,0x306A,0x306B,0x306C,0x306D,0x306E,0x306F,0x3070,
    0x3071,0x3072,0x3073,0x3074,0x3075,0x3076,0x3077,0x3078,0x3079,0x307A,0x307B,0x307C,
    0x307D,0x307E,0x307F,0x3080,0x3081,0x3082,0x3083,0x3084,0x3085,0x3086,0x3087,0x3088,
    0x3089,0x308A,0x308B,0x308C,0x308D,0x308E,0x308F,0x3090,0x3091,0x3092,0x3093,0x309B,
    0x309C,0x30A1,0x30A2,0x30A3,0x30A4,0x30A5,0x30A6,0x30A7,0x30A8,0x30A9,0x30AA,0x30AB,
    0x30AC,0x30AD,0x30AE,0x30AF,0x30B0,0x30B1,0x30B2,0x30B3,0x30B4,0x30B5,0x30B6,0x30B7,
    0x30B8,0x30B9,0x30BC,0x30BD,0x30BE,0x30BF,0x30C0,0x30C1,0x30C2,0x30C3,0x30C4,0x30C5,
    0x30C6,0x30C7,0x30C8,0x30C9,0x30CA,0x30CB,0x30CC,0x30CD,0x30CE,0x30CF,0x30D0,0x30D1,
    0x30D2,0x30D3,0x30D4,0x30D5,0x30D6,0x30D7,0x30D8,0x30D9,0x30DA,0x30DB,0x30DC,0x30DD,
    0x30DE,0x30DF,0x30E0,0x30E1,0x30E2,0x30E3,0x30E4,0x30E5,0x30E6,0x30E7,0x30E8,0x30E9,
    0x30EA,0x30EB,0x30EC,0x30ED,0x30EE,0x30EF,0x30F0,0x30F1,0x30F2,0x30F3,0x30F4,0x30F5,
    0x30F6,0x30FC,0x4E00,0x4E01,0x4E03,0x4E07,0x4E08,0x4E09,0x4E0A,0x4E0B,0x4E0D,0x4E0E,
    0x4E11,0x4E13,0x4E14,0x4E16,0x4E18,0x4E19,0x4E1A,0x4E1B,0x4E1C,0x4E1D,0x4E22,0x4E24,
    0x4E25,0x4E27,0x4E2A,0x4E2B,0x4E2D,0x4E30,0x4E32,0x4E34,0x4E38,0x4E39,0x4E3A,0x4E3B,
    0x4E3D,0x4E3E,0x4E43,0x4E45,0x4E48,0x4E49,0x4E4B,0x4E4C,0x4E4D,0x4E4E,0x4E4F,0x4E50,
    0x4E52,0x4E53,0x4E54,0x4E56,0x4E58,0x4E59,0x4E5D,0x4E5E,0x4E5F,0x4E60,0x4E61,0x4E66,
    0x4E70,0x4E71,0x4E73,0x4E7E,0x4E86,0x4E88,0x4E89,0x4E8B,0x4E8C,0x4E8E,0x4E8F,0x4E91,
    0x4E92,0x4E94,0x4E95,0x4E9A,0x4E9B,0x4EA1,0x4EA2,0x4EA4,0x4EA5,0x4EA6,0x4EA7,0x4EA8,
    0x4EA9,0x4EAB,0x4EAC,0x4EAD,0x4EAE,0x4EB2,0x4EBA,0x4EBF,0x4EC0,0x4EC1,0x4EC5,0x4EC6,
    0x4EC7,0x4ECA,0x4ECB,0x4ECD,0x4ECE,0x4ED1,0x4ED3,0x4ED4,0x4ED5,0x4ED6,0x4ED7,0x4ED8,
    0x4ED9,0x4EDF,0x4EE3,0x4EE4,0x4EE5,0x4EEA,0x4EEC,0x4EF0,0x4EF2,0x4EF6,0x4EF7,0x4EFB,
    0x4EFD,0x4EFF,0x4F01,0x4F0A,0x4F0D,0x4F0F,0x4F10,0x4F11,0x4F17,0x4F18,0x4F19,0x4F1A,
    0x4F1E,0x4F1F,0x4F20,0x4F24,0x4F26,0x4F2A,0x4F2F,0x4F30,0x4F34,0x4F36,0x4F38,0x4F3A,
    0x4F3C,0x4F46,0x4F4D,0x4F4E,0x4F4F,0x4F50,0x4F51,0x4F53,0x4F55,0x4F59,0x4F5B,0x4F5C,
    0x4F60,0x4F63,0x4F69,0x4F6C,0x4F6F,0x4F70,0x4F73,0x4F7F,0x4F84,0x4F88,0x4F8B,0x4F8D,
    0x4F97,0x4F9B,0x4F9D,0x4FA0,0x4FA3,0x4FA5,0x4FA6,0x4FA7,0x4FA8,0x4FAE,0x4FAF,0x4FB5,
    0x4FBF,0x4FC3,0x4FC4,0x4FCA,0x4FCF,0x4FD0,0x4FD7,0x4FD8,0x4FDD,0x4FDE,0x4FE1,0x4FE9,
    0x4FED,0x4FEE,0x4FEF,0x4FF1,0x4FFA,0x500D,0x5012,0x5014,0x5019,0x501A,0x501F,0x5021,
    0x5026,0x502A,0x503A,0x503C,0x503E,0x5047,0x504F,0x505A,0x505C,0x5065,0x5076,0x5077,
    0x507F,0x5080,0x5085,0x5088,0x508D,0x50A3,0x50A8,0x50AC,0x50B2,0x50BB,0x50CF,0x50DA,
    0x50E7,0x50F5,0x50FB,0x5112,0x513F,0x5141,0x5143,0x5144,0x5145,0x5146,0x5148,0x5149,
    0x514B,0x514D,0x5151,0x5154,0x515A,0x515C,0x5162,0x5165,0x5168,0x516B,0x516C,0x516D,
    0x5170,0x5171,0x5173,0x5174,0x5175,0x5176,0x5177,0x5178,0x517B,0x517C,0x517D,0x5180,
    0x5185,0x5188,0x5189,0x518C,0x518D,0x5192,0x5195,0x5197,0x5199,0x519B,0x519C,0x51A0,
    0x51A2,0x51A4,0x51AC,0x51AF,0x51B0,0x51B2,0x51B3,0x51B5,0x51B6,0x51B7,0x51BB,0x51C0,
    0x51C4,0x51C6,0x51C9,0x51CB,0x51CC,0x51CF,0x51D1,0x51DB,0x51DD,0x51E0,0x51E1,0x51E4,
    0x51ED,0x51EF,0x51F0,0x51F3,0x51F6,0x51F8,0x51F9,0x51FA,0x51FB,0x51FD,0x51FF,0x5200,
    0x5201,0x5203,0x5206,0x5207,0x520A,0x5211,0x5212,0x5217,0x5218,0x5219,0x521A,0x521B,
    0x521D,0x5220,0x5224,0x5228,0x5229,0x522B,0x522E,0x5230,0x5236,0x5237,0x5238,0x5239,
    0x523A,0x523B,0x523D,0x5241,0x5242,0x5243,0x524A,0x524D,0x5250,0x5251,0x5254,0x5256,
    0x5265,0x5267,0x5269,0x526A,0x526F,0x5272,0x527F,0x5288,0x529B,0x529D,0x529E,0x529F,
    0x52A0,0x52A1,0x52A3,0x52A8,0x52A9,0x52AA,0x52AB,0x52B1,0x52B2,0x52B3,0x52BF,0x52C3,
    0x52C7,0x52C9,0x52CB,0x52D2,0x52D8,0x52DF,0x52E4,0x52FA,0x52FE,0x52FF,0x5300,0x5305,
    0x5306,0x5308,0x5316,0x5317,0x5319,0x5320,0x5321,0x5323,0x532A,0x5339,0x533A,0x533B,
    0x533F,0x5341,0x5343,0x5347,0x5348,0x5349,0x534A,0x534E,0x534F,0x5351,0x5352,0x5353,
    0x5355,0x5356,0x5357,0x535A,0x535C,0x535E,0x5360,0x5361,0x5362,0x5364,0x5367,0x536B,
    0x536F,0x5370,0x5371,0x5373,0x5374,0x5375,0x5377,0x5378,0x537F,0x5382,0x5384,0x5385,
    0x5386,0x5389,0x538B,0x538C,0x5395,0x5398,0x539A,0x539F,0x53A2,0x53A6,0x53A8,0x53BB,
    0x53BF,0x53C1,0x53C2,0x53C8,0x53C9,0x53CA,0x53CB,0x53CC,0x53CD,0x53D1,0x53D4,0x53D6,
    0x53D7,0x53D8,0x53D9,0x53DB,0x53E0,0x53E3,0x53E4,0x53E5,0x53E6,0x53EA,0x53EB,0x53EC,
    0x53ED,0x53EE,0x53EF,0x53F0,0x53F2,0x53F3,0x53F6,0x53F7,0x53F8,0x53F9,0x53FC,0x5401,
    0x5403,0x5404,0x5408,0x5409,0x540A,0x540C,0x540D,0x540E,0x540F,0x5410,0x5411,0x5413,
    0x5415,0x5417,0x541B,0x541D,0x541E,0x541F,0x5420,0x5426,0x5427,0x5428,0x5429,0x542B,
    0x542C,0x542D,0x542F,0x5431,0x5434,0x5435,0x5438,0x5439,0x543B,0x543C,0x543E,0x5440,
    0x5446,0x5448,0x544A,0x5450,0x5455,0x5458,0x545B,0x545C,0x5462,0x5468,0x5473,0x5475,
    0x5478,0x547B,0x547C,0x547D,0x5480,0x5486,0x548B,0x548C,0x548F,0x5490,0x5492,0x5495,
    0x5496,0x5499,0x54A8,0x54AC,0x54AF,0x54B1,0x54B3,0x54B8,0x54BD,0x54C0,0x54C1,0x54C4,
    0x54C6,0x54C7,0x54C8,0x54CD,0x54CE,0x54D1,0x54D7,0x54DF,0x54E5,0x54E6,0x54E8,0x54E9,
    0x54EA,0x54ED,0x54EE,0x54F2,0x54FA,0x54FC,0x5507,0x5509,0x5510,0x5524,0x552C,0x552E,
    0x552F,0x5531,0x553E,0x5543,0x5546,0x554A,0x5561,0x5564,0x5565,0x5566,0x556A,0x556E,
    0x5578,0x557C,0x5580,0x5582,0x5584,0x5587,0x5589,0x558A,0x5598,0x559C,0x559D,0x55A7,
    0x55B1,0x55B3,0x55B7,0x55BB,0x55C5,0x55D3,0x55DC,0x55E1,0x55E3,0x55E6,0x55EF,0x55FD,
    0x5609,0x560E,0x5618,0x561B,0x561F,0x5631,0x5632,0x5634,0x5636,0x563B,0x563F,0x564E,
    0x5654,0x5657,0x5662,0x5668,0x566A,0x5676,0x568E,0x56A3,0x56B7,0x56BC,0x56CA,0x56DA,
    0x56DB,0x56DE,0x56E0,0x56E2,0x56E4,0x56ED,0x56F0,0x56F1,0x56F4,0x56FA,0x56FD,0x56FE,
    0x5703,0x5706,0x5708,0x571F,0x5723,0x5728,0x572D,0x5730,0x573A,0x573E,0x5740,0x5747,
    0x574A,0x574D,0x574E,0x574F,0x5750,0x5751,0x5757,0x575A,0x575B,0x575D,0x575F,0x5760,
    0x5761,0x5764,0x5766,0x576A,0x5777,0x5782,0x5783,0x5784,0x578B,0x5792,0x579B,0x57A2,
    0x57A6,0x57AB,0x57AE,0x57C2,0x57C3,0x57CB,0x57CE,0x57D4,0x57DF,0x57E0,0x57F9,0x57FA,
    0x5802,0x5806,0x5811,0x5815,0x5821,0x5824,0x582A,0x5835,0x584C,0x5851,0x5854,0x5858,
    0x585E,0x586B,0x5883,0x5893,0x5899,0x589E,0x589F,0x58A8,0x58A9,0x58C1,0x58D5,0x58E4,
    0x58EB,0x58EE,0x58F0,0x58F3,0x58F6,0x58F9,0x5904,0x5907,0x590D,0x590F,0x5915,0x5916,
    0x591A,0x591C,0x591F,0x5927,0x5929,0x592A,0x592B,0x592E,0x5931,0x5934,0x5937,0x5938,
    0x5939,0x593A,0x5944,0x5947,0x5948,0x5949,0x594B,0x594E,0x594F,0x5951,0x5954,0x5956,
    0x5957,0x5960,0x5962,0x5965,0x5973,0x5974,0x5976,0x5978,0x5979,0x597D,0x5982,0x5984,
    0x5986,0x5987,0x5988,0x598A,0x5992,0x5993,0x5996,0x5999,0x59A5,0x59A8,0x59AE,0x59B9,
    0x59BB,0x59C6,0x59CB,0x59D0,0x59D1,0x59D3,0x59D4,0x59DA,0x59DC,0x59E5,0x59E8,0x59EC,
    0x59FB,0x59FF,0x5A01,0x5A03,0x5A04,0x5A07,0x5A18,0x5A1C,0x5A1F,0x5A20,0x5A25,0x5A31,
    0x5A36,0x5A46,0x5A49,0x5A5A,0x5A6A,0x5A74,0x5A76,0x5A92,0x5A9A,0x5AB3,0x5AC1,0x5AC2,
    0x5AC9,0x5ACC,0x5AE1,0x5AE9,0x5B50,0x5B54,0x5B55,0x5B57,0x5B58,0x5B59,0x5B5D,0x5B5F,
    0x5B63,0x5B64,0x5B66,0x5B69,0x5B6A,0x5B70,0x5B75,0x5B7A,0x5B7D,0x5B81,0x5B83,0x5B85,
    0x5B87,0x5B88,0x5B89,0x5B8B,0x5B8C,0x5B8F,0x5B97,0x5B98,0x5B99,0x5B9A,0x5B9B,0x5B9C,
    0x5B9D,0x5B9E,0x5BA0,0x5BA1,0x5BA2,0x5BA3,0x5BA4,0x5BA6,0x5BAA,0x5BAB,0x5BB0,0x5BB3,
    0x5BB4,0x5BB5,0x5BB6,0x5BB9,0x5BBD,0x5BBE,0x5BBF,0x5BC2,0x5BC4,0x5BC5,0x5BC6,0x5BC7,
    0x5BCC,0x5BD0,0x5BD2,0x5BD3,0x5BDD,0x5BDE,0x5BDF,0x5BE1,0x5BE5,0x5BE8,0x5BF8,0x5BF9,
    0x5BFA,0x5BFB,0x5BFC,0x5BFF,0x5C01,0x5C04,0x5C06,0x5C09,0x5C0A,0x5C0F,0x5C11,0x5C14,
    0x5C16,0x5C18,0x5C1A,0x5C1D,0x5C24,0x5C27,0x5C2C,0x5C31,0x5C38,0x5C39,0x5C3A,0x5C3C,
    0x5C3D,0x5C3E,0x5C3F,0x5C40,0x5C41,0x5C42,0x5C45,0x5C48,0x5C4A,0x5C4B,0x5C4E,0x5C4F,
    0x5C51,0x5C55,0x5C5E,0x5C60,0x5C61,0x5C65,0x5C6F,0x5C71,0x5C79,0x5C7F,0x5C81,0x5C82,
    0x5C94,0x5C97,0x5C9B,0x5CA9,0x5CAD,0x5CB3,0x5CB8,0x5CD9,0x5CE1,0x5CE6,0x5CE8,0x5CED,
    0x5CF0,0x5CFB,0x5D07,0x5D0E,0x5D14,0x5D16,0x5D29,0x5D2D,0x5D4C,0x5DCD,0x5DDD,0x5DDE,
    0x5DE1,0x5DE2,0x5DE5,0x5DE6,0x5DE7,0x5DE8,0x5DE9,0x5DEB,0x5DEE,0x5DF1,0x5DF2,0x5DF3,
    0x5DF4,0x5DF7,0x5DFE,0x5E01,0x5E02,0x5E03,0x5E05,0x5E06,0x5E08,0x5E0C,0x5E10,0x5E15,
    0x5E16,0x5E18,0x5E1A,0x5E1B,0x5E1C,0x5E1D,0x5E26,0x5E27,0x5E2D,0x5E2E,0x5E38,0x5E3D,
    0x5E45,0x5E4C,0x5E55,0x5E62,0x5E72,0x5E73,0x5E74,0x5E76,0x5E78,0x5E7B,0x5E7C,0x5E7D,
    0x5E7F,0x5E84,0x5E86,0x5E87,0x5E8A,0x5E8F,0x5E90,0x5E93,0x5E94,0x5E95,0x5E97,0x5E99,
    0x5E9A,0x5E9C,0x5E9E,0x5E9F,0x5EA6,0x5EA7,0x5EAD,0x5EB6,0x5EB7,0x5EB8,0x5EC9,0x5ECA,
    0x5ED3,0x5ED6,0x5EF6,0x5EF7,0x5EFA,0x5F00,0x5F02,0x5F03,0x5F04,0x5F0A,0x5F0F,0x5F13,
    0x5F15,0x5F17,0x5F18,0x5F1B,0x5F1F,0x5F20,0x5F25,0x5F26,0x5F27,0x5F2F,0x5F31,0x5F39,
    0x5F3A,0x5F52,0x5F53,0x5F55,0x5F62,0x5F64,0x5F66,0x5F69,0x5F6A,0x5F6C,0x5F6D,0x5F70,
    0x5F71,0x5F79,0x5F7B,0x5F7C,0x5F80,0x5F81,0x5F84,0x5F85,0x5F88,0x5F8A,0x5F8B,0x5F90,
    0x5F92,0x5F97,0x5F98,0x5FA1,0x5FAA,0x5FAE,0x5FB7,0x5FBD,0x5FC3,0x5FC5,0x5FC6,0x5FCC,
    0x5FCD,0x5FD7,0x5FD8,0x5FD9,0x5FE0,0x5FE7,0x5FEB,0x5FF1,0x5FF5,0x5FFB,0x5FFD,0x5FFF,
    0x6000,0x6001,0x6002,0x600E,0x6012,0x6014,0x6015,0x6016,0x601C,0x601D,0x6020,0x6025,
    0x6027,0x6028,0x602A,0x602F,0x603B,0x6043,0x604B,0x604D,0x6050,0x6052,0x6055,0x6062,
    0x6068,0x6069,0x606B,0x606C,0x606D,0x606F,0x6070,0x6073,0x6076,0x607C,0x607F,0x6084,
    0x6089,0x608D,0x6094,0x609F,0x60A0,0x60A3,0x60A6,0x60A8,0x60AC,0x60AF,0x60B2,0x60BC,
    0x60C5,0x60CA,0x60CB,0x60D1,0x60D5,0x60DC,0x60DF,0x60E0,0x60E6,0x60E7,0x60E8,0x60E9,
    0x60EB,0x60ED,0x60EE,0x60EF,0x60F0,0x60F3,0x60F6,0x60F9,0x60FA,0x6101,0x6108,0x6109,
    0x610F,0x611A,0x611F,0x6124,0x6127,0x613F,0x6148,0x614C,0x614E,0x6151,0x6155,0x6162,
    0x6167,0x6168,0x6170,0x6177,0x618B,0x618E,0x61A8,0x61BE,0x61C2,0x61C8,0x61CA,0x61D2,
    0x61E6,0x6208,0x620A,0x620E,0x620F,0x6210,0x6211,0x6212,0x6216,0x6218,0x621A,0x622A,
    0x622E,0x6233,0x6234,0x6237,0x623F,0x6240,0x6241,0x6247,0x624B,0x624D,0x624E,0x6251,
    0x6252,0x6253,0x6254,0x6258,0x625B,0x6263,0x6266,0x6267,0x6269,0x626B,0x626C,0x626D,
    0x626E,0x626F,0x6270,0x6273,0x6276,0x6279,0x627C,0x627E,0x627F,0x6280,0x6284,0x6289,
    0x628A,0x6291,0x6292,0x6293,0x6295,0x6296,0x6297,0x6298,0x629A,0x629B,0x62A0,0x62A1,
    0x62A2,0x62A4,0x62A5,0x62A8,0x62AB,0x62AC,0x62B1,0x62B5,0x62B9,0x62BC,0x62BD,0x62BF,
    0x62C2,0x62C4,0x62C5,0x62C6,0x62C7,0x62C8,0x62C9,0x62CC,0x62CD,0x62CE,0x62D0,0x62D2,
    0x62D3,0x62D4,0x62D6,0x62D8,0x62DB,0x62DC,0x62DF,0x62E2,0x62E3,0x62E5,0x62E6,0x62E7,
    0x62E8,0x62E9,0x62EC,0x62ED,0x62EF,0x62F1,0x62F3,0x62F4,0x62F7,0x62FC,0x62FE,0x62FF,
    0x6301,0x6302,0x6307,0x6309,0x630E,0x6311,0x6316,0x631A,0x631B,0x631E,0x631F,0x6320,
    0x6321,0x6323,0x6324,0x6325,0x6328,0x632A,0x632B,0x632F,0x633A,0x633D,0x6342,0x6345,
    0x6346,0x6349,0x634C,0x634D,0x634E,0x634F,0x6350,0x6355,0x635E,0x635F,0x6361,0x6362,
    0x6363,0x6367,0x636E,0x6376,0x6377,0x637B,0x6380,0x6387,0x6388,0x6389,0x638C,0x638F,
    0x6390,0x6392,0x6396,0x6398,0x63A0,0x63A2,0x63A3,0x63A5,0x63A7,0x63A8,0x63A9,0x63AA,
    0x63B3,0x63B7,0x63BA,0x63C9,0x63CD,0x63CF,0x63D0,0x63D2,0x63E1,0x63E3,0x63E9,0x63EA,
    0x63ED,0x63F4,0x63FD,0x6400,0x6401,0x6402,0x6405,0x640F,0x6410,0x6413,0x6414,0x641C,
    0x641E,0x642C,0x642D,0x643A,0x643D,0x6444,0x6446,0x6447,0x6448,0x644A,0x6454,0x6458,
    0x6467,0x6469,0x6478,0x6479,0x6482,0x6485,0x6487,0x6491,0x6492,0x6495,0x649E,0x64A4,
    0x64A9,0x64AD,0x64AE,0x64B0,0x64BC,0x64C2,0x64C5,0x64CD,0x64CE,0x64D2,0x64E6,0x6500,
    0x6512,0x652B,0x652F,0x6536,0x6539,0x653B,0x653E,0x653F,0x6545,0x6548,0x654C,0x654F,
    0x6551,0x6556,0x6559,0x655B,0x655E,0x6562,0x6563,0x6566,0x656C,0x6570,0x6572,0x6574,
    0x6577,0x6587,0x658B,0x658C,0x6591,0x6597,0x6599,0x659C,0x659F,0x65A4,0x65A5,0x65A7,
    0x65A9,0x65AD,0x65AF,0x65B0,0x65B9,0x65BD,0x65C1,0x65C5,0x65CB,0x65CF,0x65D7,0x65E0,
    0x65E2,0x65E5,0x65E6,0x65E7,0x65E8,0x65E9,0x65EC,0x65ED,0x65F1,0x65F6,0x65F7,0x65FA,
    0x6602,0x6606,0x660C,0x660E,0x660F,0x6613,0x6614,0x661F,0x6620,0x6625,0x6627,0x6628,
    0x662D,0x662F,0x663C,0x663E,0x6643,0x664B,0x6652,0x6653,0x6655,0x665A,0x6664,0x6666,
    0x6668,0x666E,0x666F,0x6670,0x6674,0x6676,0x667A,0x667E,0x6682,0x6687,0x6691,0x6696,
    0x6697,0x66AE,0x66B4,0x66D9,0x66DD,0x66F0,0x66F2,0x66F3,0x66F4,0x66F9,0x66FC,0x66FE,
    0x66FF,0x6700,0x6708,0x6709,0x670B,0x670D,0x6714,0x6717,0x671B,0x671D,0x671F,0x6728,
    0x672A,0x672B,0x672C,0x672D,0x672F,0x6731,0x6734,0x6735,0x673A,0x673D,0x6740,0x6742,
    0x6743,0x6746,0x6749,0x674E,0x674F,0x6750,0x6751,0x6756,0x675C,0x675F,0x6760,0x6761,
    0x6765,0x6768,0x676D,0x676F,0x6770,0x677E,0x677F,0x6781,0x6784,0x6789,0x6790,0x6795,
    0x6797,0x679A,0x679C,0x679D,0x67A2,0x67A3,0x67AA,0x67AB,0x67AF,0x67B6,0x67B7,0x67C4,
    0x67CF,0x67D0,0x67D1,0x67D2,0x67D3,0x67D4,0x67DC,0x67DE,0x67E0,0x67E5,0x67EC,0x67EF,
    0x67F1,0x67F3,0x67F4,0x67FF,0x6805,0x6807,0x6808,0x680B,0x680F,0x6811,0x6813,0x6816,
    0x6817,0x6821,0x682A,0x6837,0x6838,0x6839,0x683C,0x683D,0x6842,0x6843,0x6845,0x6846,
    0x6848,0x684C,0x6850,0x6851,0x6853,0x6854,0x6863,0x6865,0x6868,0x6869,0x6876,0x6881,
    0x6885,0x6886,0x6897,0x68A2,0x68A6,0x68A7,0x68A8,0x68AD,0x68AF,0x68B0,0x68B3,0x68C0,
    0x68C9,0x68CB,0x68CD,0x68D2,0x68D5,0x68D8,0x68DA,0x68E0,0x68EE,0x68F1,0x68F5,0x68FA,
    0x6905,0x690D,0x690E,0x6912,0x692D,0x6930,0x693F,0x6954,0x695A,0x6977,0x697C,0x6982,
    0x6986,0x6994,0x699C,0x69A8,0x69B4,0x69B7,0x69D0,0x69DB,0x69FD,0x6A0A,0x6A1F,0x6A21,
    0x6A2A,0x6A31,0x6A59,0x6A61,0x6A71,0x6A80,0x6A84,0x6AAC,0x6B20,0x6B21,0x6B22,0x6B23,
    0x6B27,0x6B32,0x6B3A,0x6B3E,0x6B47,0x6B49,0x6B4C,0x6B62,0x6B63,0x6B64,0x6B65,0x6B66,
    0x6B67,0x6B6A,0x6B79,0x6B7B,0x6B7C,0x6B83,0x6B86,0x6B89,0x6B8A,0x6B8B,0x6B96,0x6BB4,
    0x6BB5,0x6BB7,0x6BBF,0x6BC1,0x6BC5,0x6BCD,0x6BCF,0x6BD2,0x6BD4,0x6BD5,0x6BD6,0x6BD7,
    0x6BD9,0x6BDB,0x6BEB,0x6BEF,0x6C0F,0x6C11,0x6C14,0x6C16,0x6C1B,0x6C1F,0x6C22,0x6C27,
    0x6C28,0x6C2E,0x6C2F,0x6C30,0x6C34,0x6C38,0x6C41,0x6C42,0x6C47,0x6C49,0x6C50,0x6C55,
    0x6C57,0x6C5B,0x6C5D,0x6C5E,0x6C5F,0x6C60,0x6C61,0x6C64,0x6C6A,0x6C70,0x6C72,0x6C79,
    0x6C7D,0x6C7E,0x6C81,0x6C83,0x6C88,0x6C89,0x6C99,0x6C9B,0x6C9F,0x6CA1,0x6CA4,0x6CA5,
    0x6CA6,0x6CA7,0x6CAA,0x6CAB,0x6CAE,0x6CB3,0x6CB8,0x6CB9,0x6CBB,0x6CBC,0x6CBD,0x6CBE,
    0x6CBF,0x6CC4,0x6CC5,0x6CC9,0x6CCA,0x6CCC,0x6CD5,0x6CDB,0x6CDE,0x6CE1,0x6CE2,0x6CE3,
    0x6CE5,0x6CE8,0x6CEA,0x6CF0,0x6CF3,0x6CF5,0x6CFB,0x6CFC,0x6CFD,0x6D01,0x6D0B,0x6D12,
    0x6D17,0x6D1B,0x6D1E,0x6D25,0x6D2A,0x6D31,0x6D32,0x6D3B,0x6D3C,0x6D3D,0x6D3E,0x6D41,
    0x6D45,0x6D46,0x6D47,0x6D4A,0x6D4B,0x6D4E,0x6D4F,0x6D51,0x6D53,0x6D59,0x6D5A,0x6D66,
    0x6D69,0x6D6A,0x6D6E,0x6D74,0x6D77,0x6D78,0x6D82,0x6D85,0x6D88,0x6D89,0x6D8C,0x6D8E,
    0x6D95,0x6D9B,0x6D9D,0x6D9F,0x6DA1,0x6DA3,0x6DA4,0x6DA6,0x6DA7,0x6DA8,0x6DA9,0x6DAF,
    0x6DB2,0x6DB5,0x6DB8,0x6DC0,0x6DC6,0x6DCB,0x6DCC,0x6DD1,0x6DD8,0x6DE1,0x6DE4,0x6DEB,
    0x6DEC,0x6DEE,0x6DF1,0x6DF3,0x6DF7,0x6DF9,0x6DFB,0x6E05,0x6E0A,0x6E0D,0x6E10,0x6E14,
    0x6E17,0x6E1D,0x6E20,0x6E21,0x6E23,0x6E24,0x6E29,0x6E2D,0x6E2F,0x6E32,0x6E34,0x6E38,
    0x6E3A,0x6E43,0x6E56,0x6E58,0x6E5B,0x6E7E,0x6E7F,0x6E83,0x6E85,0x6E89,0x6E90,0x6E9C,
    0x6EA2,0x6EAA,0x6EB6,0x6EBA,0x6EC7,0x6ECB,0x6ED1,0x6ED4,0x6EDA,0x6EDE,0x6EE1,0x6EE4,
    0x6EE5,0x6EE6,0x6EE8,0x6EE9,0x6EF4,0x6F02,0x6F06,0x6F0F,0x6F13,0x6F14,0x6F20,0x6F2B,
    0x6F3E,0x6F4D,0x6F58,0x6F5C,0x6F5E,0x6F66,0x6F6D,0x6F6E,0x6F84,0x6F88,0x6F8E,0x6F9C,
    0x6FA1,0x6FB3,0x6FC0,0x6FD2,0x7011,0x704C,0x706B,0x706D,0x706F,0x7070,0x7075,0x7076,
    0x707E,0x707F,0x7089,0x708A,0x708E,0x7092,0x7094,0x7095,0x7099,0x70AC,0x70AD,0x70AE,
    0x70AF,0x70B3,0x70B8,0x70B9,0x70BC,0x70BD,0x70C1,0x70C2,0x70C3,0x70C8,0x70D8,0x70D9,
    0x70DB,0x70DF,0x70E4,0x70E6,0x70E7,0x70E9,0x70EB,0x70EC,0x70ED,0x70EF,0x70F7,0x70F9,
    0x70FD,0x7109,0x710A,0x7115,0x7119,0x711A,0x7126,0x7130,0x7136,0x714C,0x714E,0x715E,
    0x7164,0x7167,0x716E,0x717D,0x7184,0x718A,0x718F,0x7194,0x7199,0x719F,0x71AC,0x71C3,
    0x71CE,0x71D5,0x71E5,0x7206,0x722A,0x722C,0x7231,0x7235,0x7236,0x7237,0x7238,0x7239,
    0x723D,0x7247,0x7248,0x724C,0x7259,0x725B,0x725F,0x7261,0x7262,0x7267,0x7269,0x7272,
    0x7275,0x7279,0x727A,0x7280,0x7281,0x728A,0x72AC,0x72AF,0x72B6,0x72B9,0x72C2,0x72C4,
    0x72C8,0x72D0,0x72D7,0x72D9,0x72DE,0x72E0,0x72E1,0x72EC,0x72ED,0x72EE,0x72F0,0x72F1,
    0x72F8,0x72FC,0x730E,0x7316,0x731B,0x731C,0x7329,0x732A,0x732B,0x732E,0x7334,0x733E,
    0x733F,0x736D,0x7384,0x7387,0x7389,0x738B,0x7396,0x739B,0x73A9,0x73AB,0x73AF,0x73B0,
    0x73B2,0x73BB,0x73CA,0x73CD,0x73D0,0x73E0,0x73ED,0x7403,0x7405,0x7406,0x7409,0x7410,
    0x7422,0x7433,0x7434,0x7435,0x7436,0x743C,0x745A,0x745E,0x745F,0x7470,0x7476,0x7483,
    0x74DC,0x74E2,0x74E3,0x74E6,0x74EE,0x74F6,0x74F7,0x7504,0x7518,0x751A,0x751C,0x751F,
    0x7525,0x7528,0x7529,0x752B,0x752D,0x7530,0x7531,0x7532,0x7533,0x7535,0x7537,0x7538,
    0x753B,0x7545,0x754C,0x754F,0x7554,0x7559,0x755C,0x7565,0x756A,0x7574,0x7578,0x7586,
    0x758F,0x7591,0x7597,0x7599,0x759F,0x75A1,0x75A4,0x75A5,0x75AB,0x75AE,0x75AF,0x75B2,
    0x75B9,0x75BC,0x75BD,0x75BE,0x75C5,0x75C7,0x75C9,0x75CA,0x75D2,0x75D4,0x75D5,0x75D8,
    0x75DB,0x75DE,0x75E2,0x75EA,0x75F0,0x75F4,0x7601,0x761F,0x7624,0x7626,0x7629,0x762A,
    0x762B,0x7638,0x764C,0x7678,0x767B,0x767D,0x767E,0x7682,0x7684,0x7686,0x7687,0x7696,
    0x76AE,0x76B1,0x76BF,0x76C5,0x76C6,0x76C8,0x76CA,0x76CE,0x76CF,0x76D0,0x76D1,0x76D2,
    0x76D4,0x76D6,0x76D7,0x76D8,0x76DB,0x76DF,0x76EE,0x76EF,0x76F2,0x76F4,0x76F8,0x76FC,
    0x76FE,0x7701,0x7709,0x770B,0x771F,0x7720,0x7728,0x7729,0x772F,0x7736,0x7737,0x773A,
    0x773C,0x7740,0x7741,0x775B,0x7761,0x7763,0x7766,0x776B,0x776C,0x7779,0x7784,0x7785,
    0x778E,0x7792,0x77A5,0x77A7,0x77A9,0x77AA,0x77AC,0x77B3,0x77BB,0x77DB,0x77E2,0x77E3,
    0x77E5,0x77E9,0x77EB,0x77ED,0x77EE,0x77F3,0x77FD,0x77FE,0x77FF,0x7801,0x7802,0x780C,
    0x780D,0x7814,0x7816,0x7827,0x7830,0x7834,0x7837,0x7838,0x783E,0x7840,0x7845,0x7852,
    0x7855,0x785D,0x786B,0x786C,0x786E,0x787C,0x788C,0x788D,0x788E,0x7891,0x7897,0x7898,
    0x789F,0x78A7,0x78B0,0x78B1,0x78B3,0x78B4,0x78C1,0x78C5,0x78CA,0x78CB,0x78D0,0x78D5,
    0x78E8,0x78F7,0x78FA,0x7901,0x793A,0x793C,0x793E,0x7941,0x7948,0x7956,0x795D,0x795E,
    0x795F,0x7965,0x7968,0x796D,0x7977,0x7978,0x7981,0x7984,0x798F,0x79B9,0x79BB,0x79BD,
    0x79BE,0x79C0,0x79C1,0x79C3,0x79C6,0x79C9,0x79CB,0x79CD,0x79D1,0x79D2,0x79D8,0x79DF,
    0x79E4,0x79E6,0x79E7,0x79E9,0x79EF,0x79F0,0x79F8,0x79FB,0x79FD,0x7A00,0x7A0B,0x7A0D,
    0x7A0E,0x7A1A,0x7A20,0x7A33,0x7A3B,0x7A3C,0x7A3D,0x7A3F,0x7A46,0x7A57,0x7A74,0x7A76,
    0x7A77,0x7A7A,0x7A7F,0x7A81,0x7A83,0x7A84,0x7A8D,0x7A91,0x7A92,0x7A96,0x7A97,0x7A98,
    0x7A9C,0x7A9D,0x7A9F,0x7AA5,0x7ABF,0x7ACB,0x7AD6,0x7AD9,0x7ADE,0x7ADF,0x7AE0,0x7AE3,
    0x7AE5,0x7AED,0x7AEF,0x7AF9,0x7AFF,0x7B06,0x7B0B,0x7B11,0x7B14,0x7B1B,0x7B26,0x7B28,
    0x7B2C,0x7B3A,0x7B3C,0x7B49,0x7B4B,0x7B4F,0x7B50,0x7B51,0x7B52,0x7B54,0x7B56,0x7B5B,
    0x7B77,0x7B79,0x7B7E,0x7B80,0x7B8D,0x7B94,0x7B95,0x7B97,0x7BA1,0x7BA9,0x7BAD,0x7BB1,
    0x7BC7,0x7BD3,0x7BE1,0x7BEE,0x7BF1,0x7BF7,0x7C07,0x7C27,0x7C3F,0x7C4D,0x7C73,0x7C7B,
    0x7C7D,0x7C89,0x7C92,0x7C95,0x7C97,0x7C98,0x7C9F,0x7CA4,0x7CA5,0x7CAA,0x7CAE,0x7CB1,
    0x7CB3,0x7CB9,0x7CBE,0x7CCA,0x7CD5,0x7CD6,0x7CD9,0x7CDF,0x7CE0,0x7CEF,0x7CFB,0x7D20,
    0x7D22,0x7D27,0x7D2B,0x7D2F,0x7D6E,0x7E41,0x7E82,0x7EA0,0x7EA2,0x7EA4,0x7EA6,0x7EA7,
    0x7EAA,0x7EAB,0x7EAC,0x7EAF,0x7EB1,0x7EB2,0x7EB3,0x7EB5,0x7EB6,0x7EB7,0x7EB8,0x7EB9,
    0x7EBA,0x7EBD,0x7EBF,0x7EC3,0x7EC4,0x7EC5,0x7EC6,0x7EC7,0x7EC8,0x7ECA,0x7ECD,0x7ECF,
    0x7ED1,0x7ED2,0x7ED3,0x7ED5,0x7ED8,0x7ED9,0x7EDC,0x7EDD,0x7EDE,0x7EDF,0x7EE2,0x7EE3,
    0x7EE5,0x7EE7,0x7EE9,0x7EEA,0x7EED,0x7EF0,0x7EF3,0x7EF4,0x7EF5,0x7EF7,0x7EF8,0x7EFC,
    0x7EFF,0x7F05,0x7F06,0x7F09,0x7F0E,0x7F13,0x7F14,0x7F15,0x7F16,0x7F18,0x7F1A,0x7F1D,
    0x7F20,0x7F28,0x7F29,0x7F34,0x7F38,0x7F3A,0x7F50,0x7F51,0x7F55,0x7F57,0x7F5A,0x7F62,
    0x7F69,0x7F6A,0x7F6E,0x7F72,0x7F8A,0x7F8C,0x7F8E,0x7F94,0x7F9A,0x7F9E,0x7FA1,0x7FA4,
    0x7FB9,0x7FBD,0x7FC1,0x7FC5,0x7FD4,0x7FD8,0x7FDF,0x7FE0,0x7FF0,0x7FF1,0x7FFB,0x7FFC,
    0x8000,0x8001,0x8003,0x8005,0x800C,0x800D,0x8010,0x8015,0x8017,0x8018,0x8019,0x8033,
    0x8036,0x8038,0x803B,0x803D,0x803F,0x8042,0x804A,0x804B,0x804C,0x8054,0x8058,0x805A,
    0x806A,0x8083,0x8086,0x8087,0x8089,0x808B,0x808C,0x8096,0x8098,0x809A,0x809B,0x809D,
    0x80A0,0x80A1,0x80A2,0x80A4,0x80A5,0x80A9,0x80AA,0x80AE,0x80AF,0x80B2,0x80BA,0x80BE,
    0x80BF,0x80C0,0x80C1,0x80C3,0x80C6,0x80CC,0x80CE,0x80D6,0x80DA,0x80DC,0x80DE,0x80E1,
    0x80EF,0x80F3,0x80F6,0x80F8,0x80FA,0x80FD,0x8102,0x8106,0x8109,0x810A,0x810F,0x8110,
    0x8111,0x8113,0x8116,0x811A,0x812F,0x8131,0x8138,0x813E,0x814A,0x814B,0x8150,0x8151,
    0x8154,0x8155,0x8165,0x816E,0x8170,0x8179,0x817A,0x817B,0x817E,0x817F,0x8180,0x818A,
    0x818F,0x8198,0x819B,0x819C,0x819D,0x81A8,0x81B3,0x81C0,0x81C2,0x81C6,0x81E3,0x81EA,
    0x81ED,0x81F3,0x81F4,0x81FB,0x81FC,0x8200,0x8205,0x820C,0x820D,0x8212,0x8214,0x821C,
    0x821E,0x821F,0x822A,0x822C,0x8230,0x8231,0x8235,0x8236,0x8237,0x8239,0x8247,0x8258,
    0x826F,0x8270,0x8272,0x8273,0x827A,0x827E,0x8282,0x828B,0x828D,0x8292,0x829C,0x829D,
    0x82A5,0x82A6,0x82AC,0x82AD,0x82AF,0x82B1,0x82B3,0x82B9,0x82BD,0x82C7,0x82CD,0x82CF,
    0x82D1,0x82D4,0x82D7,0x82DB,0x82DE,0x82DF,0x82E5,0x82E6,0x82EF,0x82F1,0x82F9,0x8302,
    0x8303,0x8304,0x8305,0x830E,0x8327,0x8328,0x832B,0x832C,0x8335,0x8336,0x8338,0x8339,
    0x8346,0x8349,0x8350,0x8352,0x8354,0x835A,0x8361,0x8363,0x8364,0x8367,0x836B,0x836F,
    0x8377,0x8386,0x8389,0x838E,0x83AB,0x83B1,0x83B2,0x83B7,0x83B9,0x83BD,0x83C7,0x83CA,
    0x83CC,0x83CF,0x83DC,0x83E0,0x83E9,0x83F1,0x83F2,0x8404,0x840C,0x840D,0x840E,0x841D,
    0x8424,0x8425,0x8427,0x8428,0x843D,0x8457,0x845B,0x8461,0x8463,0x846B,0x846C,0x8471,
    0x8475,0x8482,0x848B,0x8499,0x849C,0x84B2,0x84B8,0x84C4,0x84C9,0x84DD,0x84EC,0x8511,
    0x8513,0x8517,0x851A,0x8521,0x852C,0x8537,0x853C,0x853D,0x8549,0x854A,0x8574,0x857E,
    0x8584,0x859B,0x85AA,0x85AF,0x85C9,0x85CF,0x85D0,0x85D5,0x85E4,0x85E9,0x85FB,0x8611,
    0x864E,0x864F,0x8650,0x8651,0x865A,0x865E,0x866B,0x8671,0x8679,0x867D,0x867E,0x8680,
    0x8681,0x8682,0x868A,0x868C,0x8695,0x869C,0x86A4,0x86C0,0x86C6,0x86C7,0x86CA,0x86CB,
    0x86D4,0x86D9,0x86DB,0x86E4,0x86EE,0x86F0,0x86FE,0x8700,0x8702,0x8712,0x8715,0x8717,
    0x8718,0x871C,0x8721,0x8747,0x8749,0x874E,0x8757,0x8760,0x8774,0x8776,0x878D,0x879F,
    0x87BA,0x87F9,0x8815,0x8822,0x8840,0x8845,0x884C,0x884D,0x8854,0x8857,0x8859,0x8861,
    0x8863,0x8865,0x8868,0x886B,0x886C,0x8870,0x8877,0x8881,0x8884,0x888B,0x888D,0x8892,
    0x8896,0x889C,0x88AB,0x88AD,0x88C1,0x88C2,0x88C5,0x88D5,0x88D9,0x88E4,0x88F3,0x88F4,
    0x88F8,0x88F9,0x8902,0x8910,0x8912,0x8925,0x892A,0x8944,0x895F,0x897F,0x8981,0x8986,
    0x89C1,0x89C2,0x89C4,0x89C5,0x89C6,0x89C8,0x89C9,0x89D2,0x89E3,0x89E6,0x8A00,0x8A89,
    0x8A93,0x8B66,0x8B6C,0x8BA1,0x8BA2,0x8BA4,0x8BA5,0x8BA8,0x8BA9,0x8BAB,0x8BAD,0x8BAE,
    0x8BAF,0x8BB0,0x8BB2,0x8BB3,0x8BB6,0x8BB8,0x8BB9,0x8BBA,0x8BBC,0x8BBD,0x8BBE,0x8BBF,
    0x8BC0,0x8BC1,0x8BC4,0x8BC5,0x8BC6,0x8BC8,0x8BC9,0x8BCA,0x8BCC,0x8BCD,0x8BD1,0x8BD5,
    0x8BD7,0x8BDA,0x8BDB,0x8BDD,0x8BDE,0x8BE1,0x8BE2,0x8BE3,0x8BE5,0x8BE6,0x8BE7,0x8BEB,
    0x8BEC,0x8BED,0x8BEF,0x8BF1,0x8BF2,0x8BF4,0x8BF5,0x8BF7,0x8BF8,0x8BFA,0x8BFB,0x8BFD,
    0x8BFE,0x8C01,0x8C03,0x8C05,0x8C08,0x8C0A,0x8C0B,0x8C0D,0x8C0E,0x8C10,0x8C13,0x8C17,
    0x8C1C,0x8C22,0x8C23,0x8C24,0x8C26,0x8C28,0x8C2C,0x8C2D,0x8C30,0x8C31,0x8C34,0x8C37,
    0x8C41,0x8C46,0x8C4C,0x8C61,0x8C62,0x8C6A,0x8C6B,0x8C79,0x8C7A,0x8C89,0x8C8C,0x8D1D,
    0x8D1E,0x8D1F,0x8D21,0x8D22,0x8D23,0x8D24,0x8D25,0x8D26,0x8D27,0x8D28,0x8D29,0x8D2A,
    0x8D2B,0x8D2C,0x8D2D,0x8D2E,0x8D2F,0x8D30,0x8D31,0x8D34,0x8D35,0x8D37,0x8D38,0x8D39,
    0x8D3A,0x8D3C,0x8D3E,0x8D3F,0x8D41,0x8D42,0x8D44,0x8D4A,0x8D4B,0x8D4C,0x8D4E,0x8D4F,
    0x8D50,0x8D54,0x8D56,0x8D58,0x8D5A,0x8D5B,0x8D5E,0x8D60,0x8D61,0x8D62,0x8D63,0x8D64,
    0x8D66,0x8D6B,0x8D70,0x8D74,0x8D75,0x8D76,0x8D77,0x8D81,0x8D85,0x8D8A,0x8D8B,0x8D9F,
    0x8DA3,0x8DB3,0x8DB4,0x8DBE,0x8DC3,0x8DCB,0x8DCC,0x8DD1,0x8DDD,0x8DDF,0x8DE8,0x8DEA,
    0x8DEF,0x8DF3,0x8DF5,0x8DFA,0x8E0A,0x8E0C,0x8E0F,0x8E1E,0x8E22,0x8E29,0x8E2A,0x8E44,
    0x8E48,0x8E4B,0x8E66,0x8E6C,0x8E6D,0x8E72,0x8E7F,0x8E81,0x8EAB,0x8EAC,0x8EAF,0x8EB2,
    0x8EBA,0x8F66,0x8F67,0x8F68,0x8F69,0x8F6C,0x8F6E,0x8F6F,0x8F70,0x8F74,0x8F7B,0x8F7D,
    0x8F7F,0x8F83,0x8F85,0x8F86,0x8F88,0x8F89,0x8F8A,0x8F90,0x8F91,0x8F93,0x8F96,0x8F97,
    0x8F99,0x8F9B,0x8F9C,0x8F9E,0x8F9F,0x8FA3,0x8FA8,0x8FA9,0x8FAB,0x8FB0,0x8FB1,0x8FB9,
    0x8FBD,0x8FBE,0x8FC1,0x8FC2,0x8FC4,0x8FC5,0x8FC7,0x8FC8,0x8FCE,0x8FD0,0x8FD1,0x8FD4,
    0x8FD8,0x8FD9,0x8FDB,0x8FDC,0x8FDD,0x8FDE,0x8FDF,0x8FEA,0x8FEB,0x8FED,0x8FF0,0x8FF7,
    0x8FF8,0x8FF9,0x8FFD,0x9000,0x9001,0x9002,0x9003,0x9006,0x9009,0x900A,0x900F,0x9010,
    0x9012,0x9014,0x9017,0x901A,0x901B,0x901D,0x901E,0x901F,0x9020,0x9022,0x902E,0x9038,
    0x903B,0x903C,0x9041,0x9042,0x9047,0x904D,0x904F,0x9053,0x9057,0x9063,0x9065,0x906D,
    0x906E,0x9075,0x907F,0x9080,0x9091,0x9093,0x90A2,0x90A3,0x90A6,0x90AA,0x90AE,0x90AF,
    0x90B1,0x90B5,0x90B9,0x90BB,0x90C1,0x90CA,0x90CE,0x90D1,0x90DD,0x90E1,0x90E7,0x90E8,
    0x90ED,0x90FD,0x9102,0x9119,0x9149,0x914B,0x914C,0x914D,0x9152,0x915A,0x915E,0x9163,
    0x9165,0x916A,0x916C,0x916E,0x9171,0x9175,0x9177,0x9178,0x917F,0x9187,0x9189,0x918B,
    0x9192,0x919B,0x91C7,0x91C9,0x91CA,0x91CC,0x91CD,0x91CE,0x91CF,0x91D1,0x91DC,0x9274,
    0x9488,0x9489,0x948E,0x9492,0x9493,0x9499,0x949D,0x949E,0x949F,0x94A0,0x94A1,0x94A2,
    0x94A5,0x94A6,0x94A7,0x94A9,0x94AE,0x94B1,0x94B3,0x94B5,0x94BB,0x94BE,0x94C0,0x94C1,
    0x94C2,0x94C3,0x94C5,0x94C6,0x94DC,0x94DD,0x94E3,0x94EC,0x94ED,0x94F6,0x94F8,0x94FA,
    0x94FE,0x9500,0x9501,0x9504,0x9505,0x9508,0x950B,0x950C,0x9510,0x9517,0x9519,0x951A,
    0x9521,0x9523,0x9524,0x9525,0x9526,0x9528,0x952D,0x952E,0x952F,0x9530,0x953B,0x9540,
    0x9547,0x954A,0x954D,0x9550,0x9551,0x955C,0x956D,0x9570,0x9576,0x957F,0x95E8,0x95EA,
    0x95ED,0x95EE,0x95EF,0x95F0,0x95F2,0x95F4,0x95F7,0x95F8,0x95F9,0x95FA,0x95FB,0x95FD,
    0x9600,0x9601,0x9602,0x9605,0x960E,0x9610,0x9611,0x9614,0x961C,0x961F,0x962E,0x9632,
    0x9633,0x9634,0x9635,0x9636,0x963B,0x963F,0x9640,0x9644,0x9645,0x9646,0x9647,0x9648,
    0x964B,0x964C,0x964D,0x9650,0x9655,0x965B,0x9661,0x9662,0x9664,0x9668,0x9669,0x966A,
    0x9675,0x9676,0x9677,0x9685,0x9686,0x968B,0x968F,0x9690,0x9694,0x9698,0x9699,0x969C,
    0x96A7,0x96B6,0x96BE,0x96C0,0x96C1,0x96C4,0x96C5,0x96C6,0x96C7,0x96CC,0x96CD,0x96CF,
    0x96D5,0x96E8,0x96EA,0x96F6,0x96F7,0x96F9,0x96FE,0x9700,0x9704,0x9707,0x9709,0x970D,
    0x9713,0x9716,0x971C,0x971E,0x9732,0x9738,0x9752,0x9756,0x9759,0x975E,0x9760,0x9761,
    0x9762,0x9769,0x9773,0x9774,0x9776,0x978B,0x978D,0x97A0,0x97AD,0x97E6,0x97E7,0x97E9,
    0x97ED,0x97F3,0x97F5,0x97F6,0x9875,0x9876,0x9877,0x9879,0x987A,0x987B,0x987D,0x987E,
    0x987F,0x9881,0x9882,0x9884,0x9885,0x9886,0x9887,0x9888,0x988A,0x9890,0x9891,0x9893,
    0x9896,0x9897,0x9898,0x989C,0x989D,0x98A0,0x98A4,0x98A7,0x98CE,0x98D8,0x98DE,0x98DF,
    0x9910,0x9965,0x996D,0x996E,0x996F,0x9970,0x9971,0x9972,0x9975,0x9976,0x997A,0x997C,
    0x997F,0x9985,0x9986,0x9988,0x998B,0x998F,0x9992,0x9996,0x9999,0x9A6C,0x9A6E,0x9A6F,
    0x9A70,0x9A71,0x9A73,0x9A74,0x9A76,0x9A79,0x9A7B,0x9A7C,0x9A7E,0x9A82,0x9A84,0x9A86,
    0x9A87,0x9A8B,0x9A8C,0x9A8F,0x9A91,0x9A97,0x9A9A,0x9AA1,0x9AA4,0x9AA8,0x9AB7,0x9AB8,
    0x9AC5,0x9AD3,0x9AD8,0x9B3C,0x9B41,0x9B42,0x9B44,0x9B4F,0x9B54,0x9C7C,0x9C81,0x9C8D,
    0x9C9C,0x9CA4,0x9CB8,0x9CC3,0x9CC4,0x9CD6,0x9CDE,0x9E1F,0x9E21,0x9E23,0x9E25,0x9E26,
    0x9E2D,0x9E2F,0x9E33,0x9E35,0x9E3D,0x9E3F,0x9E43,0x9E45,0x9E4A,0x9E4F,0x9E64,0x9E70,
    0x9E7F,0x9E93,0x9EA6,0x9EBB,0x9EC4,0x9ECD,0x9ECE,0x9ED1,0x9ED4,0x9ED8,0x9F0E,0x9F13,
    0x9F20,0x9F3B,0x9F50,0x9F7F,0x9F84,0x9F8B,0x9F99,0x9F9A,0x9F9F,0xFF01,0xFF08,0xFF09,
    0xFF0C,0xFF1A,0xFF1B,0xFF1F,0xFF5E,0xFFE5,
};
extern "C" const Uint16 _FontCjkIdxOfCp[3870] = {
    241,23,211,216,217,218,213,212,214,215,210,219,
    220,221,222,22,9,10,7,8,240,21,239,198,
    199,200,201,202,203,204,205,206,207,208,209,226,
    227,225,228,229,230,231,232,233,234,235,236,237,
    238,243,242,245,244,250,249,246,248,247,223,224,
    2,1,15,16,13,14,26,27,28,29,17,18,
    19,20,30,31,32,33,34,35,36,37,38,39,
    40,41,42,43,44,45,46,47,48,49,50,51,
    52,53,54,55,56,57,58,59,60,61,62,63,
    64,65,66,67,68,69,70,71,72,73,74,75,
    76,77,78,79,80,81,82,83,84,85,86,87,
    88,89,90,91,92,93,94,95,96,97,98,99,
    100,101,102,103,104,105,106,107,108,109,110,111,
    112,113,114,115,116,117,118,119,120,121,122,123,
    124,125,126,127,128,129,130,131,132,133,134,135,
    136,137,138,139,140,141,142,143,144,145,146,147,
    148,149,150,151,152,153,154,155,156,157,158,159,
    160,161,162,163,164,165,166,167,168,169,170,171,
    172,173,174,175,176,177,178,179,180,181,182,183,
    184,185,186,187,188,189,190,191,192,193,194,195,
    196,197,3381,820,2341,2983,3647,2549,2593,3117,483,3507,
    631,3800,2415,2672,2445,453,3375,689,830,2760,829,1856,
    3311,2555,1086,3295,3747,977,652,1883,2973,735,3005,3786,
    1821,1608,2143,1590,2032,3416,3713,3049,3618,1270,918,1791,
    2303,2238,2406,1146,591,3399,1591,2357,3372,3099,3154,2712,
    2002,1970,2529,2381,1870,3504,3694,2674,912,3493,1731,3560,
    1284,3059,1569,3304,3186,2987,1671,1489,1192,3412,545,1249,
    2122,3160,1564,2906,1860,2420,2499,3407,2658,2498,1547,2323,
    628,1542,1534,2508,688,1976,510,3830,2682,2815,3650,1026,
    3124,2379,727,1904,3401,3391,2049,3346,3756,1462,1429,2502,
    973,946,2358,3385,3063,1004,917,3238,3757,3472,1358,1344,
    2551,3011,649,2590,1975,3012,470,1126,344,1896,2622,2766,
    2767,740,3022,774,3794,3864,3486,2882,1232,3497,992,3867,
    2165,3460,2256,1785,3340,331,1419,2665,3721,610,1828,2683,
    836,1103,3384,3115,1954,1497,3681,520,2407,3064,1263,2419,
    429,694,895,1646,2411,1829,2783,1005,368,3498,3214,1837,
    1451,3239,1013,1618,291,387,754,1634,1267,3397,1533,560,
    1626,2161,3625,3720,2432,1427,2289,3866,2905,1463,2216,2923,
    554,1737,1025,1827,359,723,642,700,305,2571,3164,1864,
    2564,1471,2285,2525,907,3564,3534,3231,616,3660,3123,1160,
    1688,2073,869,2937,748,840,1559,2531,2470,315,1105,1915,
    1765,1112,1150,3220,450,2345,1614,796,3348,1440,2701,1401,
    2156,1054,2488,521,3576,2028,2072,2519,3197,1643,2197,1152,
    259,3533,831,987,451,617,1637,1730,3371,1803,838,1582,
    2342,3817,1852,807,1898,1453,690,1887,2187,1397,930,991,
    2308,1658,1322,771,3232,2927,300,634,1366,1202,3586,751,
    808,2504,966,2413,1660,3221,1293,1874,1911,3600,1055,658,
    633,2579,2236,2244,1826,442,1140,758,3737,2732,2474,2568,
    681,1689,1178,889,1404,2886,3170,2385,1142,1465,2876,2320,
    365,1622,2643,1452,1021,1078,1504,2276,1835,2475,347,1100,
    1421,3070,1877,834,3789,2200,1518,1823,1557,1782,2678,466,
    3469,2074,3276,1790,1662,2128,2423,2601,1114,3069,3562,363,
    687,3234,1294,382,603,1481,1723,3110,955,2283,2453,3383,
    2166,2654,2376,2639,3061,1339,346,1289,3190,381,3848,3819,
    736,2004,2147,465,479,431,3636,1653,1932,1937,3044,3027,
    2026,3440,2998,1393,2479,1969,1628,3199,2433,556,900,2901,
    1825,1822,3290,3328,518,1804,1266,3536,3148,3118,636,2464,
    3139,2550,502,3489,526,1389,3484,2741,932,914,2708,2460,
    2699,430,3255,2237,819,1703,1131,1619,1903,3726,1509,3662,
    312,822,1686,2826,2663,3485,3376,1223,2759,2848,805,3517,
    600,1087,1233,1383,810,2914,2097,1268,1819,2936,3165,3120,
    1952,2000,1644,1889,2945,3432,957,993,313,873,964,1199,
    2902,1697,2359,3707,3057,568,3081,659,3034,1265,3056,3294,
    721,590,1070,2137,2215,3539,2395,3048,2155,3759,3017,1225,
    2249,2621,1269,2098,1606,2243,3617,1231,3464,1035,3767,1124,
    1652,1918,3825,3361,1654,3578,1685,3127,3307,280,2301,1254,
    253,2960,1188,3159,278,3303,1288,269,1071,2210,2604,270,
    2136,1707,3171,3665,480,266,667,279,2855,1308,1282,2698,
    3003,559,2958,1693,2591,274,952,2279,2572,1755,2218,2181,
    3182,2881,1651,3020,2587,1751,1262,1203,651,3101,1226,3263,
    271,3609,2258,3519,3242,2554,2680,3037,2764,268,264,2780,
    1416,267,3250,1999,263,3785,565,3856,2756,3080,1243,3367,
    273,272,265,2362,3593,1036,1217,3172,2491,1494,2150,2449,
    2765,1335,3427,2938,877,3538,1744,686,3002,1138,1184,2930,
    2330,3540,2465,2935,2645,3577,1165,785,550,1367,3722,1640,
    939,2832,1663,1300,3868,1696,1718,1435,2837,323,968,3816,
    2312,1741,2843,2304,1677,663,1749,1922,3222,1797,884,1118,
    1694,797,1714,1095,276,2001,587,2328,3514,482,2251,1368,
    2852,868,2390,891,369,773,1661,853,2814,2787,2818,2851,
    2547,2889,1574,2125,2398,3604,3247,2111,872,420,1216,2490,
    2671,3810,2635,1684,1273,3382,645,389,1024,3119,3089,2967,
    882,3379,1121,720,2887,2829,994,3335,2647,2925,3388,1713,
    1418,883,3321,2347,2146,990,972,1735,3844,2360,393,1479,
    2870,802,2607,306,2202,2199,2144,1443,2817,1221,2527,2994,
    3808,1033,1992,2505,861,1413,3353,2084,2956,945,2159,2045,
    2340,2123,2668,1528,1129,3230,3010,3360,1472,1786,3394,1380,
    3431,3827,2995,2963,1926,1493,2174,2140,1625,2625,898,3505,
    2461,2315,2982,1352,1760,3443,2630,2040,2046,3100,1432,2559,
    1394,3134,782,2157,3832,1700,3569,3835,707,2805,3179,2057,
    1402,1128,3272,1190,1967,2714,997,2526,2180,2188,2816,3623,
    3510,2695,290,2775,2975,1259,3838,1151,3769,827,2981,3393,
    371,2661,620,2629,1690,3264,2689,1313,3143,1106,3574,1193,
    3332,3175,1420,2517,1721,448,2788,1407,1406,3435,2068,1705,
    1031,2044,1201,3527,2427,2115,532,1143,1867,3626,708,871,
    2763,3281,757,2696,978,2614,1473,3025,3860,3178,2603,909,
    1436,578,2594,551,3475,3356,262,1597,2652,3437,611,2163,
    1556,3013,2177,1605,2286,523,1602,2457,1537,3052,2666,2311,
    3205,3634,2723,2934,1957,1956,2946,2578,3406,3508,2800,2356,
    533,1060,755,3314,1901,3554,294,3736,3114,1965,893,2410,
    981,1645,619,261,699,3299,397,3633,2391,2996,647,3760,
    3283,567,1098,3863,2408,1613,1108,3047,534,1399,3398,2769,
    317,3162,1538,414,2687,484,2737,923,2646,3086,3648,2221,
    2900,1844,3766,471,3735,788,725,3700,3098,350,552,2029,
    1001,1326,2127,655,1043,2307,2171,458,3227,1314,3490,3471,
    1161,3806,2441,415,656,3257,1934,1711,3445,784,800,2083,
    1093,1018,2239,959,859,3869,2907,2729,1666,3461,1841,1777,
    1747,1872,3315,2904,1470,1655,3423,2365,2198,417,2669,1107,
    3438,1009,1260,606,789,3643,2062,3133,1280,2969,2541,744,
    2400,1167,746,1948,3223,2916,3330,498,437,444,2264,3642,
    3455,3408,574,408,2990,3692,1577,730,1246,1297,1961,3252,
    2931,764,2227,3520,3278,2997,763,1332,3213,418,3415,1411,
    2500,3729,2993,2018,3749,3474,1720,580,2173,3212,1271,974,
    1298,2830,2772,3603,2201,3695,2222,488,1842,2757,732,1390,
    3229,3547,1148,2416,3840,2688,1848,1327,1699,1252,2731,1333,
    1248,905,837,2892,1101,3085,2370,1695,899,2153,3468,2403,
    3087,1210,1337,3071,3473,1307,3557,2184,3265,2091,380,760,
    2438,1565,2980,1362,2884,3090,3004,1340,801,1620,506,593,
    390,505,741,1157,890,3158,1323,2496,3219,626,3521,3500,
    3413,3496,1050,975,1739,3546,677,1316,2633,2615,2129,2013,
    1338,1659,3026,1667,441,3605,1196,1209,833,3201,307,1770,
    2207,1074,3065,2510,3106,589,3043,1529,1361,3637,2339,1517,
    1950,671,724,1286,943,2813,428,2589,2693,493,3608,2321,
    311,719,2507,2949,1669,1704,2373,3719,1746,2558,3339,2192,
    342,571,2494,337,998,2274,901,3655,596,1400,562,1632,
    321,3403,2706,3798,2924,841,1670,3664,1011,2242,1702,1973,
    2401,1283,373,2261,2275,2825,372,783,2108,3291,621,2088,
    999,3783,734,536,2120,2170,1750,343,2224,1890,1147,1611,
    2957,318,2948,1599,3653,333,2164,1923,1448,3459,1762,2189,
    462,3599,1745,2675,3697,1110,2472,2739,1674,2298,2656,2135,
    602,1144,3723,292,1715,2894,2959,3730,1966,2820,3191,2151,
    747,3690,1396,1330,277,2206,713,3686,2908,2977,3060,2919,
    1743,3818,310,1207,2597,2178,1623,478,1781,2806,1449,1306,
    752,2272,1612,661,1522,2172,3121,881,2697,809,3644,2861,
    2369,2225,3374,1633,1971,2847,573,1512,1701,2939,3322,712,
    1936,3731,540,2520,3845,2078,2878,525,3045,646,1656,1585,
    1511,3537,1768,539,1073,1927,1495,467,643,711,2556,2778,
    1067,336,715,3192,531,2613,330,3355,449,2833,2734,3621,
    698,2106,2100,2101,1871,1630,2296,585,2542,2755,3809,572,
    1862,461,710,3803,1206,1798,2584,513,2435,2425,489,2230,
    3579,1631,3706,2692,1038,1099,949,3699,1136,3184,777,2090,
    1593,301,1505,1845,557,1052,2552,875,1575,2730,2402,3696,
    995,3031,3622,445,334,842,1873,3194,3674,1540,614,1015,
    3631,866,2754,3211,941,2649,2240,1955,3266,3849,2351,3053,
    1410,2509,738,1594,3727,3589,3279,3256,1208,2657,1729,2991,
    298,1742,548,2093,1351,3404,3073,3216,3458,664,2043,3862,
    3654,2679,3770,3135,1325,1551,2575,3177,3567,2978,3067,1341,
    579,2331,1571,3079,2436,1562,3738,1859,3580,3113,2717,2203,
    293,2126,374,2718,2334,3549,2455,3377,1092,516,2012,3606,
    2883,3858,3556,3483,2270,1006,2752,1779,2992,564,2336,2130,
    3015,2109,395,3611,2724,3775,2329,886,1369,3241,2567,3571,
    2467,1045,2577,1813,3228,492,706,3646,856,2727,1062,2895,
    1757,3338,1214,378,1521,2770,340,1384,1119,2988,3075,3682,
    1880,2034,1185,3705,2703,3588,2394,979,1706,1430,1417,452,
    328,2119,1046,2344,2489,2521,1175,3865,2185,529,1446,1679,
    3788,1914,537,2673,3615,436,3635,835,1761,2726,2738,2338,
    1820,3180,3773,3349,1229,1089,1081,3572,1174,2865,3001,1726,
    296,3820,2911,2553,1303,1520,750,2404,1478,3805,2918,1853,
    2035,351,1097,2596,2056,3055,1805,2808,2875,3198,2704,1445,
    2069,2346,1181,355,3836,1385,2266,2853,2563,1802,1680,1149,
    3395,3717,3812,1485,2955,3366,665,3185,640,1657,1925,1039,
    3494,1775,352,3616,1907,2481,1296,1455,515,926,3640,2103,
    1250,3442,588,3163,635,2838,3096,2052,2392,683,1301,3209,
    2211,3522,2337,1722,3187,2393,1072,3724,3698,680,485,3058,
    2348,2966,722,2761,1433,3334,726,3284,2705,504,3718,2213,
    865,3428,804,1336,3414,2124,2041,849,405,411,413,2278,
    412,2023,1219,2844,2686,2087,2363,2142,965,1002,2431,3345,
    289,739,1960,2437,2744,3467,3712,2448,1346,1213,3094,2588,
    1212,3285,2530,1109,1475,604,3050,2850,2985,2831,1392,3235,
    2366,970,2428,3046,2628,581,2569,2257,1115,2038,2217,1833,
    1977,511,1285,2113,1609,1237,960,3480,3745,3656,1127,3629,
    3320,3202,2451,2469,476,2066,920,938,2190,2248,464,2367,
    2162,3795,1801,2827,3465,400,3203,2313,3601,1525,3343,2543,
    3103,1989,839,1543,1258,911,3761,1357,2962,2371,2229,1913,
    2388,1474,1491,3824,522,1405,251,1354,2196,3672,1648,2332,
    1224,1780,1007,3526,1191,1555,2933,260,3174,2616,3466,3132,
    2885,2862,1789,1843,3041,1312,780,2539,1469,3645,2562,3301,
    3380,1200,1238,803,3176,1886,2858,2710,2867,742,3492,3434,
    704,1299,2624,668,1355,3309,2888,2434,3532,3834,1467,3502,
    2634,3501,2459,860,3610,475,3029,3023,1061,252,1687,3481,
    2082,2228,1279,3153,3639,2970,2650,1740,1468,1042,3542,1905,
    3418,3093,2516,2169,793,3828,1291,2863,1180,3744,2010,1963,
    1773,1968,447,2836,775,2293,2343,1929,1811,3325,2114,2014,
    3350,3006,2231,2386,1946,1869,2840,566,594,575,2263,1766,
    3590,308,1377,446,2335,1158,1359,2086,767,1329,1899,3596,
    3573,507,1935,660,3319,569,2477,1672,3742,1621,2849,2245,
    1583,456,3619,795,1849,615,2753,1772,2903,1876,1255,1788,
    3781,3308,1675,931,2599,1345,2860,1554,2497,3092,2974,2262,
    985,3306,1211,1311,391,969,1487,3331,2486,1324,1439,2573,
    2037,3658,3782,2580,3091,3237,3277,2515,3074,2715,302,2487,
    1866,3327,3597,377,3799,2220,286,1635,1028,3369,326,814,
    2742,2290,341,2226,3297,2191,2118,2121,1783,2133,3068,2638,
    2372,2871,3083,3095,1806,850,2473,936,3811,3479,1725,779,
    388,1277,1117,1600,2186,1247,1499,851,3116,2648,3693,3523,
    1809,1776,1878,549,2055,490,3218,3776,2020,3138,1264,1290,
    3541,2819,3267,1962,3513,2986,1588,1994,2971,2033,1302,3137,
    1891,459,2576,3673,921,3772,335,2447,1774,1812,1906,2810,
    3821,1879,2422,2277,2223,2442,1272,2536,2560,1163,3354,1836,
    1141,2294,345,2964,3039,2309,678,3676,1044,2631,2891,2636,
    2637,3470,2736,1010,399,2890,3476,1425,2620,798,2148,799,
    1292,558,1532,3018,2235,1910,3258,1972,924,623,1370,1476,
    2711,3392,1865,1077,2205,3341,316,1535,3411,653,984,2281,
    3683,2874,1601,1391,457,3701,1578,2471,3347,3743,1245,846,
    2922,2284,1830,1309,2839,601,702,3028,1912,2700,718,443,
    2835,2478,281,1173,768,327,329,3595,765,1513,1321,2979,
    2282,3768,2089,3748,2259,3454,3417,299,3630,3310,1434,1234,
    1732,1041,762,2232,2642,2053,2131,821,2017,3716,3147,2234,
    879,2641,2039,1665,3675,2070,3614,3269,2058,1728,1627,2896,
    3323,3823,3691,1561,2745,848,2132,1523,495,854,2079,630,
    3108,2007,2297,2405,3784,770,2747,2913,3627,2024,2664,3400,
    3709,1607,1496,863,283,2655,3078,927,1727,1995,2566,2361,
    1664,3312,3801,3677,2260,2316,2619,3570,1824,641,1166,3077,
    2751,3168,1908,3457,2482,2267,1941,285,2799,379,2976,794,
    815,409,2273,1447,2846,530,674,356,1795,709,2233,1681,
    2105,1881,1318,1486,2670,1816,2617,2353,2352,3850,3796,2627,
    2804,3156,2295,1403,756,1365,1552,1947,1008,3509,1810,2426,
    1230,3244,2758,2928,1051,454,2444,3753,1683,2081,2064,3846,
    599,2421,3337,3739,1372,586,1514,3390,1343,3084,592,2598,
    2746,3740,625,3035,759,1428,1371,1069,2134,2801,3273,1586,
    2443,1698,648,2929,2417,3624,2412,3358,3746,1510,654,1584,
    697,3042,1708,1733,1920,1831,2728,3638,1581,1580,3641,1647,
    2917,1524,862,3780,1047,314,2807,3183,407,778,1003,396,
    787,1437,1919,769,1539,916,1724,3793,2920,717,519,2574,
    1719,627,2378,1450,1125,469,1373,2793,1154,1985,1461,3151,
    2288,1928,696,1763,1808,2268,693,1320,486,1387,2063,1800,
    3831,971,1832,2319,691,3628,2786,3555,3763,976,1851,1854,
    1567,703,1566,1278,1066,2856,514,3585,1668,2208,3104,2784,
    2811,1545,3829,1796,3259,929,3855,1587,1261,3126,3550,1395,
    1415,2506,3014,669,2570,1059,2141,3841,1978,967,3728,3033,
    948,2194,3146,1850,3853,2626,3107,3714,3752,348,2606,1568,
    354,2518,1526,2495,1349,1088,1991,1639,1503,2921,1629,3246,
    2797,1414,1381,3260,3261,672,2640,3007,2071,398,629,3839,
    1964,2075,1771,1382,867,1305,791,1958,426,3543,1034,988,
    544,3446,2809,1502,1057,2476,1156,2989,1204,1982,915,325,
    3659,3859,3734,2719,3342,2397,2042,1065,1897,3240,3142,2485,
    1094,3512,3038,613,3155,2409,781,705,1205,303,925,3424,
    3365,1784,1673,3668,906,2733,2145,1091,1222,3559,322,908,
    3368,2771,608,733,1096,2179,1863,1917,3715,1838,2302,1610,
    684,2790,2762,3661,2522,1799,1374,3181,3765,858,1058,1048,
    555,1135,3710,996,954,1441,942,297,1692,3524,958,2632,
    3754,3651,3195,3019,737,384,2823,2241,2250,2644,362,1275,
    1717,1076,1488,3233,295,2158,3711,701,2006,1398,3582,2349,
    2152,2195,473,1498,1016,2950,1846,2280,1753,3378,1019,1017,
    2396,2984,3217,2545,3352,1029,3140,2167,2873,2941,353,474,
    1064,438,2854,2104,3088,2269,2586,2947,421,3409,576,3833,
    632,3732,3733,3678,1595,3362,1596,2610,2611,2709,2893,2749,
    3062,3758,1215,338,1464,509,888,472,3130,650,2909,2779,
    1855,1442,2561,3326,3402,284,1519,3515,2600,2015,3054,3704,
    1531,1931,962,309,3207,1287,940,2424,3296,3008,508,2781,
    3545,2824,2077,1678,361,1116,2540,1709,394,3441,2305,2027,
    934,2414,2021,1560,1444,673,2016,527,3425,528,2511,2523,
    1558,517,1454,1315,1818,1422,749,2513,1350,3450,3426,3363,
    1227,2324,1817,2565,2110,1756,1839,1360,3447,2019,1123,1604,
    1641,1228,499,460,2326,1892,950,2864,2050,2306,3009,1980,
    3448,3449,3167,2544,1988,3787,1080,2325,832,1274,3583,685,
    1734,786,1477,2051,2792,2327,3689,3254,2512,1759,2265,2085,
    2011,3670,3016,500,2702,2399,282,410,1484,2535,3566,1794,
    366,3271,3206,2716,1530,512,2080,2214,2872,922,3587,2102,
    1281,1938,2204,1959,3249,3495,618,2653,1256,2794,3109,2660,
    3396,1996,3030,357,503,3298,3591,3790,2454,2609,1132,745,
    1334,2961,3774,1082,2009,3666,892,2720,980,3313,2942,3040,
    3708,2067,1752,3451,541,3188,1319,254,1276,816,2514,2094,
    1981,3200,2524,670,3275,3215,3225,3324,3129,1515,3300,1251,
    3386,481,439,2581,584,2735,3751,3535,304,729,2246,2845,
    3245,2965,392,3097,491,1875,3807,3528,2484,1712,2595,2252,
    1987,1186,1145,1240,364,2532,2943,3152,1544,3076,3364,1022,
    1459,1153,1164,2065,2690,1769,1636,1500,1527,644,3316,3525,
    2676,1570,2287,1408,828,2503,1378,2869,2492,2368,3286,3420,
    3287,1409,1480,1347,3305,3253,897,1979,2776,989,2618,947,
    1638,3703,2310,3851,2662,3620,2789,3684,3762,679,3422,2691,
    2651,595,3778,1295,743,1172,3280,3419,1037,3157,535,1536,
    3051,3511,3072,3488,1348,2750,2777,2440,3777,2209,852,956,
    1691,2743,812,1861,2842,3421,2117,818,1328,3196,3024,543,
    2061,3204,3359,360,2380,1548,2099,2841,1767,2333,2389,1134,
    1356,844,2968,3166,1310,1218,3530,375,538,1235,2030,385,
    3679,1030,1111,494,3598,3128,332,3649,1364,3741,935,2834,
    2300,427,1120,3791,1159,913,1458,2898,1177,728,2031,961,
    1242,3602,1424,1342,1888,1944,3826,2608,1023,855,2713,2592,
    682,2253,1758,3815,3804,2548,3581,3607,2585,3453,1053,612,
    2612,1239,3843,1020,3657,1049,2355,583,561,3551,2452,2859,
    2463,3847,2219,3725,3552,319,813,2247,1615,1090,1716,1176,
    1943,2897,1457,887,3463,624,2822,1616,2877,496,3837,2880,
    753,2821,401,766,524,874,695,3592,2623,1104,2456,885,
    2857,570,3612,1170,3262,3802,1974,2533,1253,3764,2430,3575,
    1507,1508,1012,1857,383,1331,1179,1000,1386,2707,3112,3632,
    3667,3210,1122,676,419,1754,432,433,434,577,2528,425,
    1868,716,2377,3491,2364,3289,1187,2005,3452,3565,1553,933,
    1304,3671,1549,3544,3000,1840,605,776,2318,817,2725,2060,
    402,1376,3814,2944,2774,2681,2866,2168,3268,3288,2926,3779,
    790,2932,845,2910,1162,2677,597,2785,3594,986,731,3410,
    1983,403,880,2802,3518,435,902,761,3389,2387,3357,3584,
    3663,3861,422,3351,3405,772,3224,2139,349,3193,3477,1197,
    2446,2605,3842,1884,3516,1490,1778,3702,1220,1649,3561,487,
    1183,847,903,406,3482,2450,3822,2255,1592,963,2828,1195,
    2782,1787,622,2912,1482,1506,1710,2791,2175,666,3857,692,
    3226,2468,497,3487,2684,1814,3755,3370,1858,1541,1014,1456,
    3680,823,2374,928,811,1040,878,563,3750,2138,386,1056,
    3553,2418,1642,1113,2193,2383,2384,463,3854,1426,3478,2899,
    468,1895,2375,2025,2915,1953,3102,1085,2096,3433,3792,2322,
    1847,3173,2812,637,1182,3243,982,3208,2537,3669,714,2022,
    3082,1984,662,3813,1546,3122,826,1460,1617,2054,864,857,
    3687,2182,2183,1068,358,1576,1793,257,3149,553,2047,2582,
    416,3036,657,2538,3131,1438,2048,3613,2154,1169,3032,2092,
    919,1083,1236,3558,3318,546,1764,1748,1027,870,2534,944,
    3344,3430,3688,1516,3852,275,2952,1032,1412,1949,1924,582,
    1930,2116,1483,3145,2583,423,843,3548,639,3563,3136,2254,
    1900,2868,3144,3503,1921,2795,2796,3439,1084,287,3105,3652,
    2803,1834,2149,2483,3329,3236,3302,1388,1139,675,3462,638,
    806,3506,3274,1893,1792,367,3066,3248,3169,3685,2036,1363,
    2160,1882,2740,3111,1942,324,2429,1579,1573,951,1676,2059,
    2076,1079,1550,3270,320,3189,288,1598,424,2999,2501,1198,
    1589,3429,3568,2602,3373,824,2439,3161,2748,3251,2972,1137,
    876,339,2773,3529,1933,1902,2314,1572,1423,3387,2299,2940,
    3456,1682,2879,3317,896,792,547,2466,983,2292,953,2659,
    501,1375,937,3436,1466,2685,370,2768,910,2493,1501,455,
    904,3141,1155,1738,542,1909,2008,2694,3150,1997,2953,3282,
    607,2458,477,1951,2667,1603,3797,2954,1431,1998,1492,1990,
    1194,598,3333,1650,2354,2291,2557,1986,3771,1133,255,1189,
    256,2798,1063,1171,1736,1353,2317,3021,2107,3499,1939,376,
    3125,1815,1563,2546,258,440,1885,2176,1379,2095,2212,3292,
    3293,3336,3531,2951,1075,1257,1624,894,2480,2271,1241,3444,
    1945,1940,2003,1993,1317,2721,1807,1244,2382,2112,825,1130,
    2722,404,2350,609,1894,2462,1916,1102,1168,5,11,12,
    0,3,4,6,24,25,
};

extern "C" const Uint16 _FontCjkGbkSorted[3870] = {
    0x0000,0xA1A2,0xA1A3,0xA1A4,0xA1AA,0xA1AB,0xA1AD,0xA1AE,0xA1AF,0xA1B0,0xA1B1,0xA1B2,
    0xA1B3,0xA1B4,0xA1B5,0xA1B6,0xA1B7,0xA1B8,0xA1B9,0xA1BA,0xA1BB,0xA1BE,0xA1BF,0xA1E3,
    0xA1E6,0xA1EE,0xA1EF,0xA1F0,0xA1F1,0xA1F2,0xA1F3,0xA1F4,0xA1F5,0xA1F6,0xA1F7,0xA1F8,
    0xA1FA,0xA1FB,0xA1FC,0xA1FD,0xA2D9,0xA2DA,0xA2DB,0xA2DC,0xA2DD,0xA2DE,0xA2DF,0xA2E0,
    0xA2E1,0xA2E2,0xA2F1,0xA2F2,0xA2F3,0xA2F4,0xA2F5,0xA2F6,0xA2F7,0xA2F8,0xA2F9,0xA2FA,
    0xA2FB,0xA2FC,0xA3A1,0xA3A4,0xA3A8,0xA3A9,0xA3AC,0xA3BA,0xA3BB,0xA3BF,0xA4A1,0xA4A2,
    0xA4A3,0xA4A4,0xA4A5,0xA4A6,0xA4A7,0xA4A8,0xA4A9,0xA4AA,0xA4AB,0xA4AC,0xA4AD,0xA4AE,
    0xA4AF,0xA4B0,0xA4B1,0xA4B2,0xA4B3,0xA4B4,0xA4B5,0xA4B6,0xA4B7,0xA4B8,0xA4B9,0xA4BC,
    0xA4BD,0xA4BE,0xA4BF,0xA4C0,0xA4C1,0xA4C2,0xA4C3,0xA4C4,0xA4C5,0xA4C6,0xA4C7,0xA4C8,
    0xA4C9,0xA4CA,0xA4CB,0xA4CC,0xA4CD,0xA4CE,0xA4CF,0xA4D0,0xA4D1,0xA4D2,0xA4D3,0xA4D4,
    0xA4D5,0xA4D6,0xA4D7,0xA4D8,0xA4D9,0xA4DA,0xA4DB,0xA4DC,0xA4DD,0xA4DE,0xA4DF,0xA4E0,
    0xA4E1,0xA4E2,0xA4E3,0xA4E4,0xA4E5,0xA4E6,0xA4E7,0xA4E8,0xA4E9,0xA4EA,0xA4EB,0xA4EC,
    0xA4ED,0xA4EE,0xA4EF,0xA4F0,0xA4F1,0xA4F2,0xA4F3,0xA5A1,0xA5A2,0xA5A3,0xA5A4,0xA5A5,
    0xA5A6,0xA5A7,0xA5A8,0xA5A9,0xA5AA,0xA5AB,0xA5AC,0xA5AD,0xA5AE,0xA5AF,0xA5B0,0xA5B1,
    0xA5B2,0xA5B3,0xA5B4,0xA5B5,0xA5B6,0xA5B7,0xA5B8,0xA5B9,0xA5BC,0xA5BD,0xA5BE,0xA5BF,
    0xA5C0,0xA5C1,0xA5C2,0xA5C3,0xA5C4,0xA5C5,0xA5C6,0xA5C7,0xA5C8,0xA5C9,0xA5CA,0xA5CB,
    0xA5CC,0xA5CD,0xA5CE,0xA5CF,0xA5D0,0xA5D1,0xA5D2,0xA5D3,0xA5D4,0xA5D5,0xA5D6,0xA5D7,
    0xA5D8,0xA5D9,0xA5DA,0xA5DB,0xA5DC,0xA5DD,0xA5DE,0xA5DF,0xA5E0,0xA5E1,0xA5E2,0xA5E3,
    0xA5E4,0xA5E5,0xA5E6,0xA5E7,0xA5E8,0xA5E9,0xA5EA,0xA5EB,0xA5EC,0xA5ED,0xA5EE,0xA5EF,
    0xA5F0,0xA5F1,0xA5F2,0xA5F3,0xA5F4,0xA5F5,0xA5F6,0xA6A4,0xA6A8,0xA6AB,0xA6AE,0xA6B0,
    0xA6B2,0xA6B5,0xA6B7,0xA6B8,0xA6C1,0xA6C2,0xA6C3,0xA6D0,0xA960,0xA961,0xA962,0xB0A1,
    0xB0A2,0xB0A3,0xB0A4,0xB0A5,0xB0A6,0xB0A7,0xB0A9,0xB0AA,0xB0AB,0xB0AC,0xB0AD,0xB0AE,
    0xB0AF,0xB0B0,0xB0B1,0xB0B2,0xB0B3,0xB0B4,0xB0B5,0xB0B6,0xB0B7,0xB0B8,0xB0B9,0xB0BA,
    0xB0BB,0xB0BC,0xB0BD,0xB0BE,0xB0BF,0xB0C0,0xB0C1,0xB0C2,0xB0C3,0xB0C4,0xB0C5,0xB0C6,
    0xB0C7,0xB0C8,0xB0C9,0xB0CA,0xB0CB,0xB0CC,0xB0CD,0xB0CE,0xB0CF,0xB0D0,0xB0D1,0xB0D2,
    0xB0D3,0xB0D4,0xB0D5,0xB0D6,0xB0D7,0xB0D8,0xB0D9,0xB0DA,0xB0DB,0xB0DC,0xB0DD,0xB0DF,
    0xB0E0,0xB0E1,0xB0E2,0xB0E3,0xB0E4,0xB0E5,0xB0E6,0xB0E7,0xB0E8,0xB0E9,0xB0EA,0xB0EB,
    0xB0EC,0xB0ED,0xB0EE,0xB0EF,0xB0F0,0xB0F1,0xB0F2,0xB0F3,0xB0F4,0xB0F5,0xB0F6,0xB0F7,
    0xB0F8,0xB0F9,0xB0FA,0xB0FB,0xB0FC,0xB0FD,0xB0FE,0xB1A1,0xB1A2,0xB1A3,0xB1A4,0xB1A5,
    0xB1A6,0xB1A7,0xB1A8,0xB1A9,0xB1AA,0xB1AB,0xB1AC,0xB1AD,0xB1AE,0xB1AF,0xB1B0,0xB1B1,
    0xB1B2,0xB1B3,0xB1B4,0xB1B5,0xB1B6,0xB1B7,0xB1B8,0xB1B9,0xB1BA,0xB1BB,0xB1BC,0xB1BD,
    0xB1BE,0xB1BF,0xB1C0,0xB1C1,0xB1C2,0xB1C3,0xB1C4,0xB1C5,0xB1C6,0xB1C7,0xB1C8,0xB1C9,
    0xB1CA,0xB1CB,0xB1CC,0xB1CE,0xB1CF,0xB1D0,0xB1D1,0xB1D2,0xB1D3,0xB1D5,0xB1D7,0xB1D8,
    0xB1D9,0xB1DA,0xB1DB,0xB1DC,0xB1DD,0xB1DE,0xB1DF,0xB1E0,0xB1E1,0xB1E2,0xB1E3,0xB1E4,
    0xB1E5,0xB1E6,0xB1E7,0xB1E8,0xB1E9,0xB1EA,0xB1EB,0xB1EC,0xB1ED,0xB1EE,0xB1EF,0xB1F0,
    0xB1F1,0xB1F2,0xB1F3,0xB1F4,0xB1F5,0xB1F6,0xB1F7,0xB1F8,0xB1F9,0xB1FA,0xB1FB,0xB1FC,
    0xB1FD,0xB1FE,0xB2A1,0xB2A2,0xB2A3,0xB2A4,0xB2A5,0xB2A6,0xB2A7,0xB2A8,0xB2A9,0xB2AA,
    0xB2AB,0xB2AC,0xB2AD,0xB2AE,0xB2AF,0xB2B0,0xB2B1,0xB2B2,0xB2B3,0xB2B4,0xB2B5,0xB2B6,
    0xB2B7,0xB2B8,0xB2B9,0xB2BA,0xB2BB,0xB2BC,0xB2BD,0xB2BE,0xB2BF,0xB2C0,0xB2C1,0xB2C2,
    0xB2C3,0xB2C4,0xB2C5,0xB2C6,0xB2C7,0xB2C8,0xB2C9,0xB2CA,0xB2CB,0xB2CC,0xB2CD,0xB2CE,
    0xB2CF,0xB2D0,0xB2D1,0xB2D2,0xB2D3,0xB2D4,0xB2D5,0xB2D6,0xB2D7,0xB2D8,0xB2D9,0xB2DA,
    0xB2DB,0xB2DC,0xB2DD,0xB2DE,0xB2DF,0xB2E0,0xB2E1,0xB2E2,0xB2E3,0xB2E4,0xB2E5,0xB2E6,
    0xB2E7,0xB2E8,0xB2E9,0xB2EA,0xB2EB,0xB2EC,0xB2ED,0xB2EE,0xB2EF,0xB2F0,0xB2F1,0xB2F2,
    0xB2F3,0xB2F4,0xB2F5,0xB2F6,0xB2F7,0xB2F8,0xB2FA,0xB2FB,0xB2FC,0xB2FD,0xB2FE,0xB3A1,
    0xB3A2,0xB3A3,0xB3A4,0xB3A5,0xB3A6,0xB3A7,0xB3A8,0xB3A9,0xB3AA,0xB3AB,0xB3AC,0xB3AD,
    0xB3AE,0xB3AF,0xB3B0,0xB3B1,0xB3B2,0xB3B3,0xB3B4,0xB3B5,0xB3B6,0xB3B7,0xB3B8,0xB3B9,
    0xB3BA,0xB3BC,0xB3BD,0xB3BE,0xB3BF,0xB3C0,0xB3C1,0xB3C2,0xB3C3,0xB3C4,0xB3C5,0xB3C6,
    0xB3C7,0xB3C8,0xB3C9,0xB3CA,0xB3CB,0xB3CC,0xB3CD,0xB3CE,0xB3CF,0xB3D0,0xB3D1,0xB3D2,
    0xB3D3,0xB3D4,0xB3D5,0xB3D6,0xB3D7,0xB3D8,0xB3D9,0xB3DA,0xB3DB,0xB3DC,0xB3DD,0xB3DE,
    0xB3DF,0xB3E0,0xB3E1,0xB3E2,0xB3E3,0xB3E4,0xB3E5,0xB3E6,0xB3E7,0xB3E8,0xB3E9,0xB3EA,
    0xB3EB,0xB3EC,0xB3ED,0xB3EE,0xB3EF,0xB3F0,0xB3F1,0xB3F2,0xB3F3,0xB3F4,0xB3F5,0xB3F6,
    0xB3F7,0xB3F8,0xB3FA,0xB3FB,0xB3FD,0xB3FE,0xB4A1,0xB4A2,0xB4A4,0xB4A5,0xB4A6,0xB4A7,
    0xB4A8,0xB4A9,0xB4AB,0xB4AC,0xB4AD,0xB4AE,0xB4AF,0xB4B0,0xB4B1,0xB4B2,0xB4B3,0xB4B4,
    0xB4B5,0xB4B6,0xB4B7,0xB4B8,0xB4B9,0xB4BA,0xB4BB,0xB4BC,0xB4BD,0xB4BE,0xB4BF,0xB4C0,
    0xB4C1,0xB4C2,0xB4C4,0xB4C5,0xB4C6,0xB4C7,0xB4C8,0xB4C9,0xB4CA,0xB4CB,0xB4CC,0xB4CD,
    0xB4CE,0xB4CF,0xB4D0,0xB4D1,0xB4D2,0xB4D3,0xB4D4,0xB4D5,0xB4D6,0xB4D7,0xB4D8,0xB4D9,
    0xB4DA,0xB4DB,0xB4DC,0xB4DD,0xB4DE,0xB4DF,0xB4E0,0xB4E1,0xB4E2,0xB4E3,0xB4E4,0xB4E5,
    0xB4E6,0xB4E7,0xB4E8,0xB4E9,0xB4EA,0xB4EB,0xB4EC,0xB4ED,0xB4EE,0xB4EF,0xB4F0,0xB4F1,
    0xB4F2,0xB4F3,0xB4F4,0xB4F5,0xB4F6,0xB4F7,0xB4F8,0xB4F9,0xB4FA,0xB4FB,0xB4FC,0xB4FD,
    0xB4FE,0xB5A1,0xB5A2,0xB5A3,0xB5A4,0xB5A5,0xB5A8,0xB5A9,0xB5AA,0xB5AB,0xB5AC,0xB5AD,
    0xB5AE,0xB5AF,0xB5B0,0xB5B1,0xB5B2,0xB5B3,0xB5B4,0xB5B5,0xB5B6,0xB5B7,0xB5B8,0xB5B9,
    0xB5BA,0xB5BB,0xB5BC,0xB5BD,0xB5BE,0xB5BF,0xB5C0,0xB5C1,0xB5C2,0xB5C3,0xB5C4,0xB5C5,
    0xB5C6,0xB5C7,0xB5C8,0xB5C9,0xB5CA,0xB5CB,0xB5CC,0xB5CD,0xB5CE,0xB5CF,0xB5D0,0xB5D1,
    0xB5D2,0xB5D3,0xB5D4,0xB5D5,0xB5D6,0xB5D7,0xB5D8,0xB5D9,0xB5DA,0xB5DB,0xB5DC,0xB5DD,
    0xB5DE,0xB5DF,0xB5E1,0xB5E2,0xB5E3,0xB5E4,0xB5E6,0xB5E7,0xB5E9,0xB5EA,0xB5EB,0xB5EC,
    0xB5ED,0xB5EE,0xB5F0,0xB5F1,0xB5F2,0xB5F3,0xB5F4,0xB5F5,0xB5F6,0xB5F7,0xB5F8,0xB5F9,
    0xB5FA,0xB5FB,0xB5FC,0xB5FD,0xB5FE,0xB6A1,0xB6A2,0xB6A3,0xB6A4,0xB6A5,0xB6A6,0xB6A7,
    0xB6A8,0xB6A9,0xB6AA,0xB6AB,0xB6AC,0xB6AD,0xB6AE,0xB6AF,0xB6B0,0xB6B1,0xB6B2,0xB6B3,
    0xB6B4,0xB6B5,0xB6B6,0xB6B7,0xB6B8,0xB6B9,0xB6BA,0xB6BB,0xB6BC,0xB6BD,0xB6BE,0xB6BF,
    0xB6C0,0xB6C1,0xB6C2,0xB6C3,0xB6C4,0xB6C5,0xB6C6,0xB6C7,0xB6C8,0xB6C9,0xB6CA,0xB6CB,
    0xB6CC,0xB6CD,0xB6CE,0xB6CF,0xB6D0,0xB6D1,0xB6D2,0xB6D3,0xB6D4,0xB6D5,0xB6D6,0xB6D7,
    0xB6D8,0xB6D9,0xB6DA,0xB6DB,0xB6DC,0xB6DD,0xB6DE,0xB6DF,0xB6E0,0xB6E1,0xB6E2,0xB6E3,
    0xB6E4,0xB6E5,0xB6E6,0xB6E7,0xB6E8,0xB6E9,0xB6EA,0xB6EB,0xB6EC,0xB6ED,0xB6EE,0xB6EF,
    0xB6F0,0xB6F1,0xB6F2,0xB6F3,0xB6F4,0xB6F5,0xB6F6,0xB6F7,0xB6F8,0xB6F9,0xB6FA,0xB6FB,
    0xB6FC,0xB6FD,0xB6FE,0xB7A1,0xB7A2,0xB7A3,0xB7A4,0xB7A5,0xB7A6,0xB7A7,0xB7A8,0xB7A9,
    0xB7AA,0xB7AB,0xB7AC,0xB7AD,0xB7AE,0xB7AF,0xB7B0,0xB7B1,0xB7B2,0xB7B3,0xB7B4,0xB7B5,
    0xB7B6,0xB7B7,0xB7B8,0xB7B9,0xB7BA,0xB7BB,0xB7BC,0xB7BD,0xB7BE,0xB7BF,0xB7C0,0xB7C1,
    0xB7C2,0xB7C3,0xB7C4,0xB7C5,0xB7C6,0xB7C7,0xB7C8,0xB7C9,0xB7CA,0xB7CB,0xB7CC,0xB7CD,
    0xB7CE,0xB7CF,0xB7D0,0xB7D1,0xB7D2,0xB7D3,0xB7D4,0xB7D5,0xB7D6,0xB7D7,0xB7D8,0xB7D9,
    0xB7DA,0xB7DB,0xB7DC,0xB7DD,0xB7DE,0xB7DF,0xB7E0,0xB7E1,0xB7E2,0xB7E3,0xB7E4,0xB7E5,
    0xB7E6,0xB7E7,0xB7E8,0xB7E9,0xB7EA,0xB7EB,0xB7EC,0xB7ED,0xB7EE,0xB7EF,0xB7F0,0xB7F1,
    0xB7F2,0xB7F3,0xB7F4,0xB7F5,0xB7F6,0xB7F7,0xB7F8,0xB7F9,0xB7FA,0xB7FB,0xB7FC,0xB7FD,
    0xB7FE,0xB8A1,0xB8A3,0xB8A5,0xB8A6,0xB8A7,0xB8A8,0xB8A9,0xB8AA,0xB8AB,0xB8AC,0xB8AD,
    0xB8AE,0xB8AF,0xB8B0,0xB8B1,0xB8B2,0xB8B3,0xB8B4,0xB8B5,0xB8B6,0xB8B7,0xB8B8,0xB8B9,
    0xB8BA,0xB8BB,0xB8BD,0xB8BE,0xB8BF,0xB8C0,0xB8C1,0xB8C2,0xB8C3,0xB8C4,0xB8C5,0xB8C6,
    0xB8C7,0xB8C8,0xB8C9,0xB8CA,0xB8CB,0xB8CC,0xB8CD,0xB8CE,0xB8CF,0xB8D0,0xB8D1,0xB8D2,
    0xB8D3,0xB8D4,0xB8D5,0xB8D6,0xB8D7,0xB8D8,0xB8D9,0xB8DA,0xB8DB,0xB8DC,0xB8DF,0xB8E0,
    0xB8E1,0xB8E2,0xB8E3,0xB8E4,0xB8E5,0xB8E6,0xB8E7,0xB8E8,0xB8E9,0xB8EA,0xB8EB,0xB8EC,
    0xB8ED,0xB8EE,0xB8EF,0xB8F0,0xB8F1,0xB8F2,0xB8F3,0xB8F4,0xB8F5,0xB8F6,0xB8F7,0xB8F8,
    0xB8F9,0xB8FA,0xB8FB,0xB8FC,0xB8FD,0xB8FE,0xB9A1,0xB9A2,0xB9A3,0xB9A4,0xB9A5,0xB9A6,
    0xB9A7,0xB9A8,0xB9A9,0xB9AA,0xB9AB,0xB9AC,0xB9AD,0xB9AE,0xB9AF,0xB9B0,0xB9B1,0xB9B2,
    0xB9B3,0xB9B4,0xB9B5,0xB9B6,0xB9B7,0xB9B8,0xB9B9,0xB9BA,0xB9BB,0xB9BC,0xB9BD,0xB9BE,
    0xB9BF,0xB9C0,0xB9C1,0xB9C2,0xB9C3,0xB9C4,0xB9C5,0xB9C6,0xB9C7,0xB9C8,0xB9C9,0xB9CA,
    0xB9CB,0xB9CC,0xB9CD,0xB9CE,0xB9CF,0xB9D0,0xB9D1,0xB9D2,0xB9D3,0xB9D4,0xB9D5,0xB9D6,
    0xB9D7,0xB9D8,0xB9D9,0xB9DA,0xB9DB,0xB9DC,0xB9DD,0xB9DE,0xB9DF,0xB9E0,0xB9E1,0xB9E2,
    0xB9E3,0xB9E4,0xB9E5,0xB9E6,0xB9E7,0xB9E8,0xB9E9,0xB9EA,0xB9EB,0xB9EC,0xB9ED,0xB9EE,
    0xB9EF,0xB9F0,0xB9F1,0xB9F2,0xB9F3,0xB9F4,0xB9F5,0xB9F6,0xB9F7,0xB9F8,0xB9F9,0xB9FA,
    0xB9FB,0xB9FC,0xB9FD,0xB9FE,0xBAA1,0xBAA2,0xBAA3,0xBAA5,0xBAA6,0xBAA7,0xBAA8,0xBAA9,
    0xBAAA,0xBAAB,0xBAAC,0xBAAD,0xBAAE,0xBAAF,0xBAB0,0xBAB1,0xBAB2,0xBAB3,0xBAB4,0xBAB5,
    0xBAB6,0xBAB7,0xBAB8,0xBAB9,0xBABA,0xBABC,0xBABD,0xBABE,0xBABF,0xBAC0,0xBAC1,0xBAC2,
    0xBAC3,0xBAC4,0xBAC5,0xBAC6,0xBAC7,0xBAC8,0xBAC9,0xBACA,0xBACB,0xBACC,0xBACD,0xBACE,
    0xBACF,0xBAD0,0xBAD1,0xBAD2,0xBAD3,0xBAD4,0xBAD5,0xBAD6,0xBAD7,0xBAD8,0xBAD9,0xBADA,
    0xBADB,0xBADC,0xBADD,0xBADE,0xBADF,0xBAE0,0xBAE1,0xBAE2,0xBAE3,0xBAE4,0xBAE5,0xBAE6,
    0xBAE7,0xBAE8,0xBAE9,0xBAEA,0xBAEB,0xBAEC,0xBAED,0xBAEE,0xBAEF,0xBAF0,0xBAF1,0xBAF2,
    0xBAF3,0xBAF4,0xBAF5,0xBAF6,0xBAF7,0xBAF8,0xBAF9,0xBAFA,0xBAFB,0xBAFC,0xBAFD,0xBAFE,
    0xBBA1,0xBBA2,0xBBA3,0xBBA4,0xBBA5,0xBBA6,0xBBA7,0xBBA8,0xBBA9,0xBBAA,0xBBAB,0xBBAC,
    0xBBAD,0xBBAE,0xBBAF,0xBBB0,0xBBB1,0xBBB2,0xBBB3,0xBBB4,0xBBB5,0xBBB6,0xBBB7,0xBBB8,
    0xBBB9,0xBBBA,0xBBBB,0xBBBC,0xBBBD,0xBBBE,0xBBBF,0xBBC0,0xBBC1,0xBBC2,0xBBC3,0xBBC4,
    0xBBC5,0xBBC6,0xBBC7,0xBBC8,0xBBC9,0xBBCA,0xBBCB,0xBBCC,0xBBCD,0xBBCE,0xBBCF,0xBBD0,
    0xBBD1,0xBBD2,0xBBD3,0xBBD4,0xBBD5,0xBBD6,0xBBD7,0xBBD8,0xBBD9,0xBBDA,0xBBDB,0xBBDC,
    0xBBDD,0xBBDE,0xBBDF,0xBBE0,0xBBE1,0xBBE2,0xBBE3,0xBBE4,0xBBE5,0xBBE6,0xBBE7,0xBBE8,
    0xBBE9,0xBBEA,0xBBEB,0xBBEC,0xBBED,0xBBEE,0xBBEF,0xBBF0,0xBBF1,0xBBF2,0xBBF3,0xBBF4,
    0xBBF5,0xBBF6,0xBBF7,0xBBF8,0xBBF9,0xBBFA,0xBBFB,0xBBFC,0xBBFD,0xBBFE,0xBCA1,0xBCA2,
    0xBCA3,0xBCA4,0xBCA5,0xBCA6,0xBCA7,0xBCA8,0xBCA9,0xBCAA,0xBCAB,0xBCAC,0xBCAD,0xBCAE,
    0xBCAF,0xBCB0,0xBCB1,0xBCB2,0xBCB3,0xBCB4,0xBCB5,0xBCB6,0xBCB7,0xBCB8,0xBCB9,0xBCBA,
    0xBCBC,0xBCBD,0xBCBE,0xBCC0,0xBCC1,0xBCC3,0xBCC4,0xBCC5,0xBCC6,0xBCC7,0xBCC8,0xBCC9,
    0xBCCA,0xBCCB,0xBCCC,0xBCCD,0xBCCE,0xBCCF,0xBCD0,0xBCD1,0xBCD2,0xBCD3,0xBCD4,0xBCD5,
    0xBCD6,0xBCD7,0xBCD8,0xBCD9,0xBCDA,0xBCDB,0xBCDC,0xBCDD,0xBCDE,0xBCDF,0xBCE0,0xBCE1,
    0xBCE2,0xBCE3,0xBCE4,0xBCE5,0xBCE6,0xBCE7,0xBCE8,0xBCE9,0xBCEB,0xBCEC,0xBCED,0xBCEE,
    0xBCF0,0xBCF1,0xBCF2,0xBCF3,0xBCF4,0xBCF5,0xBCF6,0xBCF7,0xBCF8,0xBCF9,0xBCFA,0xBCFB,
    0xBCFC,0xBCFD,0xBCFE,0xBDA1,0xBDA2,0xBDA3,0xBDA4,0xBDA5,0xBDA6,0xBDA7,0xBDA8,0xBDA9,
    0xBDAA,0xBDAB,0xBDAC,0xBDAD,0xBDAE,0xBDAF,0xBDB0,0xBDB1,0xBDB2,0xBDB3,0xBDB4,0xBDB5,
    0xBDB6,0xBDB7,0xBDB8,0xBDB9,0xBDBA,0xBDBB,0xBDBC,0xBDBD,0xBDBE,0xBDBF,0xBDC0,0xBDC1,
    0xBDC3,0xBDC4,0xBDC5,0xBDC6,0xBDC7,0xBDC8,0xBDC9,0xBDCA,0xBDCB,0xBDCC,0xBDCD,0xBDCE,
    0xBDCF,0xBDD0,0xBDD1,0xBDD2,0xBDD3,0xBDD4,0xBDD5,0xBDD6,0xBDD7,0xBDD8,0xBDD9,0xBDDA,
    0xBDDB,0xBDDC,0xBDDD,0xBDDE,0xBDDF,0xBDE0,0xBDE1,0xBDE2,0xBDE3,0xBDE4,0xBDE5,0xBDE6,
    0xBDE7,0xBDE8,0xBDE9,0xBDEA,0xBDEB,0xBDEC,0xBDED,0xBDEE,0xBDEF,0xBDF0,0xBDF1,0xBDF2,
    0xBDF3,0xBDF4,0xBDF5,0xBDF6,0xBDF7,0xBDF8,0xBDF9,0xBDFA,0xBDFB,0xBDFC,0xBDFD,0xBDFE,
    0xBEA1,0xBEA2,0xBEA3,0xBEA4,0xBEA5,0xBEA6,0xBEA7,0xBEA8,0xBEA9,0xBEAA,0xBEAB,0xBEAC,
    0xBEAD,0xBEAE,0xBEAF,0xBEB0,0xBEB1,0xBEB2,0xBEB3,0xBEB4,0xBEB5,0xBEB6,0xBEB7,0xBEB8,
    0xBEB9,0xBEBA,0xBEBB,0xBEBC,0xBEBD,0xBEBE,0xBEBF,0xBEC0,0xBEC1,0xBEC2,0xBEC3,0xBEC5,
    0xBEC6,0xBEC8,0xBEC9,0xBECA,0xBECB,0xBECD,0xBECF,0xBED0,0xBED1,0xBED2,0xBED3,0xBED4,
    0xBED5,0xBED6,0xBED7,0xBED8,0xBED9,0xBEDA,0xBEDB,0xBEDC,0xBEDD,0xBEDE,0xBEDF,0xBEE0,
    0xBEE1,0xBEE2,0xBEE3,0xBEE4,0xBEE5,0xBEE6,0xBEE7,0xBEE8,0xBEE9,0xBEEA,0xBEEB,0xBEEC,
    0xBEED,0xBEEE,0xBEEF,0xBEF0,0xBEF1,0xBEF2,0xBEF3,0xBEF4,0xBEF5,0xBEF6,0xBEF7,0xBEF8,
    0xBEF9,0xBEFA,0xBEFB,0xBEFC,0xBEFD,0xBEFE,0xBFA1,0xBFA2,0xBFA3,0xBFA4,0xBFA5,0xBFA6,
    0xBFA7,0xBFA8,0xBFA9,0xBFAA,0xBFAB,0xBFAC,0xBFAD,0xBFAE,0xBFAF,0xBFB0,0xBFB1,0xBFB2,
    0xBFB3,0xBFB4,0xBFB5,0xBFB6,0xBFB7,0xBFB8,0xBFB9,0xBFBA,0xBFBB,0xBFBC,0xBFBD,0xBFBE,
    0xBFBF,0xBFC0,0xBFC1,0xBFC2,0xBFC3,0xBFC4,0xBFC5,0xBFC6,0xBFC7,0xBFC8,0xBFC9,0xBFCA,
    0xBFCB,0xBFCC,0xBFCD,0xBFCE,0xBFCF,0xBFD0,0xBFD1,0xBFD2,0xBFD3,0xBFD4,0xBFD5,0xBFD6,
    0xBFD7,0xBFD8,0xBFD9,0xBFDA,0xBFDB,0xBFDC,0xBFDD,0xBFDE,0xBFDF,0xBFE0,0xBFE1,0xBFE2,
    0xBFE3,0xBFE4,0xBFE5,0xBFE6,0xBFE7,0xBFE8,0xBFE9,0xBFEA,0xBFEC,0xBFED,0xBFEE,0xBFEF,
    0xBFF0,0xBFF1,0xBFF2,0xBFF3,0xBFF4,0xBFF5,0xBFF6,0xBFF7,0xBFF8,0xBFFA,0xBFFB,0xBFFC,
    0xBFFD,0xBFFE,0xC0A1,0xC0A2,0xC0A3,0xC0A4,0xC0A5,0xC0A6,0xC0A7,0xC0A8,0xC0A9,0xC0AA,
    0xC0AB,0xC0AC,0xC0AD,0xC0AE,0xC0AF,0xC0B0,0xC0B1,0xC0B2,0xC0B3,0xC0B4,0xC0B5,0xC0B6,
    0xC0B7,0xC0B8,0xC0B9,0xC0BA,0xC0BB,0xC0BC,0xC0BD,0xC0BE,0xC0BF,0xC0C0,0xC0C1,0xC0C2,
    0xC0C3,0xC0C4,0xC0C5,0xC0C6,0xC0C7,0xC0C8,0xC0C9,0xC0CA,0xC0CB,0xC0CC,0xC0CD,0xC0CE,
    0xC0CF,0xC0D0,0xC0D1,0xC0D2,0xC0D3,0xC0D4,0xC0D5,0xC0D6,0xC0D7,0xC0D8,0xC0D9,0xC0DA,
    0xC0DB,0xC0DD,0xC0DE,0xC0DF,0xC0E0,0xC0E1,0xC0E2,0xC0E4,0xC0E5,0xC0E6,0xC0E7,0xC0E8,
    0xC0E9,0xC0EA,0xC0EB,0xC0EC,0xC0ED,0xC0EE,0xC0EF,0xC0F0,0xC0F1,0xC0F2,0xC0F3,0xC0F4,
    0xC0F5,0xC0F6,0xC0F7,0xC0F8,0xC0F9,0xC0FA,0xC0FB,0xC0FC,0xC0FD,0xC0FE,0xC1A1,0xC1A2,
    0xC1A3,0xC1A4,0xC1A5,0xC1A6,0xC1A7,0xC1A8,0xC1A9,0xC1AA,0xC1AB,0xC1AC,0xC1AD,0xC1AE,
    0xC1AF,0xC1B0,0xC1B1,0xC1B2,0xC1B3,0xC1B4,0xC1B5,0xC1B6,0xC1B7,0xC1B8,0xC1B9,0xC1BA,
    0xC1BB,0xC1BC,0xC1BD,0xC1BE,0xC1BF,0xC1C0,0xC1C1,0xC1C2,0xC1C3,0xC1C4,0xC1C5,0xC1C6,
    0xC1C7,0xC1C8,0xC1C9,0xC1CA,0xC1CB,0xC1CC,0xC1CE,0xC1CF,0xC1D0,0xC1D1,0xC1D2,0xC1D3,
    0xC1D4,0xC1D5,0xC1D6,0xC1D7,0xC1D8,0xC1D9,0xC1DA,0xC1DB,0xC1DC,0xC1DD,0xC1DE,0xC1DF,
    0xC1E0,0xC1E1,0xC1E2,0xC1E3,0xC1E4,0xC1E5,0xC1E6,0xC1E7,0xC1E8,0xC1E9,0xC1EA,0xC1EB,
    0xC1EC,0xC1ED,0xC1EE,0xC1EF,0xC1F0,0xC1F1,0xC1F2,0xC1F3,0xC1F4,0xC1F5,0xC1F6,0xC1F7,
    0xC1F8,0xC1F9,0xC1FA,0xC1FB,0xC1FC,0xC1FD,0xC1FE,0xC2A1,0xC2A2,0xC2A3,0xC2A4,0xC2A5,
    0xC2A6,0xC2A7,0xC2A8,0xC2A9,0xC2AA,0xC2AB,0xC2AC,0xC2AD,0xC2AE,0xC2AF,0xC2B0,0xC2B1,
    0xC2B2,0xC2B3,0xC2B4,0xC2B5,0xC2B6,0xC2B7,0xC2B8,0xC2B9,0xC2BA,0xC2BB,0xC2BC,0xC2BD,
    0xC2BE,0xC2BF,0xC2C0,0xC2C1,0xC2C2,0xC2C3,0xC2C4,0xC2C5,0xC2C6,0xC2C7,0xC2C8,0xC2C9,
    0xC2CA,0xC2CB,0xC2CC,0xC2CD,0xC2CE,0xC2CF,0xC2D0,0xC2D1,0xC2D2,0xC2D3,0xC2D4,0xC2D5,
    0xC2D6,0xC2D7,0xC2D8,0xC2D9,0xC2DA,0xC2DB,0xC2DC,0xC2DD,0xC2DE,0xC2DF,0xC2E0,0xC2E1,
    0xC2E2,0xC2E3,0xC2E4,0xC2E5,0xC2E6,0xC2E7,0xC2E8,0xC2E9,0xC2EA,0xC2EB,0xC2EC,0xC2ED,
    0xC2EE,0xC2EF,0xC2F0,0xC2F1,0xC2F2,0xC2F3,0xC2F4,0xC2F5,0xC2F6,0xC2F7,0xC2F8,0xC2F9,
    0xC2FA,0xC2FB,0xC2FC,0xC2FD,0xC2FE,0xC3A2,0xC3A3,0xC3A4,0xC3A6,0xC3A7,0xC3A8,0xC3A9,
    0xC3AA,0xC3AB,0xC3AC,0xC3AD,0xC3AE,0xC3AF,0xC3B0,0xC3B1,0xC3B2,0xC3B3,0xC3B4,0xC3B5,
    0xC3B6,0xC3B7,0xC3B9,0xC3BA,0xC3BB,0xC3BC,0xC3BD,0xC3BF,0xC3C0,0xC3C1,0xC3C2,0xC3C3,
    0xC3C4,0xC3C5,0xC3C6,0xC3C7,0xC3C8,0xC3C9,0xC3CA,0xC3CB,0xC3CC,0xC3CD,0xC3CE,0xC3CF,
    0xC3D0,0xC3D2,0xC3D4,0xC3D5,0xC3D6,0xC3D7,0xC3D8,0xC3D9,0xC3DA,0xC3DB,0xC3DC,0xC3DE,
    0xC3DF,0xC3E0,0xC3E1,0xC3E2,0xC3E3,0xC3E5,0xC3E6,0xC3E7,0xC3E8,0xC3E9,0xC3EA,0xC3EB,
    0xC3EC,0xC3ED,0xC3EE,0xC3EF,0xC3F0,0xC3F1,0xC3F2,0xC3F3,0xC3F4,0xC3F5,0xC3F6,0xC3F7,
    0xC3F8,0xC3F9,0xC3FA,0xC3FB,0xC3FC,0xC3FD,0xC3FE,0xC4A1,0xC4A2,0xC4A3,0xC4A4,0xC4A5,
    0xC4A6,0xC4A7,0xC4A8,0xC4A9,0xC4AA,0xC4AB,0xC4AC,0xC4AD,0xC4AE,0xC4AF,0xC4B0,0xC4B1,
    0xC4B2,0xC4B3,0xC4B4,0xC4B5,0xC4B6,0xC4B7,0xC4B8,0xC4B9,0xC4BA,0xC4BB,0xC4BC,0xC4BD,
    0xC4BE,0xC4BF,0xC4C0,0xC4C1,0xC4C2,0xC4C3,0xC4C4,0xC4C5,0xC4C6,0xC4C7,0xC4C8,0xC4C9,
    0xC4CA,0xC4CB,0xC4CC,0xC4CD,0xC4CE,0xC4CF,0xC4D0,0xC4D1,0xC4D2,0xC4D3,0xC4D4,0xC4D5,
    0xC4D6,0xC4D8,0xC4DA,0xC4DB,0xC4DC,0xC4DD,0xC4DE,0xC4DF,0xC4E0,0xC4E1,0xC4E2,0xC4E3,
    0xC4E4,0xC4E5,0xC4E6,0xC4E7,0xC4E9,0xC4EA,0xC4ED,0xC4EE,0xC4EF,0xC4F0,0xC4F1,0xC4F2,
    0xC4F3,0xC4F4,0xC4F5,0xC4F6,0xC4F7,0xC4F8,0xC4F9,0xC4FA,0xC4FB,0xC4FC,0xC4FD,0xC4FE,
    0xC5A1,0xC5A2,0xC5A3,0xC5A4,0xC5A5,0xC5A6,0xC5A7,0xC5A8,0xC5A9,0xC5AA,0xC5AB,0xC5AC,
    0xC5AD,0xC5AE,0xC5AF,0xC5B0,0xC5B1,0xC5B2,0xC5B3,0xC5B4,0xC5B5,0xC5B6,0xC5B7,0xC5B8,
    0xC5B9,0xC5BA,0xC5BB,0xC5BC,0xC5BD,0xC5BE,0xC5BF,0xC5C0,0xC5C1,0xC5C2,0xC5C3,0xC5C4,
    0xC5C5,0xC5C6,0xC5C7,0xC5C8,0xC5C9,0xC5CA,0xC5CB,0xC5CC,0xC5CD,0xC5CE,0xC5CF,0xC5D0,
    0xC5D1,0xC5D2,0xC5D3,0xC5D4,0xC5D6,0xC5D7,0xC5D8,0xC5D9,0xC5DA,0xC5DB,0xC5DC,0xC5DD,
    0xC5DE,0xC5DF,0xC5E0,0xC5E1,0xC5E2,0xC5E3,0xC5E4,0xC5E5,0xC5E6,0xC5E7,0xC5E8,0xC5E9,
    0xC5EA,0xC5EB,0xC5EC,0xC5ED,0xC5EE,0xC5EF,0xC5F0,0xC5F1,0xC5F2,0xC5F3,0xC5F4,0xC5F5,
    0xC5F6,0xC5FA,0xC5FB,0xC5FC,0xC5FD,0xC5FE,0xC6A1,0xC6A2,0xC6A3,0xC6A4,0xC6A5,0xC6A6,
    0xC6A7,0xC6A8,0xC6A9,0xC6AA,0xC6AB,0xC6AC,0xC6AD,0xC6AE,0xC6AF,0xC6B0,0xC6B1,0xC6B2,
    0xC6B3,0xC6B4,0xC6B5,0xC6B6,0xC6B7,0xC6B8,0xC6B9,0xC6BA,0xC6BB,0xC6BC,0xC6BD,0xC6BE,
    0xC6BF,0xC6C0,0xC6C1,0xC6C2,0xC6C3,0xC6C4,0xC6C5,0xC6C6,0xC6C7,0xC6C8,0xC6C9,0xC6CA,
    0xC6CB,0xC6CC,0xC6CD,0xC6CE,0xC6CF,0xC6D0,0xC6D1,0xC6D2,0xC6D3,0xC6D4,0xC6D5,0xC6D6,
    0xC6D7,0xC6D8,0xC6D9,0xC6DA,0xC6DB,0xC6DC,0xC6DD,0xC6DE,0xC6DF,0xC6E0,0xC6E1,0xC6E2,
    0xC6E4,0xC6E5,0xC6E6,0xC6E7,0xC6E9,0xC6EA,0xC6EB,0xC6EC,0xC6ED,0xC6EE,0xC6EF,0xC6F0,
    0xC6F1,0xC6F2,0xC6F3,0xC6F4,0xC6F5,0xC6F6,0xC6F7,0xC6F8,0xC6F9,0xC6FA,0xC6FB,0xC6FC,
    0xC6FD,0xC6FE,0xC7A1,0xC7A2,0xC7A3,0xC7A4,0xC7A5,0xC7A6,0xC7A7,0xC7A8,0xC7A9,0xC7AA,
    0xC7AB,0xC7AC,0xC7AD,0xC7AE,0xC7AF,0xC7B0,0xC7B1,0xC7B2,0xC7B3,0xC7B4,0xC7B5,0xC7B6,
    0xC7B7,0xC7B8,0xC7B9,0xC7BA,0xC7BB,0xC7BC,0xC7BD,0xC7BE,0xC7BF,0xC7C0,0xC7C3,0xC7C4,
    0xC7C5,0xC7C6,0xC7C7,0xC7C8,0xC7C9,0xC7CC,0xC7CD,0xC7CE,0xC7CF,0xC7D0,0xC7D1,0xC7D2,
    0xC7D3,0xC7D4,0xC7D5,0xC7D6,0xC7D7,0xC7D8,0xC7D9,0xC7DA,0xC7DB,0xC7DC,0xC7DD,0xC7DE,
    0xC7DF,0xC7E0,0xC7E1,0xC7E2,0xC7E3,0xC7E4,0xC7E5,0xC7E6,0xC7E7,0xC7E8,0xC7E9,0xC7EA,
    0xC7EB,0xC7EC,0xC7ED,0xC7EE,0xC7EF,0xC7F0,0xC7F1,0xC7F2,0xC7F3,0xC7F4,0xC7F5,0xC7F6,
    0xC7F7,0xC7F8,0xC7F9,0xC7FA,0xC7FB,0xC7FC,0xC7FD,0xC7FE,0xC8A1,0xC8A2,0xC8A3,0xC8A4,
    0xC8A5,0xC8A6,0xC8A7,0xC8A8,0xC8A9,0xC8AA,0xC8AB,0xC8AC,0xC8AD,0xC8AE,0xC8AF,0xC8B0,
    0xC8B1,0xC8B2,0xC8B3,0xC8B4,0xC8B5,0xC8B6,0xC8B7,0xC8B8,0xC8B9,0xC8BA,0xC8BB,0xC8BC,
    0xC8BD,0xC8BE,0xC8C0,0xC8C2,0xC8C3,0xC8C4,0xC8C5,0xC8C6,0xC8C7,0xC8C8,0xC8CA,0xC8CB,
    0xC8CC,0xC8CD,0xC8CE,0xC8CF,0xC8D0,0xC8D1,0xC8D2,0xC8D3,0xC8D4,0xC8D5,0xC8D6,0xC8D7,
    0xC8D8,0xC8D9,0xC8DA,0xC8DB,0xC8DC,0xC8DD,0xC8DE,0xC8DF,0xC8E0,0xC8E1,0xC8E2,0xC8E3,
    0xC8E4,0xC8E5,0xC8E6,0xC8E7,0xC8E8,0xC8E9,0xC8EA,0xC8EB,0xC8EC,0xC8ED,0xC8EE,0xC8EF,
    0xC8F0,0xC8F1,0xC8F2,0xC8F3,0xC8F4,0xC8F5,0xC8F6,0xC8F7,0xC8F8,0xC8F9,0xC8FA,0xC8FB,
    0xC8FC,0xC8FD,0xC8FE,0xC9A1,0xC9A2,0xC9A3,0xC9A4,0xC9A5,0xC9A6,0xC9A7,0xC9A8,0xC9A9,
    0xC9AA,0xC9AB,0xC9AC,0xC9AD,0xC9AE,0xC9AF,0xC9B0,0xC9B1,0xC9B2,0xC9B3,0xC9B4,0xC9B5,
    0xC9B6,0xC9B7,0xC9B8,0xC9B9,0xC9BA,0xC9BC,0xC9BD,0xC9BE,0xC9BF,0xC9C0,0xC9C1,0xC9C2,
    0xC9C3,0xC9C4,0xC9C5,0xC9C6,0xC9C7,0xC9C8,0xC9CB,0xC9CC,0xC9CD,0xC9CF,0xC9D0,0xC9D1,
    0xC9D2,0xC9D3,0xC9D4,0xC9D5,0xC9D6,0xC9D7,0xC9D8,0xC9D9,0xC9DA,0xC9DB,0xC9DC,0xC9DD,
    0xC9DE,0xC9DF,0xC9E0,0xC9E1,0xC9E2,0xC9E3,0xC9E4,0xC9E5,0xC9E6,0xC9E7,0xC9E8,0xC9E9,
    0xC9EA,0xC9EB,0xC9EC,0xC9ED,0xC9EE,0xC9EF,0xC9F0,0xC9F1,0xC9F2,0xC9F3,0xC9F4,0xC9F5,
    0xC9F6,0xC9F7,0xC9F8,0xC9F9,0xC9FA,0xC9FB,0xC9FC,0xC9FD,0xC9FE,0xCAA1,0xCAA2,0xCAA3,
    0xCAA4,0xCAA5,0xCAA6,0xCAA7,0xCAA8,0xCAA9,0xCAAA,0xCAAB,0xCAAC,0xCAAD,0xCAAE,0xCAAF,
    0xCAB0,0xCAB1,0xCAB2,0xCAB3,0xCAB4,0xCAB5,0xCAB6,0xCAB7,0xCAB8,0xCAB9,0xCABA,0xCABB,
    0xCABC,0xCABD,0xCABE,0xCABF,0xCAC0,0xCAC1,0xCAC2,0xCAC3,0xCAC4,0xCAC5,0xCAC6,0xCAC7,
    0xCAC8,0xCACA,0xCACB,0xCACC,0xCACD,0xCACE,0xCACF,0xCAD0,0xCAD1,0xCAD2,0xCAD3,0xCAD4,
    0xCAD5,0xCAD6,0xCAD7,0xCAD8,0xCAD9,0xCADA,0xCADB,0xCADC,0xCADD,0xCADE,0xCADF,0xCAE0,
    0xCAE1,0xCAE2,0xCAE3,0xCAE4,0xCAE5,0xCAE6,0xCAE7,0xCAE8,0xCAE9,0xCAEA,0xCAEB,0xCAEC,
    0xCAED,0xCAEE,0xCAEF,0xCAF0,0xCAF1,0xCAF2,0xCAF3,0xCAF4,0xCAF5,0xCAF6,0xCAF7,0xCAF8,
    0xCAFA,0xCAFC,0xCAFD,0xCBA1,0xCBA2,0xCBA3,0xCBA4,0xCBA5,0xCBA6,0xCBA7,0xCBA8,0xCBA9,
    0xCBAA,0xCBAB,0xCBAC,0xCBAD,0xCBAE,0xCBAF,0xCBB0,0xCBB2,0xCBB3,0xCBB4,0xCBB5,0xCBB6,
    0xCBB7,0xCBB8,0xCBB9,0xCBBA,0xCBBB,0xCBBC,0xCBBD,0xCBBE,0xCBBF,0xCBC0,0xCBC1,0xCBC2,
    0xCBC3,0xCBC4,0xCBC5,0xCBC6,0xCBC7,0xCBC8,0xCBC9,0xCBCA,0xCBCB,0xCBCC,0xCBCD,0xCBCE,
    0xCBCF,0xCBD0,0xCBD1,0xCBD2,0xCBD4,0xCBD5,0xCBD6,0xCBD7,0xCBD8,0xCBD9,0xCBDA,0xCBDC,
    0xCBDE,0xCBDF,0xCBE0,0xCBE1,0xCBE2,0xCBE3,0xCBE4,0xCBE5,0xCBE6,0xCBE7,0xCBE8,0xCBE9,
    0xCBEA,0xCBEB,0xCBEC,0xCBED,0xCBEE,0xCBEF,0xCBF0,0xCBF1,0xCBF3,0xCBF5,0xCBF6,0xCBF7,
    0xCBF8,0xCBF9,0xCBFA,0xCBFB,0xCBFC,0xCBFD,0xCBFE,0xCCA1,0xCCA2,0xCCA3,0xCCA4,0xCCA5,
    0xCCA6,0xCCA7,0xCCA8,0xCCA9,0xCCAA,0xCCAB,0xCCAC,0xCCAD,0xCCAE,0xCCAF,0xCCB0,0xCCB1,
    0xCCB2,0xCCB3,0xCCB4,0xCCB5,0xCCB6,0xCCB7,0xCCB8,0xCCB9,0xCCBA,0xCCBB,0xCCBC,0xCCBD,
    0xCCBE,0xCCBF,0xCCC0,0xCCC1,0xCCC3,0xCCC4,0xCCC5,0xCCC6,0xCCC7,0xCCC9,0xCCCA,0xCCCB,
    0xCCCC,0xCCCD,0xCCCE,0xCCCF,0xCCD1,0xCCD2,0xCCD3,0xCCD4,0xCCD5,0xCCD6,0xCCD7,0xCCD8,
    0xCCD9,0xCCDA,0xCCDB,0xCCDD,0xCCDE,0xCCDF,0xCCE1,0xCCE2,0xCCE3,0xCCE4,0xCCE5,0xCCE6,
    0xCCE8,0xCCE9,0xCCEA,0xCCEC,0xCCED,0xCCEE,0xCCEF,0xCCF0,0xCCF1,0xCCF2,0xCCF4,0xCCF5,
    0xCCF7,0xCCF8,0xCCF9,0xCCFA,0xCCFB,0xCCFC,0xCCFD,0xCCFE,0xCDA2,0xCDA3,0xCDA4,0xCDA5,
    0xCDA6,0xCDA7,0xCDA8,0xCDA9,0xCDAA,0xCDAB,0xCDAC,0xCDAD,0xCDAE,0xCDAF,0xCDB0,0xCDB1,
    0xCDB2,0xCDB3,0xCDB4,0xCDB5,0xCDB6,0xCDB7,0xCDB8,0xCDB9,0xCDBA,0xCDBB,0xCDBC,0xCDBD,
    0xCDBE,0xCDBF,0xCDC0,0xCDC1,0xCDC2,0xCDC3,0xCDC5,0xCDC6,0xCDC7,0xCDC8,0xCDC9,0xCDCA,
    0xCDCB,0xCDCC,0xCDCD,0xCDCE,0xCDCF,0xCDD0,0xCDD1,0xCDD2,0xCDD3,0xCDD4,0xCDD5,0xCDD6,
    0xCDD7,0xCDD8,0xCDD9,0xCDDA,0xCDDB,0xCDDC,0xCDDD,0xCDDE,0xCDDF,0xCDE0,0xCDE1,0xCDE2,
    0xCDE3,0xCDE4,0xCDE5,0xCDE6,0xCDE7,0xCDE8,0xCDE9,0xCDEA,0xCDEB,0xCDEC,0xCDED,0xCDEE,
    0xCDEF,0xCDF0,0xCDF1,0xCDF2,0xCDF3,0xCDF4,0xCDF5,0xCDF6,0xCDF7,0xCDF8,0xCDF9,0xCDFA,
    0xCDFB,0xCDFC,0xCDFD,0xCDFE,0xCEA1,0xCEA2,0xCEA3,0xCEA4,0xCEA5,0xCEA6,0xCEA7,0xCEA8,
    0xCEA9,0xCEAA,0xCEAB,0xCEAC,0xCEAD,0xCEAE,0xCEAF,0xCEB0,0xCEB1,0xCEB2,0xCEB3,0xCEB4,
    0xCEB5,0xCEB6,0xCEB7,0xCEB8,0xCEB9,0xCEBA,0xCEBB,0xCEBC,0xCEBD,0xCEBE,0xCEBF,0xCEC0,
    0xCEC1,0xCEC2,0xCEC3,0xCEC4,0xCEC5,0xCEC6,0xCEC7,0xCEC8,0xCECA,0xCECB,0xCECC,0xCECD,
    0xCECF,0xCED0,0xCED1,0xCED2,0xCED4,0xCED5,0xCED6,0xCED7,0xCED8,0xCEDA,0xCEDB,0xCEDC,
    0xCEDD,0xCEDE,0xCEDF,0xCEE0,0xCEE1,0xCEE2,0xCEE4,0xCEE5,0xCEE6,0xCEE7,0xCEE8,0xCEE9,
    0xCEEA,0xCEEC,0xCEED,0xCEEE,0xCEEF,0xCEF0,0xCEF1,0xCEF2,0xCEF3,0xCEF4,0xCEF5,0xCEF6,
    0xCEF7,0xCEF8,0xCEF9,0xCEFA,0xCEFB,0xCEFC,0xCEFD,0xCEFE,0xCFA1,0xCFA2,0xCFA3,0xCFA4,
    0xCFA5,0xCFA6,0xCFA7,0xCFA8,0xCFA9,0xCFAA,0xCFAB,0xCFAC,0xCFAD,0xCFAE,0xCFAF,0xCFB0,
    0xCFB1,0xCFB2,0xCFB3,0xCFB4,0xCFB5,0xCFB6,0xCFB7,0xCFB8,0xCFB9,0xCFBA,0xCFBB,0xCFBC,
    0xCFBD,0xCFBE,0xCFBF,0xCFC0,0xCFC1,0xCFC2,0xCFC3,0xCFC4,0xCFC5,0xCFC6,0xCFC7,0xCFC8,
    0xCFC9,0xCFCA,0xCFCB,0xCFCC,0xCFCD,0xCFCE,0xCFCF,0xCFD0,0xCFD1,0xCFD2,0xCFD3,0xCFD4,
    0xCFD5,0xCFD6,0xCFD7,0xCFD8,0xCFD9,0xCFDA,0xCFDB,0xCFDC,0xCFDD,0xCFDE,0xCFDF,0xCFE0,
    0xCFE1,0xCFE2,0xCFE3,0xCFE4,0xCFE5,0xCFE6,0xCFE7,0xCFE8,0xCFE9,0xCFEA,0xCFEB,0xCFEC,
    0xCFED,0xCFEE,0xCFEF,0xCFF0,0xCFF1,0xCFF2,0xCFF3,0xCFF4,0xCFF5,0xCFF6,0xCFF7,0xCFF8,
    0xCFF9,0xCFFA,0xCFFB,0xCFFC,0xCFFD,0xCFFE,0xD0A1,0xD0A2,0xD0A3,0xD0A4,0xD0A5,0xD0A6,
    0xD0A7,0xD0A8,0xD0A9,0xD0AA,0xD0AB,0xD0AC,0xD0AD,0xD0AE,0xD0AF,0xD0B0,0xD0B1,0xD0B2,
    0xD0B3,0xD0B4,0xD0B5,0xD0B6,0xD0B7,0xD0B8,0xD0B9,0xD0BA,0xD0BB,0xD0BC,0xD0BD,0xD0BE,
    0xD0BF,0xD0C0,0xD0C1,0xD0C2,0xD0C3,0xD0C4,0xD0C5,0xD0C6,0xD0C7,0xD0C8,0xD0C9,0xD0CA,
    0xD0CB,0xD0CC,0xD0CD,0xD0CE,0xD0CF,0xD0D0,0xD0D1,0xD0D2,0xD0D3,0xD0D4,0xD0D5,0xD0D6,
    0xD0D7,0xD0D8,0xD0D9,0xD0DA,0xD0DB,0xD0DC,0xD0DD,0xD0DE,0xD0DF,0xD0E0,0xD0E1,0xD0E2,
    0xD0E3,0xD0E4,0xD0E5,0xD0E6,0xD0E8,0xD0E9,0xD0EA,0xD0EB,0xD0EC,0xD0ED,0xD0EE,0xD0F0,
    0xD0F1,0xD0F2,0xD0F3,0xD0F5,0xD0F7,0xD0F8,0xD0F9,0xD0FA,0xD0FB,0xD0FC,0xD0FD,0xD0FE,
    0xD1A1,0xD1A3,0xD1A5,0xD1A6,0xD1A7,0xD1A8,0xD1A9,0xD1AA,0xD1AB,0xD1AC,0xD1AD,0xD1AE,
    0xD1AF,0xD1B0,0xD1B1,0xD1B2,0xD1B3,0xD1B4,0xD1B5,0xD1B6,0xD1B7,0xD1B8,0xD1B9,0xD1BA,
    0xD1BB,0xD1BC,0xD1BD,0xD1BE,0xD1BF,0xD1C0,0xD1C1,0xD1C2,0xD1C3,0xD1C4,0xD1C5,0xD1C6,
    0xD1C7,0xD1C8,0xD1C9,0xD1CA,0xD1CC,0xD1CD,0xD1CE,0xD1CF,0xD1D0,0xD1D1,0xD1D2,0xD1D3,
    0xD1D4,0xD1D5,0xD1D6,0xD1D7,0xD1D8,0xD1D9,0xD1DA,0xD1DB,0xD1DC,0xD1DD,0xD1DE,0xD1E0,
    0xD1E1,0xD1E3,0xD1E5,0xD1E6,0xD1E7,0xD1E9,0xD1EA,0xD1EB,0xD1EC,0xD1ED,0xD1EE,0xD1EF,
    0xD1F0,0xD1F1,0xD1F2,0xD1F3,0xD1F4,0xD1F5,0xD1F6,0xD1F7,0xD1F8,0xD1F9,0xD1FA,0xD1FB,
    0xD1FC,0xD1FD,0xD1FE,0xD2A1,0xD2A2,0xD2A3,0xD2A4,0xD2A5,0xD2A6,0xD2A7,0xD2A8,0xD2A9,
    0xD2AA,0xD2AB,0xD2AC,0xD2AD,0xD2AE,0xD2AF,0xD2B0,0xD2B1,0xD2B2,0xD2B3,0xD2B4,0xD2B5,
    0xD2B6,0xD2B7,0xD2B8,0xD2B9,0xD2BA,0xD2BB,0xD2BC,0xD2BD,0xD2C0,0xD2C1,0xD2C2,0xD2C3,
    0xD2C4,0xD2C5,0xD2C6,0xD2C7,0xD2C9,0xD2CB,0xD2CC,0xD2CE,0xD2CF,0xD2D0,0xD2D1,0xD2D2,
    0xD2D3,0xD2D4,0xD2D5,0xD2D6,0xD2D7,0xD2D8,0xD2D9,0xD2DA,0xD2DB,0xD2DC,0xD2DD,0xD2DF,
    0xD2E0,0xD2E2,0xD2E3,0xD2E4,0xD2E5,0xD2E6,0xD2E7,0xD2E8,0xD2E9,0xD2EA,0xD2EB,0xD2EC,
    0xD2ED,0xD2F0,0xD2F1,0xD2F2,0xD2F3,0xD2F4,0xD2F5,0xD2F6,0xD2F7,0xD2F8,0xD2F9,0xD2FA,
    0xD2FB,0xD2FC,0xD2FD,0xD2FE,0xD3A1,0xD3A2,0xD3A3,0xD3A4,0xD3A5,0xD3A6,0xD3A7,0xD3A8,
    0xD3A9,0xD3AA,0xD3AB,0xD3AC,0xD3AD,0xD3AE,0xD3AF,0xD3B0,0xD3B1,0xD3B2,0xD3B3,0xD3B4,
    0xD3B5,0xD3B6,0xD3B9,0xD3BA,0xD3BB,0xD3BD,0xD3BE,0xD3BF,0xD3C0,0xD3C1,0xD3C2,0xD3C3,
    0xD3C4,0xD3C5,0xD3C6,0xD3C7,0xD3C8,0xD3C9,0xD3CA,0xD3CB,0xD3CC,0xD3CD,0xD3CE,0xD3CF,
    0xD3D0,0xD3D1,0xD3D2,0xD3D3,0xD3D4,0xD3D5,0xD3D6,0xD3D7,0xD3D8,0xD3D9,0xD3DA,0xD3DC,
    0xD3DD,0xD3DE,0xD3E0,0xD3E1,0xD3E3,0xD3E4,0xD3E5,0xD3E6,0xD3E7,0xD3E8,0xD3E9,0xD3EA,
    0xD3EB,0xD3EC,0xD3ED,0xD3EE,0xD3EF,0xD3F0,0xD3F1,0xD3F2,0xD3F3,0xD3F4,0xD3F5,0xD3F6,
    0xD3F7,0xD3F9,0xD3FA,0xD3FB,0xD3FC,0xD3FD,0xD3FE,0xD4A1,0xD4A2,0xD4A3,0xD4A4,0xD4A5,
    0xD4A7,0xD4A8,0xD4A9,0xD4AA,0xD4AC,0xD4AD,0xD4AE,0xD4B0,0xD4B1,0xD4B2,0xD4B3,0xD4B4,
    0xD4B5,0xD4B6,0xD4B7,0xD4B8,0xD4B9,0xD4BA,0xD4BB,0xD4BC,0xD4BD,0xD4BE,0xD4BF,0xD4C0,
    0xD4C1,0xD4C2,0xD4C3,0xD4C4,0xD4C5,0xD4C6,0xD4C7,0xD4C8,0xD4C9,0xD4CA,0xD4CB,0xD4CC,
    0xD4CE,0xD4CF,0xD4D0,0xD4D2,0xD4D3,0xD4D4,0xD4D6,0xD4D7,0xD4D8,0xD4D9,0xD4DA,0xD4DB,
    0xD4DC,0xD4DD,0xD4DE,0xD4E0,0xD4E1,0xD4E2,0xD4E3,0xD4E4,0xD4E5,0xD4E6,0xD4E7,0xD4E8,
    0xD4E9,0xD4EA,0xD4EB,0xD4EC,0xD4ED,0xD4EE,0xD4EF,0xD4F0,0xD4F1,0xD4F2,0xD4F3,0xD4F4,
    0xD4F5,0xD4F6,0xD4F7,0xD4F8,0xD4F9,0xD4FA,0xD4FB,0xD4FC,0xD4FD,0xD4FE,0xD5A2,0xD5A3,
    0xD5A4,0xD5A5,0xD5A6,0xD5A7,0xD5A8,0xD5A9,0xD5AA,0xD5AB,0xD5AC,0xD5AD,0xD5AE,0xD5AF,
    0xD5B0,0xD5B3,0xD5B4,0xD5B5,0xD5B6,0xD5B7,0xD5B8,0xD5B9,0xD5BB,0xD5BC,0xD5BD,0xD5BE,
    0xD5BF,0xD5C1,0xD5C2,0xD5C3,0xD5C5,0xD5C6,0xD5C7,0xD5C8,0xD5C9,0xD5CA,0xD5CB,0xD5CC,
    0xD5CD,0xD5CF,0xD5D0,0xD5D1,0xD5D2,0xD5D3,0xD5D4,0xD5D5,0xD5D6,0xD5D7,0xD5D8,0xD5D9,
    0xD5DA,0xD5DB,0xD5DC,0xD5DD,0xD5DE,0xD5DF,0xD5E0,0xD5E1,0xD5E2,0xD5E3,0xD5E4,0xD5E5,
    0xD5E6,0xD5E7,0xD5E8,0xD5E9,0xD5EA,0xD5EB,0xD5EC,0xD5ED,0xD5EE,0xD5EF,0xD5F0,0xD5F1,
    0xD5F2,0xD5F3,0xD5F4,0xD5F5,0xD5F6,0xD5F7,0xD5F8,0xD5F9,0xD5FA,0xD5FB,0xD5FC,0xD5FD,
    0xD5FE,0xD6A1,0xD6A2,0xD6A3,0xD6A4,0xD6A5,0xD6A6,0xD6A7,0xD6A8,0xD6A9,0xD6AA,0xD6AB,
    0xD6AC,0xD6AD,0xD6AE,0xD6AF,0xD6B0,0xD6B1,0xD6B2,0xD6B3,0xD6B4,0xD6B5,0xD6B6,0xD6B7,
    0xD6B8,0xD6B9,0xD6BA,0xD6BB,0xD6BC,0xD6BD,0xD6BE,0xD6BF,0xD6C0,0xD6C1,0xD6C2,0xD6C3,
    0xD6C4,0xD6C5,0xD6C6,0xD6C7,0xD6C8,0xD6C9,0xD6CA,0xD6CB,0xD6CC,0xD6CD,0xD6CE,0xD6CF,
    0xD6D0,0xD6D1,0xD6D2,0xD6D3,0xD6D4,0xD6D5,0xD6D6,0xD6D7,0xD6D8,0xD6D9,0xD6DA,0xD6DB,
    0xD6DC,0xD6DD,0xD6DE,0xD6DF,0xD6E0,0xD6E1,0xD6E2,0xD6E3,0xD6E4,0xD6E5,0xD6E6,0xD6E7,
    0xD6E8,0xD6E9,0xD6EA,0xD6EB,0xD6EC,0xD6ED,0xD6EE,0xD6EF,0xD6F0,0xD6F1,0xD6F2,0xD6F3,
    0xD6F4,0xD6F5,0xD6F6,0xD6F7,0xD6F8,0xD6F9,0xD6FA,0xD6FB,0xD6FC,0xD6FD,0xD6FE,0xD7A1,
    0xD7A2,0xD7A3,0xD7A4,0xD7A5,0xD7A6,0xD7A8,0xD7A9,0xD7AA,0xD7AB,0xD7AC,0xD7AE,0xD7AF,
    0xD7B0,0xD7B1,0xD7B2,0xD7B3,0xD7B4,0xD7B5,0xD7B6,0xD7B7,0xD7B8,0xD7B9,0xD7BC,0xD7BD,
    0xD7BF,0xD7C0,0xD7C1,0xD7C3,0xD7C5,0xD7C7,0xD7C9,0xD7CA,0xD7CB,0xD7CC,0xD7CF,0xD7D0,
    0xD7D1,0xD7D3,0xD7D4,0xD7D5,0xD7D6,0xD7D8,0xD7D9,0xD7DA,0xD7DB,0xD7DC,0xD7DD,0xD7DE,
    0xD7DF,0xD7E0,0xD7E1,0xD7E2,0xD7E3,0xD7E4,0xD7E5,0xD7E6,0xD7E7,0xD7E8,0xD7E9,0xD7EA,
    0xD7EB,0xD7EC,0xD7ED,0xD7EE,0xD7EF,0xD7F0,0xD7F1,0xD7F2,0xD7F3,0xD7F4,0xD7F5,0xD7F6,
    0xD7F7,0xD7F8,0xD7F9,0xDAA3,0xDECE,0xE0AC,0xE0BD,0xE0C2,0xE0C5,0xE0DB,0xE0DE,0xE0E2,
    0xE4AF,0xE4D6,0xF2F0,0xF6F9,0xF7BC,0xF7C3,
};
extern "C" const Uint16 _FontCjkIdxOfGbk[3870] = {
    240,2,1,23,22,24,21,9,10,7,8,19,
    20,15,16,13,14,26,27,28,29,17,18,241,
    239,224,223,246,247,248,249,250,242,243,244,245,
    225,226,227,228,229,230,231,232,233,234,235,236,
    237,238,198,199,200,201,202,203,204,205,206,207,
    208,209,5,25,11,12,0,3,4,6,30,31,
    32,33,34,35,36,37,38,39,40,41,42,43,
    44,45,46,47,48,49,50,51,52,53,54,55,
    56,57,58,59,60,61,62,63,64,65,66,67,
    68,69,70,71,72,73,74,75,76,77,78,79,
    80,81,82,83,84,85,86,87,88,89,90,91,
    92,93,94,95,96,97,98,99,100,101,102,103,
    104,105,106,107,108,109,110,113,114,115,116,117,
    118,119,120,121,122,123,124,125,126,127,128,129,
    130,131,132,133,134,135,136,137,138,139,140,141,
    142,143,144,145,146,147,148,149,150,151,152,153,
    154,155,156,157,158,159,160,161,162,163,164,165,
    166,167,168,169,170,171,172,173,174,175,176,177,
    178,179,180,181,182,183,184,185,186,187,188,189,
    190,191,192,193,194,195,196,211,216,217,218,213,
    212,214,215,210,219,220,221,222,197,111,112,274,
    275,276,277,278,279,280,281,282,283,284,285,286,
    287,288,289,290,291,292,293,294,295,296,297,298,
    299,300,301,302,303,304,305,306,307,308,309,310,
    311,312,313,314,315,316,317,318,319,320,321,322,
    323,324,325,326,327,328,329,330,331,332,333,334,
    335,336,337,338,339,340,341,342,343,344,345,346,
    347,348,349,350,351,352,353,354,355,356,357,358,
    359,360,361,362,363,364,365,366,367,368,369,370,
    371,372,373,374,375,376,377,378,379,380,381,382,
    383,384,385,386,387,388,389,390,391,392,393,394,
    395,396,397,398,399,400,401,402,403,404,405,406,
    407,408,409,410,411,412,413,414,415,416,417,418,
    419,420,421,422,423,424,425,426,427,428,429,430,
    431,432,433,434,435,436,437,438,439,440,441,442,
    443,444,445,446,447,448,449,450,451,452,453,454,
    455,456,457,458,459,460,461,462,463,464,465,466,
    467,468,469,470,471,472,473,474,475,476,477,478,
    479,480,481,482,483,484,485,486,487,488,489,490,
    491,492,493,494,495,496,497,498,499,500,501,502,
    503,504,505,506,507,508,509,510,511,512,513,514,
    515,516,517,518,519,520,521,522,523,524,525,526,
    527,528,529,530,531,532,533,534,535,536,537,538,
    539,540,541,542,543,544,545,546,547,548,549,550,
    551,552,553,554,555,556,557,558,559,560,561,562,
    563,564,565,566,567,568,569,570,571,572,573,574,
    575,576,577,578,579,580,581,582,583,584,585,586,
    587,588,589,590,591,592,593,594,595,596,597,598,
    599,600,601,602,603,604,605,606,607,608,609,610,
    611,612,613,614,615,616,617,618,619,620,621,622,
    623,624,625,626,627,628,629,630,631,632,633,634,
    635,636,637,638,639,640,641,642,643,644,645,646,
    647,648,649,650,651,652,653,654,655,656,657,658,
    659,660,661,662,663,664,665,666,667,668,669,670,
    671,672,673,674,675,676,677,678,679,680,681,682,
    683,684,685,686,687,688,689,690,691,692,693,694,
    695,696,697,698,699,700,701,702,703,704,705,706,
    707,708,709,710,711,712,713,714,715,716,717,718,
    719,720,721,722,723,724,725,726,727,728,729,730,
    731,732,733,734,735,736,737,738,739,740,741,742,
    743,744,745,746,747,748,749,750,751,752,753,754,
    755,756,757,758,759,760,761,762,763,764,765,766,
    767,768,769,770,771,772,773,774,775,776,777,778,
    779,780,781,782,783,784,785,786,787,788,789,790,
    791,792,793,794,795,796,797,798,799,800,801,802,
    803,804,805,806,807,808,809,810,811,812,813,814,
    815,816,817,818,819,820,821,822,823,824,825,826,
    827,828,829,830,831,832,833,834,835,836,837,838,
    839,840,841,842,843,844,845,846,847,848,849,850,
    851,852,853,854,855,856,857,858,859,860,861,862,
    863,864,865,866,867,868,869,870,871,872,873,874,
    875,876,877,878,879,880,881,253,882,883,884,885,
    886,887,888,889,890,891,892,893,894,895,896,897,
    898,899,900,901,902,903,904,905,906,907,908,909,
    910,911,912,913,914,915,916,917,918,919,920,921,
    922,923,924,925,926,927,928,929,930,931,932,933,
    934,935,936,937,938,939,940,941,942,943,944,945,
    946,947,948,949,950,951,952,953,954,955,956,957,
    958,959,960,961,962,963,964,965,966,967,968,969,
    970,971,972,973,974,975,976,977,978,979,980,981,
    982,983,984,985,986,987,988,989,990,991,992,993,
    994,995,996,997,998,999,1000,1001,1002,1003,1004,1005,
    1006,1007,1008,1009,1010,1011,1012,1013,1014,1015,1016,1017,
    1018,1019,1020,1021,1022,1023,1024,1025,1026,1027,1028,1029,
    1030,1031,1032,1033,1034,1035,1036,267,1037,1038,1039,1040,
    1041,1042,1043,1044,1045,1046,1047,1048,1049,1050,1051,1052,
    1053,1054,1055,1056,1057,1058,1059,1060,1061,1062,1063,1064,
    1065,1066,1067,1068,1069,1070,1071,1072,1073,1074,1075,1076,
    1077,1078,1079,1080,1081,1082,1083,1084,1085,1086,1087,1088,
    1089,1090,1091,1092,1093,1094,1095,1096,1097,1098,1099,1100,
    1101,1102,1103,1104,1105,1106,1107,1108,1109,1110,1111,1112,
    1113,1114,1115,1116,1117,1118,1119,1120,1121,1122,1123,1124,
    1125,1126,1127,1128,1129,1130,1131,1132,1133,1134,1135,1136,
    1137,1138,1139,1140,1141,1142,1143,1144,1145,1146,1147,1148,
    1149,1150,1151,1152,1153,1154,1155,1156,1157,1158,1159,1160,
    1161,1162,1163,1164,1165,1166,1167,1168,1169,1170,1171,1172,
    1173,1174,1175,1176,1177,1178,1179,1180,1181,1182,1183,1184,
    1185,1186,1187,1188,1189,1190,1191,1192,1193,1194,1195,1196,
    1197,1198,1199,1200,1201,1202,1203,1204,1205,1206,1207,1208,
    1209,1210,1211,1212,1213,1214,1215,1216,1217,1218,1219,1220,
    1221,1222,1223,1224,1225,1226,1227,1228,1229,1230,1231,1232,
    1233,1234,1235,1236,1237,1238,1239,1240,1241,1242,1243,1244,
    1245,1246,1247,1248,266,1249,1250,1251,1252,1253,1254,1255,
    1256,1257,1258,1259,1260,1261,1262,1263,1264,1265,1266,1267,
    1268,1269,1270,1271,1272,1273,1274,1275,1276,1277,1278,1279,
    1280,1281,1282,1283,1284,1285,1286,1287,1288,1289,1290,1291,
    1292,1293,1294,1295,1296,1297,1298,1299,1300,1301,1302,1303,
    1304,1305,1306,1307,1308,1309,1310,1311,1312,1313,1314,1315,
    1316,1317,1318,1319,1320,1321,1322,1323,1324,1325,1326,1327,
    1328,1329,1330,1331,1332,1333,1334,1335,1336,1337,1338,1339,
    1340,1341,1342,1343,1344,1345,1346,1347,1348,1349,1350,1351,
    1352,1353,1354,1355,1356,1357,1358,1359,1360,1361,1362,1363,
    1364,1365,1366,1367,1368,1369,1370,1371,1372,1373,1374,1375,
    1376,1377,1378,1379,1380,1381,1382,1383,1384,1385,1386,1387,
    1388,1389,1390,1391,1392,1393,1394,1395,1396,1397,1398,1399,
    1400,1401,1402,1403,1404,1405,1406,1407,1408,1409,1410,1411,
    1412,1413,1414,1415,1416,1417,1418,1419,1420,1421,1422,1423,
    1424,1425,1426,1427,1428,1429,1430,1431,1432,1433,1434,1435,
    1436,1437,1438,1439,1440,1441,1442,1443,1444,1445,1446,1447,
    1448,1449,1450,1451,1452,1453,1454,1455,1456,1457,1458,1459,
    1460,1461,1462,1463,1464,1465,1466,1467,1468,1469,1470,1471,
    1472,1473,1474,1475,1476,1477,1478,1479,1480,1481,1482,1483,
    1484,1485,1486,1487,1488,1489,1490,1491,1492,1493,1494,1495,
    1496,1497,1498,1499,1500,1501,1502,1503,1504,1505,1506,1507,
    1508,1509,1510,1511,1512,1513,1514,1515,1516,1517,1518,1519,
    1520,1521,1522,1523,1524,1525,1526,1527,1528,1529,1530,1531,
    1532,1533,1534,1535,1536,1537,1538,1539,1540,1541,1542,1543,
    1544,1545,1546,1547,1548,1549,1550,1551,1552,1553,1554,1555,
    1556,1557,1558,1559,1560,1561,1562,1563,1564,1565,1566,1567,
    1568,1569,1570,1571,1572,1573,1574,1575,1576,1577,1578,1579,
    1580,1581,1582,1583,1584,1585,1586,1587,1588,1589,1590,1591,
    1592,1593,1594,1595,1596,1597,1598,1599,1600,1601,1602,1603,
    1604,1605,1606,1607,1608,1609,1610,1611,1612,1613,1614,1615,
    1616,1617,1618,1619,1620,1621,1622,1623,1624,1625,1626,1627,
    1628,1629,1630,1631,1632,1633,1634,1635,1636,1637,1638,1639,
    1640,1641,1642,1643,1644,1645,1646,1647,1648,1649,1650,1651,
    1652,1653,1654,1655,1656,1657,1658,1659,1660,1661,1662,1663,
    1664,1665,1666,1667,1668,1669,1670,1671,1672,1673,1674,1675,
    1676,1677,1678,1679,1680,1681,1682,1683,1684,1685,1686,1687,
    1688,1689,1690,1691,1692,1693,1694,1695,1696,1697,1698,1699,
    1700,1701,1702,1703,1704,1705,1706,1707,1708,1709,1710,1711,
    1712,1713,1714,1715,1716,1717,1718,1719,1720,1721,1722,1723,
    1724,1725,1726,1727,1728,1729,1730,1731,1732,1733,1734,1735,
    1736,1737,1738,1739,1740,1741,1742,1743,1744,1745,1746,1747,
    1748,1749,1750,1751,1752,1753,1754,1755,1756,1757,1758,1759,
    1760,1761,1762,1763,1764,1765,1766,1767,1768,1769,1770,1771,
    1772,1773,1774,1775,1776,1777,1778,1779,1780,1781,1782,1783,
    1784,1785,1786,1787,1788,1789,1790,1791,1792,1793,1794,1795,
    1796,1797,1798,1799,1800,1801,1802,1803,1804,1805,1806,1807,
    1808,1809,1810,1811,1812,1813,1814,1815,1816,1817,1818,1819,
    1820,1821,1822,1823,1824,1825,1826,1827,1828,1829,1830,1831,
    1832,1833,1834,1835,1836,270,1837,1838,1839,1840,257,1841,
    1842,1843,1844,1845,1846,1847,1848,1849,1850,1851,1852,1853,
    1854,1855,1856,1857,1858,1859,1860,1861,1862,1863,1864,1865,
    1866,1867,1868,1869,1870,1871,1872,1873,1874,1875,1876,1877,
    1878,1879,1880,1881,1882,1883,1884,1885,1886,1887,1888,1889,
    1890,1891,1892,1893,1894,1895,1896,1897,1898,1899,1900,1901,
    1902,1903,1904,1905,1906,1907,1908,1909,1910,1911,1912,1913,
    1914,1915,1916,1917,1918,1919,1920,1921,1922,1923,1924,1925,
    1926,1927,1928,1929,1930,1931,1932,1933,1934,1935,1936,1937,
    1938,1939,1940,1941,1942,1943,1944,1945,1946,1947,1948,1949,
    1950,1951,1952,1953,1954,1955,1956,1957,1958,1959,1960,1961,
    1962,1963,1964,1965,1966,1967,1968,1969,1970,1971,1972,1973,
    1974,1975,1976,1977,1978,1979,1980,1981,1982,1983,1984,1985,
    1986,1987,1988,1989,1990,1991,1992,1993,1994,1995,1996,1997,
    1998,1999,2000,2001,2002,2003,2004,2005,2006,2007,2008,2009,
    2010,2011,2012,2013,2014,2015,2016,2017,2018,2019,2020,2021,
    2022,2023,2024,2025,2026,2027,2028,2029,2030,2031,2032,2033,
    2034,2035,2036,2037,2038,2039,2040,2041,2042,2043,2044,2045,
    2046,2047,2048,2049,2050,2051,2052,2053,2054,2055,2056,2057,
    2058,2059,2060,2061,2062,2063,2064,2065,2066,2067,2068,2069,
    2070,2071,2072,2073,2074,2075,2076,2077,2078,2079,2080,2081,
    2082,2083,2084,2085,2086,2087,2088,2089,2090,2091,2092,2093,
    2094,2095,2096,2097,2098,2099,2100,2101,2102,2103,2104,2105,
    2106,2107,2108,2109,2110,2111,2112,2113,2114,2115,2116,2117,
    2118,2119,2120,2121,2122,2123,2124,2125,2126,2127,2128,2129,
    2130,2131,2132,2133,2134,2135,2136,2137,2138,2139,2140,2141,
    2142,2143,2144,2145,2146,2147,2148,2149,2150,2151,2152,2153,
    2154,2155,2156,2157,2158,2159,2160,2161,2162,2163,2164,2165,
    2166,2167,2168,2169,2170,2171,2172,2173,2174,2175,2176,2177,
    2178,2179,2180,2181,2182,2183,260,2184,2185,2186,2187,2188,
    2189,2190,2191,2192,2193,2194,2195,2196,2197,2198,2199,2200,
    2201,2202,2203,2204,2205,2206,2207,2208,2209,2210,2211,2212,
    2213,2214,2215,2216,2217,2218,2219,2220,2221,2222,2223,2224,
    2225,2226,2227,2228,2229,2230,2231,2232,2233,2234,2235,2236,
    2237,2238,2239,2240,2241,2242,2243,2244,2245,2246,2247,2248,
    2249,2250,2251,2252,2253,2254,2255,2256,2257,2258,2259,2260,
    2261,2262,2263,2264,2265,2266,2267,2268,2269,2270,2271,2272,
    2273,2274,2275,2276,2277,2278,2279,2280,2281,2282,2283,2284,
    2285,2286,2287,2288,2289,2290,2291,2292,2293,2294,2295,2296,
    2297,2298,2299,2300,2301,2302,2303,2304,2305,2306,2307,2308,
    2309,2310,2311,2312,2313,2314,2315,2316,2317,2318,2319,2320,
    2321,2322,2323,2324,2325,2326,2327,2328,2329,2330,2331,2332,
    2333,2334,2335,2336,2337,2338,2339,2340,2341,2342,2343,2344,
    2345,2346,2347,2348,261,2349,2350,2351,2352,2353,2354,2355,
    2356,2357,2358,2359,2360,2361,2362,2363,2364,2365,2366,2367,
    2368,2369,2370,2371,2372,2373,2374,2375,2376,2377,2378,2379,
    2380,2381,2382,2383,2384,2385,2386,2387,2388,2389,2390,2391,
    2392,2393,2394,2395,2396,2397,2398,2399,2400,2401,2402,2403,
    2404,2405,2406,2407,2408,2409,2410,2411,2412,2413,2414,2415,
    2416,2417,2418,2419,2420,2421,2422,2423,2424,2425,2426,2427,
    2428,2429,2430,2431,2432,2433,2434,2435,2436,2437,2438,2439,
    2440,2441,2442,2443,2444,2445,2446,2447,2448,2449,2450,2451,
    2452,2453,2454,2455,2456,2457,2458,2459,2460,2461,2462,2463,
    2464,2465,2466,2467,2468,2469,2470,2471,2472,2473,2474,2475,
    2476,2477,2478,2479,2480,2481,2482,2483,2484,2485,2486,2487,
    2488,2489,2490,2491,2492,2493,2494,2495,2496,2497,2498,2499,
    2500,2501,2502,2503,2504,2505,2506,2507,2508,2509,2510,2511,
    2512,2513,2514,2515,2516,2517,2518,2519,2520,2521,2522,2523,
    2524,2525,2526,2527,2528,2529,2530,2531,2532,2533,2534,2535,
    2536,2537,2538,2539,2540,2541,2542,2543,2544,2545,2546,2547,
    2548,2549,2550,2551,2552,2553,2554,2555,2556,2557,2558,2559,
    2560,2561,2562,2563,2564,2565,2566,2567,2568,2569,2570,2571,
    2572,2573,2574,2575,2576,2577,2578,2579,2580,2581,2582,2583,
    2584,2585,2586,2587,2588,2589,2590,2591,2592,2593,2594,2595,
    2596,2597,2598,2599,2600,2601,2602,2603,2604,2605,2606,2607,
    2608,2609,2610,2611,2612,2613,2614,2615,2616,2617,2618,2619,
    2620,2621,2622,2623,2624,2625,2626,2627,2628,2629,2630,2631,
    2632,2633,2634,2635,2636,2637,2638,2639,2640,2641,2642,2643,
    2644,2645,2646,2647,2648,2649,2650,2651,2652,2653,2654,2655,
    2656,2657,2658,2659,2660,2661,2662,2663,2664,2665,2666,2667,
    2668,2669,2670,2671,2672,2673,2674,2675,2676,2677,2678,2679,
    2680,2681,2682,2683,2684,2685,2686,2687,2688,2689,2690,2691,
    2692,2693,2694,2695,2696,2697,2698,2699,2700,2701,2702,2703,
    2704,2705,2706,2707,2708,2709,2710,2711,2712,2713,2714,2715,
    2716,2717,2718,2719,2720,2721,2722,2723,2724,2725,2726,2727,
    2728,2729,2730,2731,2732,2733,2734,2735,2736,2737,2738,2739,
    2740,2741,2742,2743,2744,2745,2746,2747,2748,2749,2750,2751,
    2752,2753,2754,2755,2756,2757,2758,2759,2760,2761,2762,2763,
    2764,2765,2766,2767,2768,2769,2770,2771,2772,2773,2774,2775,
    2776,2777,2778,2779,2780,2781,2782,2783,2784,2785,2786,2787,
    2788,2789,2790,2791,2792,2793,2794,2795,2796,2797,2798,2799,
    2800,2801,2802,2803,2804,2805,2806,2807,2808,2809,2810,2811,
    2812,2813,2814,2815,2816,2817,2818,2819,2820,2821,2822,2823,
    2824,2825,2826,2827,2828,2829,2830,2831,2832,2833,2834,2835,
    2836,2837,2838,2839,2840,2841,2842,2843,2844,2845,2846,2847,
    2848,2849,2850,2851,2852,2853,2854,2855,2856,2857,2858,2859,
    2860,2861,2862,2863,2864,2865,2866,2867,2868,2869,2870,2871,
    2872,2873,2874,2875,2876,2877,2878,2879,2880,2881,2882,2883,
    2884,2885,2886,2887,2888,2889,2890,2891,2892,2893,2894,2895,
    2896,2897,2898,2899,2900,2901,2902,2903,2904,2905,2906,2907,
    2908,2909,2910,2911,2912,2913,2914,2915,2916,2917,2918,2919,
    2920,2921,2922,2923,2924,2925,2926,2927,2928,2929,2930,2931,
    2932,2933,2934,2935,2936,2937,2938,2939,2940,2941,2942,2943,
    2944,2945,2946,2947,2948,2949,2950,2951,2952,2953,2954,2955,
    2956,2957,2958,2959,2960,2961,2962,2963,2964,2965,2966,2967,
    2968,2969,2970,2971,2972,2973,2974,2975,2976,2977,2978,2979,
    2980,2981,2982,2983,2984,2985,2986,2987,2988,2989,2990,2991,
    2992,2993,2994,2995,2996,2997,2998,2999,3000,3001,3002,3003,
    3004,3005,3006,3007,3008,3009,3010,3011,3012,3013,3014,3015,
    3016,3017,3018,3019,3020,3021,3022,3023,3024,3025,3026,3027,
    3028,3029,3030,3031,3032,3033,3034,3035,3036,3037,3038,3039,
    3040,3041,3042,3043,3044,3045,3046,3047,3048,3049,3050,3051,
    3052,3053,3054,3055,3056,3057,3058,3059,3060,3061,3062,3063,
    3064,3065,3066,3067,3068,3069,3070,3071,3072,3073,3074,3075,
    3076,3077,3078,3079,3080,3081,3082,3083,3084,3085,3086,3087,
    3088,3089,3090,3091,3092,3093,3094,3095,3096,3097,3098,3099,
    3100,3101,3102,3103,3104,3105,3106,3107,3108,3109,3110,3111,
    3112,3113,3114,3115,3116,3117,3118,3119,3120,3121,3122,3123,
    3124,3125,3126,3127,3128,3129,3130,3131,3132,3133,3134,3135,
    3136,3137,3138,3139,3140,3141,3142,3143,3144,3145,3146,3147,
    3148,3149,3150,3151,3152,3153,3154,3155,3156,3157,3158,3159,
    3160,3161,3162,3163,3164,3165,3166,3167,3168,3169,3170,3171,
    3172,3173,3174,3175,3176,3177,3178,3179,3180,3181,3182,3183,
    3184,3185,3186,3187,3188,3189,3190,3191,3192,3193,3194,3195,
    3196,3197,3198,3199,3200,3201,3202,3203,3204,3205,3206,3207,
    3208,3209,3210,3211,3212,3213,3214,3215,3216,3217,3218,3219,
    3220,3221,3222,3223,3224,3225,3226,3227,3228,3229,3230,3231,
    3232,3233,3234,3235,3236,3237,3238,3239,3240,3241,3242,3243,
    3244,3245,3246,3247,3248,3249,3250,3251,3252,3253,3254,3255,
    3256,3257,3258,3259,3260,3261,3262,3263,3264,3265,3266,3267,
    3268,3269,3270,3271,3272,3273,3274,3275,3276,3277,3278,3279,
    3280,3281,3282,3283,3284,3285,3286,3287,3288,3289,3290,3291,
    3292,3293,3294,3295,3296,3297,3298,3299,3300,3301,3302,3303,
    3304,3305,3306,3307,3308,3309,3310,3311,3312,3313,3314,3315,
    3316,3317,3318,3319,3320,3321,3322,3323,3324,3325,3326,3327,
    3328,3329,3330,3331,3332,3333,3334,3335,3336,3337,3338,3339,
    3340,3341,3342,3343,3344,3345,3346,3347,3348,3349,3350,3351,
    3352,3353,3354,3355,3356,3357,3358,3359,3360,3361,3362,3363,
    3364,3365,3366,3367,3368,3369,3370,3371,3372,3373,3374,3375,
    3376,3377,3378,3379,3380,3381,3382,3383,3384,3385,3386,3387,
    3388,3389,3390,3391,3392,3393,3394,3395,3396,3397,3398,3399,
    3400,3401,3402,3403,3404,3405,3406,3407,3408,3409,3410,3411,
    3412,3413,3414,3415,3416,3417,3418,3419,3420,3421,3422,3423,
    3424,3425,3426,3427,3428,3429,3430,3431,3432,3433,3434,3435,
    3436,3437,3438,3439,3440,3441,3442,3443,3444,3445,3446,3447,
    3448,3449,3450,3451,3452,3453,3454,3455,3456,3457,3458,269,
    3459,3460,3461,3462,3463,3464,3465,3466,3467,3468,3469,3470,
    3471,3472,3473,3474,3475,3476,3477,3478,3479,3480,3481,3482,
    3483,3484,3485,3486,3487,3488,3489,3490,3491,3492,3493,3494,
    3495,3496,3497,3498,3499,3500,3501,3502,3503,3504,3505,3506,
    3507,3508,3509,3510,3511,3512,3513,3514,3515,3516,3517,3518,
    3519,3520,3521,3522,3523,3524,3525,3526,3527,3528,3529,3530,
    3531,3532,3533,3534,3535,3536,3537,3538,3539,3540,3541,3542,
    3543,3544,3545,3546,3547,3548,3549,3550,3551,3552,3553,3554,
    3555,3556,3557,3558,3559,3560,3561,3562,3563,3564,3565,3566,
    3567,3568,3569,3570,3571,3572,3573,3574,3575,3576,3577,3578,
    3579,3580,3581,3582,3583,3584,3585,3586,3587,3588,3589,3590,
    3591,3592,3593,3594,3595,3596,3597,3598,3599,3600,3601,3602,
    3603,3604,3605,3606,3607,3608,3609,3610,3611,3612,3613,3614,
    3615,3616,3617,3618,3619,3620,3621,3622,3623,3624,3625,3626,
    3627,3628,3629,3630,3631,3632,3633,3634,3635,3636,3637,3638,
    3639,3640,3641,3642,3643,3644,3645,3646,3647,3648,3649,3650,
    3651,3652,3653,3654,3655,3656,3657,3658,3659,3660,3661,3662,
    3663,3664,3665,3666,3667,3668,3669,3670,3671,3672,3673,3674,
    3675,3676,3677,3678,3679,3680,3681,3682,3683,3684,3685,3686,
    3687,3688,3689,3690,3691,3692,3693,3694,3695,3696,3697,3698,
    3699,3700,3701,3702,3703,3704,3705,3706,3707,3708,3709,3710,
    3711,3712,3713,3714,3715,3716,3717,3718,3719,3720,3721,3722,
    3723,3724,3725,3726,3727,3728,3729,3730,3731,3732,3733,3734,
    3735,3736,3737,3738,3739,3740,3741,3742,3743,3744,3745,3746,
    3747,3748,3749,3750,3751,3752,3753,3754,3755,3756,3757,3758,
    3759,3760,3761,3762,3763,3764,3765,3766,3767,3768,3769,3770,
    3771,3772,3773,3774,3775,3776,3777,3778,3779,3780,3781,3782,
    3783,3784,3785,3786,3787,3788,3789,3790,3791,3792,3793,3794,
    3795,3796,3797,3798,3799,3800,3801,3802,3803,3804,3805,3806,
    3807,3808,3809,3810,3811,3812,3813,3814,3815,3816,3817,3818,
    3819,3820,3821,3822,3823,3824,3825,3826,3827,3828,3829,3830,
    3831,3832,3833,3834,3835,3836,3837,3838,3839,3840,3841,3842,
    3843,3844,3845,3846,3847,3848,3849,3850,3851,3852,3853,3854,
    3855,3856,3857,3858,3859,3860,3861,3862,3863,3864,3865,3866,
    3867,3868,3869,259,262,271,263,268,264,272,265,273,
    251,252,254,258,255,256,
};

extern "C" const Uint8 _FontCjkBits[3870][24] = {
    {0x00,0x00,0x00,0x00,0x00,0x00,0x00,0x00,0x00,0x00,0x00,0x00,0x80,0x01,0x80,0x01,0x80,0x00,0x00,0x01,0x00,0x00,0x00,0x00}, /* ， */
    {0x00,0x00,0x00,0x00,0x00,0x00,0x00,0x00,0x00,0x00,0xC0,0x00,0x20,0x01,0x20,0x01,0xC0,0x00,0x00,0x00,0x00,0x00,0x00,0x00}, /* 。 */
    {0x00,0x00,0x00,0x00,0x00,0x00,0x00,0x00,0x00,0x00,0x00,0x00,0x80,0x00,0x40,0x00,0x60,0x00,0x20,0x00,0x00,0x00,0x00,0x00}, /* 、 */
    {0x00,0x00,0x00,0x00,0x00,0x00,0x00,0x00,0x80,0x01,0x80,0x01,0x00,0x00,0x00,0x00,0x80,0x01,0x80,0x01,0x00,0x00,0x00,0x00}, /* ： */
    {0x00,0x00,0x00,0x00,0x00,0x00,0x80,0x01,0x80,0x01,0x00,0x00,0x80,0x01,0x80,0x01,0x80,0x00,0x00,0x01,0x00,0x00,0x00,0x00}, /* ； */
    {0x00,0x00,0x80,0x01,0x80,0x01,0x80,0x01,0x80,0x01,0x80,0x01,0x00,0x00,0x00,0x00,0x80,0x01,0x80,0x01,0x00,0x00,0x00,0x00}, /* ！ */
    {0xC0,0x00,0x20,0x01,0x30,0x03,0x30,0x03,0x60,0x00,0xC0,0x00,0xC0,0x00,0xC0,0x00,0x00,0x00,0xC0,0x00,0xC0,0x00,0x00,0x00}, /* ？ */
    {0x00,0x00,0x24,0x00,0x48,0x00,0x6C,0x00,0x6C,0x00,0x00,0x00,0x00,0x00,0x00,0x00,0x00,0x00,0x00,0x00,0x00,0x00,0x00,0x00}, /* “ */
    {0x00,0x00,0xB0,0x01,0xB0,0x01,0x90,0x00,0x20,0x01,0x00,0x00,0x00,0x00,0x00,0x00,0x00,0x00,0x00,0x00,0x00,0x00,0x00,0x00}, /* ” */
    {0x00,0x00,0x04,0x00,0x08,0x00,0x0C,0x00,0x0C,0x00,0x00,0x00,0x00,0x00,0x00,0x00,0x00,0x00,0x00,0x00,0x00,0x00,0x00,0x00}, /* ‘ */
    {0x00,0x00,0x80,0x01,0x80,0x01,0x80,0x00,0x00,0x01,0x00,0x00,0x00,0x00,0x00,0x00,0x00,0x00,0x00,0x00,0x00,0x00,0x00,0x00}, /* ’ */
    {0x00,0x00,0x04,0x00,0x08,0x00,0x08,0x00,0x10,0x00,0x10,0x00,0x10,0x00,0x10,0x00,0x08,0x00,0x08,0x00,0x04,0x00,0x00,0x00}, /* （ */
    {0x00,0x00,0x00,0x01,0x80,0x00,0x80,0x00,0x40,0x00,0x40,0x00,0x40,0x00,0x40,0x00,0x80,0x00,0x80,0x00,0x00,0x01,0x00,0x00}, /* ） */
    {0x00,0x00,0x24,0x00,0x24,0x00,0x48,0x00,0x48,0x00,0x90,0x00,0x48,0x00,0x48,0x00,0x24,0x00,0x24,0x00,0x00,0x00,0x00,0x00}, /* 《 */
    {0x00,0x00,0x20,0x01,0x20,0x01,0x90,0x00,0x90,0x00,0x48,0x00,0x90,0x00,0x90,0x00,0x20,0x01,0x20,0x01,0x00,0x00,0x00,0x00}, /* 》 */
    {0x00,0x00,0x02,0x00,0x04,0x00,0x08,0x00,0x10,0x00,0x20,0x00,0x10,0x00,0x08,0x00,0x04,0x00,0x02,0x00,0x00,0x00,0x00,0x00}, /* 〈 */
    {0x00,0x00,0x00,0x02,0x00,0x01,0x80,0x00,0x40,0x00,0x20,0x00,0x40,0x00,0x80,0x00,0x00,0x01,0x00,0x02,0x00,0x00,0x00,0x00}, /* 〉 */
    {0x00,0x00,0x3E,0x00,0x3C,0x00,0x38,0x00,0x30,0x00,0x30,0x00,0x30,0x00,0x30,0x00,0x38,0x00,0x3C,0x00,0x3E,0x00,0x00,0x00}, /* 【 */
    {0x00,0x00,0xF0,0x01,0xF0,0x00,0x70,0x00,0x30,0x00,0x30,0x00,0x30,0x00,0x30,0x00,0x70,0x00,0xF0,0x00,0xF0,0x01,0x00,0x00}, /* 】 */
    {0x00,0x00,0x04,0x00,0x08,0x00,0x10,0x00,0x10,0x00,0x10,0x00,0x10,0x00,0x10,0x00,0x10,0x00,0x08,0x00,0x04,0x00,0x00,0x00}, /* 〔 */
    {0x00,0x00,0x00,0x01,0x80,0x00,0x40,0x00,0x40,0x00,0x40,0x00,0x40,0x00,0x40,0x00,0x40,0x00,0x80,0x00,0x00,0x01,0x00,0x00}, /* 〕 */
    {0x00,0x00,0x00,0x00,0x00,0x00,0x00,0x00,0x66,0x06,0x66,0x06,0x00,0x00,0x00,0x00,0x00,0x00,0x00,0x00,0x00,0x00,0x00,0x00}, /* … */
    {0x00,0x00,0x00,0x00,0x00,0x00,0x00,0x00,0x00,0x00,0xFE,0x03,0x00,0x00,0x00,0x00,0x00,0x00,0x00,0x00,0x00,0x00,0x00,0x00}, /* — */
    {0x00,0x00,0x00,0x00,0x00,0x00,0x00,0x00,0x00,0x00,0x30,0x00,0x30,0x00,0x00,0x00,0x00,0x00,0x00,0x00,0x00,0x00,0x00,0x00}, /* · */
    {0x00,0x00,0x00,0x00,0x00,0x00,0x00,0x00,0x82,0x01,0x64,0x02,0x18,0x04,0x00,0x00,0x00,0x00,0x00,0x00,0x00,0x00,0x00,0x00}, /* ～ */
    {0x00,0x00,0x04,0x01,0x88,0x00,0x50,0x00,0x20,0x00,0xFC,0x01,0x20,0x00,0xFC,0x01,0x20,0x00,0x20,0x00,0x20,0x00,0x00,0x00}, /* ￥ */
    {0x00,0x00,0x0E,0x00,0x08,0x00,0x08,0x00,0x08,0x00,0x08,0x00,0x08,0x00,0x08,0x00,0x00,0x00,0x00,0x00,0x00,0x00,0x00,0x00}, /* 「 */
    {0x00,0x00,0x00,0x00,0x00,0x00,0x40,0x00,0x40,0x00,0x40,0x00,0x40,0x00,0x40,0x00,0x40,0x00,0x40,0x00,0xC0,0x01,0x00,0x00}, /* 」 */
    {0x00,0x00,0x00,0x00,0x3E,0x00,0x22,0x00,0x2E,0x00,0x28,0x00,0x28,0x00,0x28,0x00,0x28,0x00,0x28,0x00,0x38,0x00,0x00,0x00}, /* 『 */
    {0x00,0x00,0x70,0x00,0x50,0x00,0x50,0x00,0x50,0x00,0x50,0x00,0x50,0x00,0xD0,0x01,0x10,0x01,0xF0,0x01,0x00,0x00,0x00,0x00}, /* 』 */
    {0x00,0x00,0x40,0x00,0x40,0x00,0xF0,0x01,0x40,0x00,0x50,0x00,0xF8,0x00,0x54,0x01,0x54,0x01,0xE0,0x00,0x40,0x00,0x00,0x00}, /* ぁ */
    {0x00,0x00,0x48,0x00,0xF0,0x03,0x40,0x00,0x50,0x00,0xFC,0x01,0x52,0x02,0x52,0x02,0x52,0x02,0xE4,0x01,0x40,0x00,0x00,0x00}, /* あ */
    {0x00,0x00,0x00,0x00,0x00,0x00,0x80,0x00,0x90,0x00,0x88,0x00,0x84,0x00,0xA4,0x00,0xC0,0x00,0x40,0x00,0x00,0x00,0x00,0x00}, /* ぃ */
    {0x00,0x00,0x00,0x00,0x00,0x00,0x00,0x01,0x04,0x01,0x02,0x01,0x03,0x01,0x11,0x01,0x20,0x01,0xC0,0x00,0x00,0x00,0x00,0x00}, /* い */
    {0x60,0x00,0x10,0x00,0x20,0x00,0x00,0x01,0xF0,0x00,0x08,0x00,0x08,0x00,0x08,0x00,0x10,0x00,0x60,0x00,0x00,0x00,0x00,0x00}, /* ぅ */
    {0xC0,0x01,0x20,0x00,0x40,0x00,0x38,0x01,0xC4,0x00,0x04,0x00,0x04,0x00,0x08,0x00,0x10,0x00,0x20,0x00,0x00,0x00,0x00,0x00}, /* う */
    {0x00,0x00,0xE0,0x00,0x10,0x00,0x20,0x00,0x00,0x00,0xF0,0x00,0x20,0x00,0x40,0x00,0xA0,0x00,0x1C,0x01,0x00,0x00,0x00,0x00}, /* ぇ */
    {0xC0,0x00,0x20,0x00,0x40,0x00,0x00,0x00,0xF0,0x01,0x10,0x00,0x20,0x00,0x40,0x00,0xA0,0x00,0x1C,0x01,0x00,0x00,0x00,0x00}, /* え */
    {0x00,0x00,0x40,0x00,0x4C,0x00,0xE2,0x00,0x44,0x00,0x78,0x00,0xC4,0x00,0x44,0x01,0xC8,0x00,0x50,0x00,0x00,0x00,0x00,0x00}, /* ぉ */
    {0x00,0x00,0x40,0x00,0x46,0x00,0xF1,0x01,0x42,0x00,0x7C,0x00,0xC2,0x00,0x42,0x01,0x64,0x01,0xD8,0x00,0x00,0x00,0x00,0x00}, /* お */
    {0x00,0x00,0x80,0x00,0x80,0x00,0x88,0x00,0xF4,0x03,0x12,0x01,0x14,0x01,0x10,0x01,0x10,0x02,0xA0,0x02,0x40,0x04,0x00,0x00}, /* か */
    {0x02,0x00,0x81,0x00,0x82,0x00,0x89,0x00,0xF4,0x03,0x12,0x01,0x14,0x01,0x10,0x01,0x10,0x02,0xA0,0x02,0x40,0x04,0x00,0x00}, /* が */
    {0x40,0x00,0x70,0x00,0xC0,0x01,0x30,0x00,0xE0,0x01,0x10,0x00,0xF8,0x00,0x08,0x01,0x00,0x01,0x80,0x00,0x70,0x00,0x00,0x00}, /* き */
    {0x42,0x00,0x71,0x00,0xC4,0x01,0x32,0x00,0xE0,0x01,0x10,0x00,0xF8,0x00,0x08,0x01,0x00,0x01,0x80,0x00,0x70,0x00,0x00,0x00}, /* ぎ */
    {0x00,0x00,0x10,0x00,0x10,0x00,0x20,0x00,0x40,0x00,0x80,0x00,0x80,0x00,0x40,0x00,0x20,0x00,0x10,0x00,0x10,0x00,0x00,0x00}, /* く */
    {0x00,0x00,0x22,0x00,0x21,0x00,0x44,0x00,0x82,0x00,0x00,0x01,0x00,0x01,0x80,0x00,0x40,0x00,0x20,0x00,0x20,0x00,0x00,0x00}, /* ぐ */
    {0x00,0x00,0x10,0x00,0x10,0x01,0x1C,0x01,0x70,0x02,0x10,0x02,0x10,0x02,0x90,0x02,0x20,0x03,0x20,0x01,0x40,0x00,0x00,0x00}, /* け */
    {0x02,0x00,0x11,0x00,0x12,0x01,0x1D,0x01,0x70,0x02,0x10,0x02,0x10,0x02,0x90,0x02,0x20,0x03,0x20,0x01,0x40,0x00,0x00,0x00}, /* げ */
    {0x00,0x00,0xF0,0x01,0x20,0x00,0x00,0x00,0x00,0x00,0x00,0x01,0x00,0x02,0x04,0x02,0xF8,0x01,0x00,0x00,0x00,0x00,0x00,0x00}, /* こ */
    {0x02,0x00,0xF1,0x01,0x24,0x00,0x02,0x00,0x00,0x00,0x00,0x01,0x00,0x02,0x04,0x02,0xF8,0x01,0x00,0x00,0x00,0x00,0x00,0x00}, /* ご */
    {0x00,0x00,0x80,0x00,0x58,0x00,0xE0,0x01,0x20,0x00,0x70,0x00,0x98,0x00,0x00,0x01,0x00,0x01,0xFC,0x00,0x00,0x00,0x00,0x00}, /* さ */
    {0x00,0x00,0x82,0x00,0x59,0x00,0xE2,0x01,0x21,0x00,0x70,0x00,0x98,0x00,0x00,0x01,0x00,0x01,0xFC,0x00,0x00,0x00,0x00,0x00}, /* ざ */
    {0x00,0x00,0x00,0x00,0x00,0x01,0x00,0x01,0x00,0x01,0x00,0x01,0x00,0x01,0x00,0x01,0x10,0x01,0xE0,0x00,0x00,0x00,0x00,0x00}, /* し */
    {0x00,0x00,0x04,0x00,0x02,0x01,0x08,0x01,0x04,0x01,0x00,0x01,0x00,0x01,0x00,0x01,0x10,0x01,0xE0,0x00,0x00,0x00,0x00,0x00}, /* じ */
    {0x00,0x00,0x20,0x00,0x20,0x02,0xFC,0x01,0x20,0x00,0x60,0x00,0xB0,0x00,0x50,0x00,0x10,0x00,0x20,0x00,0x40,0x00,0x00,0x00}, /* す */
    {0x02,0x00,0x11,0x00,0x94,0x00,0x92,0x00,0xFC,0x03,0x90,0x00,0xD0,0x00,0xB0,0x00,0x80,0x00,0x80,0x00,0x7C,0x00,0x00,0x00}, /* ぜ */
    {0x00,0x00,0xE0,0x00,0x10,0x00,0x60,0x00,0x9C,0x01,0xE0,0x03,0x40,0x00,0x40,0x00,0x40,0x00,0x38,0x00,0x00,0x00,0x00,0x00}, /* そ */
    {0x02,0x00,0xE1,0x00,0x14,0x00,0x62,0x00,0x9C,0x01,0xE0,0x03,0x40,0x00,0x40,0x00,0x40,0x00,0x38,0x00,0x00,0x00,0x00,0x00}, /* ぞ */
    {0x00,0x00,0x80,0x00,0xE0,0x00,0x80,0x03,0xB0,0x00,0x88,0x00,0x10,0x01,0x40,0x01,0x20,0x01,0x1E,0x02,0x00,0x00,0x00,0x00}, /* た */
    {0x02,0x00,0x81,0x00,0xE4,0x00,0x82,0x03,0xB0,0x00,0x88,0x00,0x10,0x01,0x40,0x01,0x20,0x01,0x1E,0x02,0x00,0x00,0x00,0x00}, /* だ */
    {0x00,0x00,0x40,0x00,0x40,0x00,0xF8,0x03,0x80,0x00,0xF8,0x00,0x84,0x00,0x04,0x00,0x04,0x00,0x08,0x00,0x70,0x00,0x00,0x00}, /* ち */
    {0x02,0x00,0x41,0x00,0x44,0x00,0xFA,0x03,0x80,0x00,0xF8,0x00,0x84,0x00,0x04,0x00,0x04,0x00,0x08,0x00,0x70,0x00,0x00,0x00}, /* ぢ */
    {0x00,0x00,0x00,0x00,0x00,0x00,0x00,0x00,0x00,0x00,0x78,0x00,0x84,0x01,0x04,0x00,0x08,0x00,0x10,0x00,0x00,0x00,0x00,0x00}, /* っ */
    {0x00,0x00,0x00,0x00,0x70,0x00,0x88,0x00,0x04,0x03,0x04,0x00,0x04,0x00,0x08,0x00,0x30,0x00,0xC0,0x00,0x00,0x00,0x00,0x00}, /* つ */
    {0x04,0x00,0x02,0x00,0x74,0x00,0x8A,0x00,0x04,0x03,0x04,0x00,0x04,0x00,0x08,0x00,0x30,0x00,0xC0,0x00,0x00,0x00,0x00,0x00}, /* づ */
    {0x00,0x00,0x00,0x00,0x1C,0x00,0xE0,0x03,0x40,0x00,0x40,0x00,0x80,0x00,0x80,0x00,0x80,0x00,0x78,0x00,0x00,0x00,0x00,0x00}, /* て */
    {0x00,0x00,0x00,0x00,0x38,0x00,0xC2,0x07,0x81,0x00,0x84,0x00,0x02,0x01,0x00,0x01,0x00,0x01,0xF0,0x00,0x00,0x00,0x00,0x00}, /* で */
    {0x00,0x00,0x40,0x00,0x40,0x00,0x40,0x00,0x4C,0x00,0x70,0x00,0x80,0x00,0x00,0x01,0x00,0x01,0x00,0x01,0xFC,0x00,0x00,0x00}, /* と */
    {0x02,0x00,0x41,0x00,0x44,0x00,0x42,0x00,0x4C,0x00,0x70,0x00,0x80,0x00,0x00,0x01,0x00,0x01,0x00,0x01,0xFC,0x00,0x00,0x00}, /* ど */
    {0x00,0x00,0x80,0x00,0x84,0x00,0xE2,0x03,0x84,0x00,0x88,0x00,0x08,0x01,0x10,0x01,0x78,0x02,0x94,0x00,0x60,0x00,0x00,0x00}, /* な */
    {0x00,0x00,0x00,0x00,0x3E,0x00,0x44,0x01,0x08,0x01,0x00,0x02,0x00,0x02,0x00,0x02,0xA0,0x02,0x24,0x03,0x1E,0x01,0x00,0x00}, /* に */
    {0x00,0x00,0x10,0x02,0x10,0x02,0x1C,0x01,0x62,0x01,0xA2,0x00,0xA2,0x01,0xCA,0x02,0x54,0x02,0x9A,0x02,0x01,0x01,0x00,0x00}, /* ぬ */
    {0x00,0x00,0x80,0x00,0x80,0x00,0xD8,0x01,0xA4,0x00,0xC4,0x00,0x84,0x01,0x9C,0x02,0xA4,0x01,0xAA,0x00,0x10,0x00,0x00,0x00}, /* ね */
    {0x00,0x00,0x00,0x00,0xF0,0x00,0x28,0x01,0x24,0x02,0x22,0x02,0x42,0x02,0x42,0x02,0x84,0x01,0x08,0x00,0x10,0x00,0x00,0x00}, /* の */
    {0x00,0x00,0x10,0x00,0x10,0x01,0x10,0x01,0x7C,0x02,0x10,0x02,0x10,0x02,0x90,0x02,0x38,0x03,0x54,0x01,0x60,0x00,0x00,0x00}, /* は */
    {0x02,0x00,0x11,0x00,0x14,0x01,0x12,0x01,0x7C,0x02,0x10,0x02,0x10,0x02,0x90,0x02,0x38,0x03,0x54,0x01,0x60,0x00,0x00,0x00}, /* ば */
    {0x02,0x00,0x15,0x00,0x15,0x01,0x12,0x01,0x7C,0x02,0x10,0x02,0x10,0x02,0x90,0x02,0x38,0x03,0x54,0x01,0x60,0x00,0x00,0x00}, /* ぱ */
    {0x00,0x00,0x00,0x00,0xC8,0x01,0x48,0x00,0x8C,0x00,0x0A,0x01,0x08,0x01,0x10,0x02,0x10,0x02,0x20,0x01,0xC0,0x00,0x00,0x00}, /* ひ */
    {0x02,0x00,0x01,0x00,0xC2,0x01,0x49,0x00,0x8C,0x00,0x0A,0x01,0x08,0x01,0x10,0x02,0x10,0x02,0x20,0x01,0xC0,0x00,0x00,0x00}, /* び */
    {0x02,0x00,0x05,0x00,0xC5,0x01,0x4A,0x00,0x8C,0x00,0x0A,0x01,0x08,0x01,0x10,0x02,0x10,0x02,0x20,0x01,0xC0,0x00,0x00,0x00}, /* ぴ */
    {0x00,0x00,0x60,0x00,0x10,0x00,0x20,0x00,0x40,0x00,0x20,0x00,0x34,0x00,0x52,0x00,0x96,0x03,0x50,0x00,0x20,0x00,0x00,0x00}, /* ふ */
    {0x02,0x00,0x61,0x00,0x14,0x00,0x22,0x00,0x40,0x00,0x20,0x00,0x34,0x00,0x52,0x00,0x96,0x03,0x50,0x00,0x20,0x00,0x00,0x00}, /* ぶ */
    {0x02,0x00,0x65,0x00,0x15,0x00,0x22,0x00,0x40,0x00,0x20,0x00,0x34,0x00,0x52,0x00,0x96,0x03,0x50,0x00,0x20,0x00,0x00,0x00}, /* ぷ */
    {0x00,0x00,0x00,0x00,0x00,0x00,0xC0,0x00,0x30,0x01,0x08,0x02,0x07,0x00,0x00,0x00,0x00,0x00,0x00,0x00,0x00,0x00,0x00,0x00}, /* へ */
    {0x00,0x00,0x02,0x00,0x01,0x00,0xC4,0x00,0x32,0x01,0x08,0x02,0x07,0x00,0x00,0x00,0x00,0x00,0x00,0x00,0x00,0x00,0x00,0x00}, /* べ */
    {0x04,0x00,0x0A,0x00,0x0A,0x00,0xC4,0x00,0x30,0x01,0x08,0x02,0x07,0x00,0x00,0x00,0x00,0x00,0x00,0x00,0x00,0x00,0x00,0x00}, /* ぺ */
    {0x00,0x00,0x38,0x00,0x10,0x01,0x10,0x01,0x7C,0x02,0x10,0x02,0x10,0x02,0x90,0x02,0x38,0x03,0x54,0x01,0x60,0x00,0x00,0x00}, /* ほ */
    {0x02,0x00,0x39,0x00,0x12,0x01,0x11,0x01,0x7C,0x02,0x10,0x02,0x10,0x02,0x90,0x02,0x38,0x03,0x54,0x01,0x60,0x00,0x00,0x00}, /* ぼ */
    {0x02,0x00,0x75,0x00,0x25,0x02,0x22,0x02,0xF8,0x04,0x20,0x04,0x20,0x04,0x20,0x05,0x70,0x06,0xA8,0x02,0xC0,0x00,0x00,0x00}, /* ぽ */
    {0x00,0x00,0x20,0x00,0xF8,0x01,0x20,0x00,0x20,0x00,0xF0,0x00,0x20,0x00,0x20,0x00,0xF0,0x00,0x28,0x01,0xC0,0x00,0x00,0x00}, /* ま */
    {0x00,0x00,0x00,0x00,0xF0,0x00,0x10,0x00,0x24,0x00,0x24,0x00,0xE8,0x01,0x58,0x02,0x94,0x02,0x12,0x01,0x20,0x00,0x00,0x00}, /* み */
    {0x00,0x00,0x80,0x00,0x80,0x00,0xE0,0x00,0x86,0x03,0x89,0x00,0x89,0x01,0x84,0x02,0x84,0x02,0x04,0x01,0xF8,0x00,0x00,0x00}, /* む */
    {0x00,0x00,0x10,0x00,0x10,0x01,0x10,0x01,0xE8,0x01,0x24,0x03,0xC4,0x04,0xC4,0x04,0x24,0x03,0x08,0x00,0x00,0x00,0x00,0x00}, /* め */
    {0x40,0x00,0x40,0x00,0x40,0x01,0xE0,0x00,0x40,0x00,0x48,0x01,0xE4,0x00,0x44,0x00,0x44,0x00,0x44,0x00,0x38,0x00,0x00,0x00}, /* も */
    {0x00,0x00,0x08,0x00,0x48,0x00,0x50,0x00,0x7C,0x00,0xC2,0x03,0x42,0x00,0x2C,0x00,0x20,0x00,0x10,0x00,0x08,0x00,0x00,0x00}, /* ゃ */
    {0x00,0x00,0x10,0x00,0x90,0x00,0xA0,0x00,0xFC,0x00,0x82,0x03,0x82,0x00,0x4C,0x00,0x40,0x00,0x20,0x00,0x10,0x00,0x00,0x00}, /* や */
    {0x00,0x00,0x10,0x00,0x10,0x01,0x38,0x01,0x54,0x02,0x54,0x02,0x94,0x02,0x64,0x03,0x38,0x02,0x40,0x00,0x80,0x00,0x00,0x00}, /* ゅ */
    {0x10,0x00,0x10,0x01,0x3C,0x01,0x52,0x02,0x51,0x02,0x91,0x02,0x91,0x02,0x52,0x03,0x3C,0x01,0x20,0x00,0x40,0x00,0x00,0x00}, /* ゆ */
    {0x00,0x00,0x00,0x00,0x20,0x00,0x20,0x00,0x38,0x00,0x20,0x00,0x20,0x00,0xF0,0x00,0x28,0x01,0x24,0x01,0xC0,0x00,0x00,0x00}, /* ょ */
    {0x00,0x00,0x20,0x00,0x20,0x00,0x20,0x00,0x38,0x00,0x20,0x00,0x20,0x00,0xF0,0x01,0x28,0x02,0x24,0x02,0xC0,0x01,0x00,0x00}, /* よ */
    {0x00,0x00,0x80,0x00,0x40,0x00,0x40,0x00,0x80,0x00,0x00,0x01,0x78,0x01,0x84,0x01,0x04,0x00,0x08,0x00,0x30,0x00,0x00,0x00}, /* ら */
    {0x00,0x00,0x80,0x00,0xB0,0x00,0xC8,0x00,0xC8,0x00,0x88,0x00,0x88,0x00,0x90,0x00,0x10,0x00,0x20,0x00,0x40,0x00,0x00,0x00}, /* り */
    {0x00,0x00,0x3C,0x00,0x08,0x00,0x10,0x00,0x20,0x00,0x7C,0x00,0x82,0x00,0x32,0x00,0x4A,0x00,0x44,0x00,0x38,0x00,0x00,0x00}, /* る */
    {0x00,0x00,0x80,0x00,0x80,0x00,0xD0,0x01,0xA8,0x00,0xC8,0x00,0x90,0x01,0x90,0x02,0x91,0x01,0x8E,0x00,0x00,0x00,0x00,0x00}, /* れ */
    {0x00,0x00,0xF8,0x00,0x10,0x00,0x20,0x00,0x58,0x00,0xE4,0x00,0x04,0x01,0x04,0x00,0x08,0x00,0x10,0x00,0x20,0x00,0x00,0x00}, /* ろ */
    {0x00,0x00,0x00,0x00,0x80,0x00,0x80,0x00,0x98,0x01,0xE4,0x00,0x84,0x01,0x84,0x02,0x88,0x01,0x10,0x00,0x00,0x00,0x00,0x00}, /* ゎ */
    {0x00,0x00,0x80,0x00,0x80,0x00,0xC0,0x01,0xB8,0x00,0xC4,0x00,0x82,0x01,0x82,0x02,0x84,0x01,0x88,0x00,0x00,0x00,0x00,0x00}, /* わ */
    {0x00,0x00,0x00,0x00,0x80,0x03,0x80,0x00,0xF8,0x00,0x84,0x00,0x82,0x01,0x82,0x02,0x9A,0x02,0xA4,0x01,0x18,0x00,0x00,0x00}, /* ゐ */
    {0x00,0x00,0xF0,0x00,0x20,0x00,0x78,0x00,0x84,0x00,0x24,0x01,0x78,0x00,0x40,0x00,0xCC,0x00,0x32,0x01,0x06,0x00,0x00,0x00}, /* ゑ */
    {0x00,0x00,0x40,0x00,0x78,0x00,0xC0,0x01,0x64,0x00,0x94,0x00,0x18,0x01,0x30,0x00,0x50,0x00,0x50,0x00,0x3C,0x00,0x00,0x00}, /* を */
    {0x10,0x00,0x10,0x00,0x20,0x00,0x20,0x00,0x40,0x00,0x70,0x00,0x88,0x00,0x88,0x00,0x09,0x01,0x06,0x01,0x00,0x00,0x00,0x00}, /* ん */
    {0x00,0x00,0x20,0x02,0x10,0x01,0x98,0x01,0x88,0x00,0x00,0x00,0x00,0x00,0x00,0x00,0x00,0x00,0x00,0x00,0x00,0x00,0x00,0x00}, /* ゛ */
    {0x00,0x00,0x60,0x00,0x90,0x00,0x90,0x00,0x60,0x00,0x00,0x00,0x00,0x00,0x00,0x00,0x00,0x00,0x00,0x00,0x00,0x00,0x00,0x00}, /* ゜ */
    {0x00,0x00,0x00,0x00,0xF8,0x01,0x04,0x00,0x58,0x00,0x20,0x00,0x20,0x00,0x40,0x00,0x40,0x00,0x80,0x00,0x00,0x00,0x00,0x00}, /* ァ */
    {0x00,0x00,0x00,0x00,0xF8,0x03,0x04,0x00,0x58,0x00,0x20,0x00,0x20,0x00,0x20,0x00,0x40,0x00,0x40,0x00,0x80,0x00,0x00,0x00}, /* ア */
    {0x00,0x00,0x00,0x00,0x10,0x00,0x10,0x00,0x20,0x00,0x60,0x00,0xA0,0x00,0x20,0x01,0x20,0x00,0x20,0x00,0x00,0x00,0x00,0x00}, /* ィ */
    {0x00,0x00,0x10,0x00,0x10,0x00,0x20,0x00,0x60,0x00,0xA0,0x00,0x20,0x01,0x20,0x00,0x20,0x00,0x20,0x00,0x20,0x00,0x00,0x00}, /* イ */
    {0x00,0x00,0x20,0x00,0x20,0x00,0xFC,0x01,0x04,0x01,0x04,0x01,0x08,0x00,0x08,0x00,0x10,0x00,0x20,0x00,0x40,0x00,0x00,0x00}, /* ゥ */
    {0x20,0x00,0x20,0x00,0xFE,0x03,0x02,0x02,0x02,0x02,0x04,0x00,0x04,0x00,0x08,0x00,0x10,0x00,0x20,0x00,0x40,0x00,0x00,0x00}, /* ウ */
    {0x00,0x00,0x00,0x00,0x00,0x00,0xF8,0x01,0x20,0x00,0x20,0x00,0x20,0x00,0xFC,0x01,0x00,0x00,0x00,0x00,0x00,0x00,0x00,0x00}, /* ェ */
    {0x00,0x00,0x00,0x00,0x00,0x00,0xFC,0x01,0x20,0x00,0x20,0x00,0x20,0x00,0x20,0x00,0xFE,0x03,0x00,0x00,0x00,0x00,0x00,0x00}, /* エ */
    {0x00,0x00,0x20,0x00,0x20,0x00,0xF8,0x03,0x60,0x00,0xA0,0x00,0x20,0x01,0x20,0x02,0xA0,0x00,0x40,0x00,0x00,0x00,0x00,0x00}, /* ォ */
    {0x00,0x00,0x10,0x00,0x10,0x00,0x10,0x00,0xFE,0x03,0x30,0x00,0x50,0x00,0x90,0x00,0x10,0x01,0x10,0x02,0x50,0x00,0x20,0x00}, /* オ */
    {0x00,0x00,0x40,0x00,0x40,0x00,0xF8,0x01,0x48,0x00,0x48,0x00,0x88,0x00,0x88,0x00,0x28,0x01,0x10,0x02,0x00,0x00,0x00,0x00}, /* カ */
    {0x02,0x00,0x41,0x00,0x44,0x00,0xFA,0x01,0x48,0x00,0x48,0x00,0x88,0x00,0x88,0x00,0x28,0x01,0x10,0x02,0x00,0x00,0x00,0x00}, /* ガ */
    {0x00,0x00,0x00,0x01,0x00,0x01,0xF0,0x00,0x80,0x03,0x40,0x00,0x70,0x00,0xC0,0x03,0x20,0x00,0x20,0x00,0x10,0x00,0x00,0x00}, /* キ */
    {0x04,0x00,0x02,0x01,0x04,0x01,0xF2,0x00,0x80,0x03,0x40,0x00,0x70,0x00,0xC0,0x03,0x20,0x00,0x20,0x00,0x10,0x00,0x00,0x00}, /* ギ */
    {0x00,0x00,0x40,0x00,0x40,0x00,0x78,0x00,0x88,0x00,0x08,0x01,0x10,0x00,0x20,0x00,0x40,0x00,0x80,0x00,0x00,0x00,0x00,0x00}, /* ク */
    {0x04,0x00,0x42,0x00,0x44,0x00,0x7A,0x00,0x88,0x00,0x08,0x01,0x10,0x00,0x20,0x00,0x40,0x00,0x80,0x00,0x00,0x00,0x00,0x00}, /* グ */
    {0x00,0x00,0x80,0x00,0x80,0x00,0xFC,0x00,0x10,0x01,0x10,0x02,0x20,0x00,0x40,0x00,0x80,0x00,0x00,0x01,0x00,0x00,0x00,0x00}, /* ケ */
    {0x02,0x00,0x81,0x00,0x82,0x00,0xFD,0x00,0x10,0x01,0x10,0x02,0x20,0x00,0x40,0x00,0x80,0x00,0x00,0x01,0x00,0x00,0x00,0x00}, /* ゲ */
    {0x00,0x00,0x00,0x00,0x00,0x00,0x00,0x00,0xFC,0x00,0x04,0x00,0x04,0x00,0x08,0x00,0xFC,0x01,0x00,0x00,0x00,0x00,0x00,0x00}, /* コ */
    {0x02,0x00,0x01,0x00,0x04,0x00,0x02,0x00,0xFC,0x00,0x04,0x00,0x04,0x00,0x08,0x00,0xFC,0x01,0x00,0x00,0x00,0x00,0x00,0x00}, /* ゴ */
    {0x00,0x00,0x10,0x00,0x90,0x00,0x90,0x00,0x90,0x00,0xFE,0x03,0x90,0x00,0x90,0x00,0xA0,0x00,0x20,0x00,0x40,0x00,0x00,0x00}, /* サ */
    {0x04,0x00,0x12,0x00,0x94,0x00,0x92,0x00,0x90,0x00,0xFE,0x03,0x90,0x00,0x90,0x00,0xA0,0x00,0x20,0x00,0x40,0x00,0x00,0x00}, /* ザ */
    {0x00,0x00,0x00,0x00,0x80,0x00,0x40,0x00,0x00,0x00,0x04,0x01,0x88,0x00,0x10,0x00,0x20,0x00,0x40,0x02,0x80,0x01,0x00,0x00}, /* シ */
    {0x02,0x00,0x01,0x00,0x84,0x00,0x42,0x00,0x00,0x00,0x04,0x01,0x88,0x00,0x10,0x00,0x20,0x00,0x40,0x02,0x80,0x01,0x00,0x00}, /* ジ */
    {0x00,0x00,0x00,0x00,0x00,0x00,0xF8,0x01,0x08,0x00,0x10,0x00,0x20,0x00,0x50,0x00,0x88,0x00,0x04,0x01,0x00,0x00,0x00,0x00}, /* ス */
    {0x02,0x00,0x41,0x00,0x44,0x00,0x42,0x00,0x7C,0x00,0xC4,0x03,0x48,0x00,0x40,0x00,0x40,0x00,0x3E,0x00,0x00,0x00,0x00,0x00}, /* ゼ */
    {0x00,0x00,0x00,0x00,0x00,0x00,0x08,0x01,0x88,0x00,0x10,0x00,0x10,0x00,0x20,0x00,0x40,0x00,0x80,0x00,0x00,0x01,0x00,0x00}, /* ソ */
    {0x04,0x00,0x02,0x00,0x04,0x00,0x12,0x02,0x10,0x01,0x20,0x00,0x20,0x00,0x40,0x00,0x80,0x00,0x00,0x01,0x00,0x02,0x00,0x00}, /* ゾ */
    {0x00,0x00,0x80,0x00,0x80,0x00,0xF8,0x00,0x08,0x01,0x08,0x02,0x50,0x00,0x20,0x00,0x50,0x00,0x88,0x00,0x00,0x01,0x00,0x00}, /* タ */
    {0x02,0x00,0x81,0x00,0x84,0x00,0xFA,0x00,0x08,0x01,0x08,0x02,0x50,0x00,0x20,0x00,0x50,0x00,0x88,0x00,0x00,0x01,0x00,0x00}, /* ダ */
    {0x00,0x00,0x18,0x00,0xE0,0x01,0x20,0x00,0x20,0x00,0xFE,0x03,0x20,0x00,0x20,0x00,0x40,0x00,0x40,0x00,0x80,0x00,0x00,0x00}, /* チ */
    {0x02,0x00,0x19,0x00,0xE2,0x01,0x21,0x00,0x20,0x00,0xFE,0x03,0x20,0x00,0x20,0x00,0x40,0x00,0x40,0x00,0x80,0x00,0x00,0x00}, /* ヂ */
    {0x00,0x00,0x00,0x00,0x00,0x00,0x40,0x00,0x28,0x01,0x88,0x00,0x10,0x00,0x20,0x00,0x40,0x00,0x80,0x00,0x00,0x01,0x00,0x00}, /* ッ */
    {0x00,0x00,0x00,0x00,0x40,0x00,0x28,0x01,0x88,0x00,0x10,0x00,0x10,0x00,0x20,0x00,0x40,0x00,0x80,0x00,0x00,0x01,0x00,0x00}, /* ツ */
    {0x04,0x00,0x02,0x00,0x84,0x00,0x52,0x02,0x10,0x01,0x20,0x00,0x20,0x00,0x40,0x00,0x80,0x00,0x00,0x01,0x00,0x02,0x00,0x00}, /* ヅ */
    {0x00,0x00,0xF8,0x00,0x00,0x00,0x00,0x00,0xFE,0x03,0x20,0x00,0x20,0x00,0x40,0x00,0x40,0x00,0x80,0x00,0x00,0x01,0x00,0x00}, /* テ */
    {0x02,0x00,0x01,0x00,0xF4,0x01,0x02,0x00,0x00,0x00,0xFC,0x07,0x40,0x00,0x40,0x00,0x80,0x00,0x80,0x00,0x00,0x01,0x00,0x02}, /* デ */
    {0x80,0x00,0x80,0x00,0x80,0x00,0xC0,0x00,0xB0,0x00,0x98,0x00,0x88,0x00,0x80,0x00,0x80,0x00,0x80,0x00,0x80,0x00,0x00,0x00}, /* ト */
    {0x84,0x00,0x82,0x00,0x84,0x00,0xC2,0x00,0xB0,0x00,0x98,0x00,0x88,0x00,0x80,0x00,0x80,0x00,0x80,0x00,0x80,0x00,0x00,0x00}, /* ド */
    {0x00,0x00,0x20,0x00,0x20,0x00,0xFC,0x01,0x20,0x00,0x20,0x00,0x40,0x00,0x40,0x00,0x80,0x00,0x00,0x01,0x00,0x00,0x00,0x00}, /* ナ */
    {0x00,0x00,0x00,0x00,0x00,0x00,0xF8,0x01,0x00,0x00,0x00,0x00,0x00,0x00,0xFE,0x03,0x00,0x00,0x00,0x00,0x00,0x00,0x00,0x00}, /* ニ */
    {0x00,0x00,0x00,0x00,0xFC,0x00,0x04,0x00,0x48,0x00,0x28,0x00,0x10,0x00,0x28,0x00,0x48,0x00,0x80,0x00,0x00,0x00,0x00,0x00}, /* ヌ */
    {0x40,0x00,0x20,0x00,0x00,0x00,0xF0,0x01,0x20,0x00,0x70,0x00,0xA8,0x00,0x20,0x01,0x20,0x00,0x20,0x00,0x20,0x00,0x00,0x00}, /* ネ */
    {0x00,0x00,0x00,0x00,0x08,0x00,0x08,0x00,0x10,0x00,0x10,0x00,0x20,0x00,0x20,0x00,0x40,0x00,0x80,0x00,0x00,0x00,0x00,0x00}, /* ノ */
    {0x00,0x00,0x00,0x00,0x00,0x00,0x10,0x00,0x48,0x00,0x44,0x00,0x82,0x00,0x02,0x01,0x00,0x02,0x00,0x00,0x00,0x00,0x00,0x00}, /* ハ */
    {0x02,0x00,0x01,0x00,0x04,0x00,0x12,0x00,0x48,0x00,0x44,0x00,0x82,0x00,0x02,0x01,0x00,0x02,0x00,0x00,0x00,0x00,0x00,0x00}, /* バ */
    {0x02,0x00,0x05,0x00,0x05,0x00,0x12,0x00,0x48,0x00,0x44,0x00,0x82,0x00,0x02,0x01,0x00,0x02,0x00,0x00,0x00,0x00,0x00,0x00}, /* パ */
    {0x00,0x00,0x00,0x00,0x00,0x00,0x00,0x01,0x20,0x01,0x40,0x01,0x80,0x01,0x00,0x01,0x00,0x01,0xF8,0x00,0x00,0x00,0x00,0x00}, /* ヒ */
    {0x04,0x00,0x02,0x00,0x08,0x00,0x04,0x01,0x20,0x01,0x40,0x01,0x80,0x01,0x00,0x01,0x00,0x01,0xF8,0x00,0x00,0x00,0x00,0x00}, /* ビ */
    {0x04,0x00,0x0A,0x00,0x0A,0x00,0x04,0x01,0x20,0x01,0x40,0x01,0x80,0x01,0x00,0x01,0x00,0x01,0xF8,0x00,0x00,0x00,0x00,0x00}, /* ピ */
    {0x00,0x00,0x00,0x00,0x00,0x00,0xF8,0x03,0x08,0x00,0x10,0x00,0x10,0x00,0x20,0x00,0x40,0x00,0x80,0x00,0x00,0x01,0x00,0x00}, /* フ */
    {0x02,0x00,0x01,0x00,0x04,0x00,0xFA,0x03,0x08,0x00,0x10,0x00,0x10,0x00,0x20,0x00,0x40,0x00,0x80,0x00,0x00,0x01,0x00,0x00}, /* ブ */
    {0x02,0x00,0x05,0x00,0x05,0x00,0xFA,0x03,0x08,0x00,0x10,0x00,0x10,0x00,0x20,0x00,0x40,0x00,0x80,0x00,0x00,0x01,0x00,0x00}, /* プ */
    {0x00,0x00,0x00,0x00,0x00,0x00,0x00,0x00,0x00,0x00,0x80,0x01,0x60,0x02,0x1F,0x00,0x00,0x00,0x00,0x00,0x00,0x00,0x00,0x00}, /* ヘ */
    {0x02,0x00,0x01,0x00,0x04,0x00,0x02,0x00,0x00,0x00,0x80,0x01,0x60,0x02,0x1F,0x00,0x00,0x00,0x00,0x00,0x00,0x00,0x00,0x00}, /* ベ */
    {0x00,0x00,0x06,0x00,0x09,0x00,0x09,0x00,0x06,0x00,0x80,0x01,0x60,0x02,0x1F,0x00,0x00,0x00,0x00,0x00,0x00,0x00,0x00,0x00}, /* ペ */
    {0x00,0x00,0x20,0x00,0x20,0x00,0x20,0x00,0xFE,0x03,0x20,0x00,0x24,0x01,0x22,0x01,0x22,0x02,0xA0,0x00,0x40,0x00,0x00,0x00}, /* ホ */
    {0x02,0x00,0x21,0x00,0x24,0x00,0x22,0x00,0xFE,0x03,0x20,0x00,0x24,0x01,0x22,0x01,0x22,0x02,0xA0,0x00,0x40,0x00,0x00,0x00}, /* ボ */
    {0x02,0x00,0x25,0x00,0x25,0x00,0x22,0x00,0xFE,0x03,0x20,0x00,0x24,0x01,0x22,0x01,0x22,0x02,0xA0,0x00,0x40,0x00,0x00,0x00}, /* ポ */
    {0x00,0x00,0x00,0x00,0x00,0x00,0xFC,0x01,0x04,0x00,0x08,0x00,0x50,0x00,0x20,0x00,0x10,0x00,0x10,0x00,0x00,0x00,0x00,0x00}, /* マ */
    {0x00,0x00,0x60,0x00,0x18,0x00,0x88,0x01,0x60,0x00,0x20,0x00,0x00,0x00,0xC0,0x01,0x38,0x00,0x08,0x00,0x00,0x00,0x00,0x00}, /* ミ */
    {0x00,0x00,0x00,0x00,0x20,0x00,0x20,0x00,0x40,0x00,0x40,0x00,0x90,0x00,0x88,0x00,0x3C,0x01,0xC4,0x03,0x00,0x00,0x00,0x00}, /* ム */
    {0x00,0x00,0x00,0x00,0x08,0x00,0x08,0x00,0x50,0x00,0x30,0x00,0x38,0x00,0x48,0x00,0x80,0x00,0x00,0x01,0x00,0x00,0x00,0x00}, /* メ */
    {0x00,0x00,0x10,0x00,0xE0,0x01,0x40,0x00,0x7E,0x00,0xC0,0x03,0x40,0x00,0x40,0x00,0x40,0x00,0x3C,0x00,0x00,0x00,0x00,0x00}, /* モ */
    {0x00,0x00,0x00,0x00,0x00,0x00,0x80,0x00,0x80,0x00,0xFC,0x03,0x44,0x00,0x48,0x00,0x20,0x00,0x20,0x00,0x10,0x00,0x00,0x00}, /* ャ */
    {0x00,0x01,0x00,0x01,0x80,0x00,0x80,0x00,0xFC,0x03,0x44,0x00,0x28,0x00,0x20,0x00,0x10,0x00,0x10,0x00,0x00,0x00,0x00,0x00}, /* ヤ */
    {0x00,0x00,0x00,0x00,0x00,0x00,0x00,0x00,0xF8,0x00,0x08,0x00,0x08,0x00,0x10,0x00,0xFE,0x01,0x00,0x00,0x00,0x00,0x00,0x00}, /* ュ */
    {0x00,0x00,0x00,0x00,0xFC,0x00,0x04,0x00,0x04,0x00,0x08,0x00,0x08,0x00,0xFF,0x03,0x00,0x00,0x00,0x00,0x00,0x00,0x00,0x00}, /* ユ */
    {0x00,0x00,0x00,0x00,0x00,0x00,0x00,0x00,0xFC,0x01,0x04,0x00,0xFC,0x01,0x04,0x00,0xFC,0x01,0x00,0x00,0x00,0x00,0x00,0x00}, /* ョ */
    {0x00,0x00,0x00,0x00,0x00,0x00,0xF8,0x01,0x08,0x00,0x08,0x00,0xF8,0x01,0x08,0x00,0x08,0x00,0xF8,0x01,0x00,0x00,0x00,0x00}, /* ヨ */
    {0x00,0x00,0xF0,0x00,0x00,0x00,0x00,0x00,0xF8,0x01,0x08,0x00,0x10,0x00,0x10,0x00,0x20,0x00,0x40,0x00,0x00,0x00,0x00,0x00}, /* ラ */
    {0x00,0x00,0x10,0x00,0x90,0x00,0x90,0x00,0x90,0x00,0x90,0x00,0x90,0x00,0x10,0x00,0x20,0x00,0x20,0x00,0x40,0x00,0x00,0x00}, /* リ */
    {0x00,0x00,0x00,0x00,0x10,0x00,0x90,0x00,0x90,0x00,0x10,0x01,0x10,0x01,0x12,0x02,0x14,0x04,0x18,0x00,0x00,0x00,0x00,0x00}, /* ル */
    {0x00,0x00,0x00,0x00,0x00,0x00,0x00,0x01,0x08,0x01,0x10,0x01,0x20,0x01,0x40,0x01,0x80,0x01,0x00,0x01,0x00,0x00,0x00,0x00}, /* レ */
    {0x00,0x00,0x00,0x00,0xF8,0x01,0x08,0x01,0x08,0x01,0x10,0x01,0x10,0x01,0xF8,0x01,0x00,0x01,0x00,0x00,0x00,0x00,0x00,0x00}, /* ロ */
    {0x00,0x00,0x00,0x00,0x00,0x00,0xFC,0x01,0x04,0x01,0x04,0x01,0x08,0x00,0x08,0x00,0x10,0x00,0x20,0x00,0x40,0x00,0x00,0x00}, /* ヮ */
    {0x00,0x00,0x00,0x00,0xFE,0x03,0x02,0x02,0x02,0x02,0x04,0x00,0x04,0x00,0x08,0x00,0x10,0x00,0x20,0x00,0x40,0x00,0x00,0x00}, /* ワ */
    {0x00,0x00,0x20,0x00,0x20,0x00,0xF8,0x01,0x20,0x01,0x20,0x01,0xFE,0x07,0x20,0x00,0x20,0x00,0x20,0x00,0x00,0x00,0x00,0x00}, /* ヰ */
    {0x00,0x00,0x00,0x00,0xF8,0x01,0x10,0x00,0x20,0x00,0x20,0x00,0x20,0x00,0xFE,0x03,0x00,0x00,0x00,0x00,0x00,0x00,0x00,0x00}, /* ヱ */
    {0x00,0x00,0x00,0x00,0xFC,0x01,0x04,0x00,0xFE,0x01,0x08,0x00,0x08,0x00,0x10,0x00,0x10,0x00,0x20,0x00,0x40,0x00,0x00,0x00}, /* ヲ */
    {0x00,0x00,0x00,0x00,0x80,0x00,0x40,0x00,0x00,0x00,0x04,0x00,0x08,0x00,0x10,0x00,0x20,0x00,0x40,0x02,0x80,0x01,0x00,0x00}, /* ン */
    {0x02,0x00,0x41,0x00,0x44,0x00,0xFA,0x03,0x08,0x02,0x08,0x02,0x10,0x00,0x10,0x00,0x20,0x00,0x40,0x00,0x80,0x00,0x00,0x00}, /* ヴ */
    {0x00,0x00,0x20,0x00,0x20,0x00,0xF8,0x00,0x28,0x00,0x28,0x00,0x48,0x00,0x48,0x00,0x98,0x00,0x00,0x00,0x00,0x00,0x00,0x00}, /* ヵ */
    {0x00,0x00,0x00,0x00,0x80,0x00,0x80,0x00,0xFC,0x00,0x10,0x01,0x10,0x00,0x20,0x00,0x40,0x00,0x80,0x00,0x00,0x00,0x00,0x00}, /* ヶ */
    {0x00,0x00,0x00,0x00,0x00,0x00,0x7E,0x00,0xC7,0x07,0x00,0x03,0x00,0x00,0x00,0x00,0x00,0x00,0x00,0x00,0x00,0x00,0x00,0x00}, /* ー */
    {0x00,0x00,0x70,0x00,0x20,0x00,0x20,0x00,0x20,0x00,0x20,0x00,0x20,0x00,0x20,0x00,0x20,0x00,0x70,0x00,0x00,0x00,0x00,0x00}, /* Ⅰ */
    {0x00,0x00,0xB8,0x03,0x10,0x01,0x10,0x01,0x10,0x01,0x10,0x01,0x10,0x01,0x10,0x01,0x10,0x01,0xB8,0x03,0x00,0x00,0x00,0x00}, /* Ⅱ */
    {0x00,0x00,0x77,0x07,0x22,0x02,0x22,0x02,0x22,0x02,0x22,0x02,0x22,0x02,0x22,0x02,0x22,0x02,0x77,0x07,0x00,0x00,0x00,0x00}, /* Ⅲ */
    {0x00,0x00,0xEE,0x07,0x44,0x02,0x44,0x02,0x44,0x02,0x28,0x02,0x28,0x02,0x28,0x02,0x10,0x02,0x10,0x07,0x00,0x00,0x00,0x00}, /* Ⅳ */
    {0x00,0x00,0x8E,0x03,0x04,0x01,0x04,0x01,0x88,0x00,0x88,0x00,0x88,0x00,0x50,0x00,0x50,0x00,0x20,0x00,0x00,0x00,0x00,0x00}, /* Ⅴ */
    {0x00,0x00,0x7E,0x07,0x24,0x02,0x24,0x02,0x24,0x02,0x44,0x01,0x44,0x01,0x44,0x01,0x84,0x00,0x8E,0x00,0x00,0x00,0x00,0x00}, /* Ⅵ */
    {0x00,0x00,0x7F,0x07,0x2A,0x02,0x2A,0x02,0x2A,0x02,0x4A,0x01,0x4A,0x01,0x4A,0x01,0x8A,0x00,0x9F,0x00,0x00,0x00,0x00,0x00}, /* Ⅶ */
    {0x00,0x00,0xFF,0x06,0x55,0x02,0x55,0x02,0x55,0x02,0x95,0x02,0x95,0x02,0x95,0x02,0x15,0x01,0x3F,0x01,0x00,0x00,0x00,0x00}, /* Ⅷ */
    {0x00,0x00,0x77,0x07,0x22,0x02,0x14,0x02,0x14,0x02,0x08,0x02,0x14,0x02,0x14,0x02,0x22,0x02,0x77,0x07,0x00,0x00,0x00,0x00}, /* Ⅸ */
    {0x00,0x00,0xDC,0x01,0x88,0x00,0x50,0x00,0x50,0x00,0x20,0x00,0x50,0x00,0x50,0x00,0x88,0x00,0xDC,0x01,0x00,0x00,0x00,0x00}, /* Ⅹ */
    {0x00,0x00,0x77,0x07,0x22,0x02,0x42,0x01,0x42,0x01,0x82,0x00,0x42,0x01,0x42,0x01,0x22,0x02,0x77,0x07,0x00,0x00,0x00,0x00}, /* Ⅺ */
    {0x00,0x00,0x7F,0x07,0x2A,0x02,0x4A,0x01,0x4A,0x01,0x8A,0x00,0x4A,0x01,0x4A,0x01,0x2A,0x02,0x7F,0x07,0x00,0x00,0x00,0x00}, /* Ⅻ */
    {0x00,0x00,0x70,0x00,0x88,0x00,0x8C,0x01,0x8C,0x01,0x8C,0x01,0x88,0x00,0xDA,0x02,0xDE,0x03,0x00,0x00,0x00,0x00,0x00,0x00}, /* Ω */
    {0x00,0x00,0x20,0x00,0x70,0x00,0x70,0x00,0x98,0x00,0x98,0x00,0x0C,0x01,0x0C,0x01,0xFE,0x03,0x00,0x00,0x00,0x00,0x00,0x00}, /* Δ */
    {0x00,0x00,0xFC,0x03,0x84,0x01,0xC0,0x00,0x60,0x00,0x40,0x00,0x84,0x00,0x04,0x01,0xFC,0x03,0x00,0x00,0x00,0x00,0x00,0x00}, /* Σ */
    {0x00,0x00,0xFE,0x03,0x8C,0x01,0x8C,0x01,0x8C,0x01,0x8C,0x01,0x8C,0x01,0x8C,0x01,0xDE,0x03,0x00,0x00,0x00,0x00,0x00,0x00}, /* Π */
    {0x00,0x00,0xF0,0x00,0x60,0x00,0xF8,0x01,0x64,0x02,0x64,0x02,0xF8,0x01,0x60,0x00,0xF0,0x00,0x00,0x00,0x00,0x00,0x00,0x00}, /* Φ */
    {0x00,0x00,0x79,0x02,0x32,0x01,0x32,0x01,0x32,0x01,0xFC,0x00,0x30,0x00,0x30,0x00,0x78,0x00,0x00,0x00,0x00,0x00,0x00,0x00}, /* Ψ */
    {0x00,0x00,0xF0,0x00,0x08,0x01,0x94,0x02,0xF4,0x02,0x94,0x02,0x04,0x02,0x08,0x01,0xF0,0x00,0x00,0x00,0x00,0x00,0x00,0x00}, /* Θ */
    {0x00,0x00,0x20,0x00,0x70,0x00,0x50,0x00,0x98,0x00,0x88,0x00,0x0C,0x01,0x0C,0x01,0x9E,0x03,0x00,0x00,0x00,0x00,0x00,0x00}, /* Λ */
    {0x00,0x00,0xFC,0x01,0x04,0x01,0x88,0x00,0xF8,0x00,0x88,0x00,0x00,0x00,0x04,0x01,0xFC,0x01,0x00,0x00,0x00,0x00,0x00,0x00}, /* Ξ */
    {0x00,0x00,0x00,0x00,0xE8,0x00,0x10,0x01,0x10,0x01,0x10,0x01,0x30,0x01,0xCC,0x00,0x00,0x00,0x00,0x00,0x00,0x00,0x00,0x00}, /* α */
    {0x00,0x00,0x60,0x00,0x90,0x00,0xA0,0x00,0x90,0x00,0x88,0x00,0xC8,0x00,0xB0,0x00,0x80,0x00,0x80,0x00,0x00,0x00,0x00,0x00}, /* β */
    {0x00,0x00,0x00,0x00,0x00,0x00,0x84,0x01,0xC4,0x00,0x4C,0x00,0x58,0x00,0x30,0x00,0x20,0x00,0x20,0x00,0x00,0x00,0x00,0x00}, /* γ */
    {0x00,0x00,0x00,0x00,0xFC,0x01,0x90,0x00,0x90,0x00,0x90,0x00,0x90,0x00,0x08,0x01,0x00,0x00,0x00,0x00,0x00,0x00,0x00,0x00}, /* π */
    {0x20,0x00,0x20,0x00,0x70,0x00,0x70,0x00,0xFF,0x07,0xFE,0x03,0xFC,0x01,0xF8,0x00,0xF8,0x00,0xFC,0x01,0x8C,0x01,0x02,0x02}, /* ★ */
    {0x20,0x00,0x20,0x00,0x50,0x00,0x50,0x00,0x8F,0x07,0x02,0x02,0x04,0x01,0x88,0x00,0x88,0x00,0x74,0x01,0x8C,0x01,0x02,0x02}, /* ☆ */
    {0x00,0x00,0x00,0x00,0x00,0x00,0x10,0x00,0x0C,0x00,0xFF,0x07,0x0C,0x00,0x10,0x00,0x00,0x00,0x00,0x00,0x00,0x00,0x00,0x00}, /* → */
    {0x00,0x00,0x00,0x00,0x00,0x00,0x40,0x00,0x80,0x01,0xFF,0x07,0x80,0x01,0x40,0x00,0x00,0x00,0x00,0x00,0x00,0x00,0x00,0x00}, /* ← */
    {0x20,0x00,0x20,0x00,0x70,0x00,0x70,0x00,0xA8,0x00,0x20,0x00,0x20,0x00,0x20,0x00,0x20,0x00,0x20,0x00,0x20,0x00,0x00,0x00}, /* ↑ */
    {0x20,0x00,0x20,0x00,0x20,0x00,0x20,0x00,0x20,0x00,0x20,0x00,0xA8,0x00,0x70,0x00,0x70,0x00,0x20,0x00,0x20,0x00,0x00,0x00}, /* ↓ */
    {0x70,0x00,0x8C,0x01,0x22,0x02,0x62,0x02,0xA1,0x04,0x21,0x04,0x21,0x04,0x22,0x02,0x22,0x02,0x8C,0x01,0x70,0x00,0x00,0x00}, /* ① */
    {0x70,0x00,0x8C,0x01,0x62,0x02,0x92,0x02,0x11,0x04,0x21,0x04,0x41,0x04,0x82,0x02,0xF2,0x02,0x8C,0x01,0x70,0x00,0x00,0x00}, /* ② */
    {0x70,0x00,0x8C,0x01,0xF2,0x02,0x22,0x02,0x41,0x04,0x21,0x04,0x11,0x04,0x92,0x02,0x62,0x02,0x8C,0x01,0x70,0x00,0x00,0x00}, /* ③ */
    {0x70,0x00,0x8C,0x01,0x22,0x02,0x42,0x02,0x51,0x04,0x91,0x04,0xF9,0x04,0x12,0x02,0x12,0x02,0x8C,0x01,0x70,0x00,0x00,0x00}, /* ④ */
    {0x70,0x00,0x8C,0x01,0xF2,0x02,0x82,0x02,0xE1,0x04,0x11,0x04,0x11,0x04,0x92,0x02,0x62,0x02,0x8C,0x01,0x70,0x00,0x00,0x00}, /* ⑤ */
    {0x70,0x00,0x8C,0x01,0x22,0x02,0x42,0x02,0x81,0x04,0xE1,0x04,0x91,0x04,0x92,0x02,0x62,0x02,0x8C,0x01,0x70,0x00,0x00,0x00}, /* ⑥ */
    {0x70,0x00,0x8C,0x01,0xF2,0x02,0x12,0x02,0x21,0x04,0x21,0x04,0x41,0x04,0x42,0x02,0x42,0x02,0x8C,0x01,0x70,0x00,0x00,0x00}, /* ⑦ */
    {0x70,0x00,0x8C,0x01,0x62,0x02,0x92,0x02,0x91,0x04,0x61,0x04,0x91,0x04,0x92,0x02,0x62,0x02,0x8C,0x01,0x70,0x00,0x00,0x00}, /* ⑧ */
    {0x70,0x00,0x8C,0x01,0x62,0x02,0x92,0x02,0x91,0x04,0x71,0x04,0x11,0x04,0x22,0x02,0x42,0x02,0x8C,0x01,0x70,0x00,0x00,0x00}, /* ⑨ */
    {0x70,0x00,0x8C,0x01,0x92,0x02,0xAA,0x02,0xA9,0x04,0xA9,0x04,0xA9,0x04,0xAA,0x02,0x92,0x02,0x8C,0x01,0x70,0x00,0x00,0x00}, /* ⑩ */
    {0x00,0x02,0x3A,0x05,0x46,0x02,0x82,0x00,0x80,0x00,0x80,0x00,0x80,0x00,0x81,0x00,0x42,0x00,0x3C,0x00,0x00,0x00,0x00,0x00}, /* ℃ */
    {0x00,0x00,0x80,0x01,0x00,0x00,0xC0,0x03,0x00,0x00,0x80,0x01,0x00,0x00,0x00,0x00,0x00,0x00,0x00,0x00,0x00,0x00,0x00,0x00}, /* † */
    {0x00,0x00,0x80,0x01,0x40,0x02,0x40,0x02,0x80,0x01,0x00,0x00,0x00,0x00,0x00,0x00,0x00,0x00,0x00,0x00,0x00,0x00,0x00,0x00}, /* ° */
    {0x00,0x00,0xFE,0x03,0x02,0x02,0x02,0x02,0x02,0x02,0x02,0x02,0x02,0x02,0x02,0x02,0x02,0x02,0xFE,0x03,0x00,0x00,0x00,0x00}, /* □ */
    {0x00,0x00,0xFE,0x03,0xFE,0x03,0xFE,0x03,0xFE,0x03,0xFE,0x03,0xFE,0x03,0xFE,0x03,0xFE,0x03,0xFE,0x03,0x00,0x00,0x00,0x00}, /* ■ */
    {0x00,0x00,0x20,0x00,0x50,0x00,0x50,0x00,0x88,0x00,0x88,0x00,0x04,0x01,0x04,0x01,0x02,0x02,0xFF,0x07,0x00,0x00,0x00,0x00}, /* △ */
    {0x00,0x00,0x20,0x00,0x70,0x00,0x70,0x00,0xF8,0x00,0xF8,0x00,0xFC,0x01,0xFC,0x01,0xFE,0x03,0xFF,0x07,0x00,0x00,0x00,0x00}, /* ▲ */
    {0x00,0x00,0x70,0x00,0x88,0x00,0x04,0x01,0x02,0x02,0x02,0x02,0x02,0x02,0x04,0x01,0x88,0x00,0x70,0x00,0x00,0x00,0x00,0x00}, /* ○ */
    {0x00,0x00,0x70,0x00,0xFC,0x01,0xFE,0x03,0xFE,0x03,0xFF,0x07,0xFF,0x07,0xFF,0x07,0xFE,0x03,0xFE,0x03,0xFC,0x01,0x70,0x00}, /* ● */
    {0x00,0x00,0xF8,0x00,0x04,0x01,0x72,0x02,0x8A,0x02,0x8A,0x02,0x8A,0x02,0x72,0x02,0x04,0x01,0xF8,0x00,0x00,0x00,0x00,0x00}, /* ◎ */
    {0x20,0x00,0x50,0x00,0x88,0x00,0x04,0x01,0x02,0x02,0x01,0x04,0x02,0x02,0x04,0x01,0x88,0x00,0x50,0x00,0x20,0x00,0x00,0x00}, /* ◇ */
    {0x20,0x00,0x70,0x00,0xF8,0x00,0xFC,0x01,0xFE,0x03,0xFF,0x07,0xFE,0x03,0xFC,0x01,0xF8,0x00,0x70,0x00,0x20,0x00,0x00,0x00}, /* ◆ */
    {0x41,0x04,0x21,0x02,0x05,0x00,0xFD,0x00,0x15,0x04,0x95,0x02,0x55,0x00,0x55,0x00,0x25,0x01,0x51,0x02,0x51,0x04,0x83,0x00}, /* 浏 */
    {0x10,0x00,0xFF,0x04,0x81,0x02,0x7E,0x00,0x00,0x00,0x7E,0x04,0x42,0x02,0x7E,0x00,0x42,0x00,0x7E,0x02,0x00,0x04,0xFF,0x00}, /* 渲 */
    {0x10,0x00,0x9E,0x07,0xA2,0x04,0xD4,0x04,0x88,0x04,0x94,0x04,0xAF,0x04,0x91,0x04,0xAA,0x07,0x84,0x04,0x18,0x00,0x60,0x00}, /* 哆 */
    {0x1F,0x01,0x00,0x01,0x1F,0x01,0xD1,0x07,0x5F,0x05,0x40,0x05,0xDF,0x07,0x15,0x01,0x5F,0x01,0xD5,0x01,0x5F,0x06,0x11,0x00}, /* 蝠 */
    {0xC4,0x03,0x44,0x02,0x44,0x02,0xFF,0x07,0x24,0x04,0xC4,0x03,0x5F,0x02,0xD1,0x03,0x51,0x02,0xD1,0x03,0x5F,0x02,0xD1,0x02}, /* 骷 */
    {0xD5,0x03,0x44,0x02,0x5F,0x02,0xEE,0x07,0x35,0x04,0xC4,0x03,0x48,0x02,0xFF,0x03,0x4A,0x02,0xD2,0x03,0x4C,0x02,0xD2,0x02}, /* 髅 */
    {0x08,0x02,0xFF,0x02,0x92,0x03,0xFF,0x04,0x94,0x07,0xBF,0x02,0x95,0x07,0xFF,0x02,0x95,0x02,0xBF,0x03,0xB6,0x02,0x55,0x01}, /* 镰 */
    {0x77,0x02,0xD5,0x03,0xF7,0x04,0x00,0x01,0xDE,0x07,0x40,0x05,0xFF,0x07,0x50,0x05,0xDE,0x07,0x02,0x00,0xC2,0x01,0x0C,0x06}, /* 鳄 */
    {0xFF,0x07,0x01,0x04,0xFE,0x03,0x40,0x00,0xA2,0x01,0x34,0x06,0x58,0x01,0xB4,0x01,0x54,0x06,0x92,0x01,0x11,0x06,0x60,0x00}, /* 冢 */
    {0xFE,0x04,0x82,0x02,0x82,0x00,0xFE,0x00,0x82,0x04,0x82,0x02,0xFE,0x00,0x10,0x00,0xFE,0x00,0x10,0x02,0x10,0x04,0xFF,0x01}, /* 涅 */
    {0x04,0x01,0x1F,0x01,0x0A,0x01,0x51,0x05,0x7F,0x05,0x41,0x05,0x5D,0x05,0x55,0x05,0x55,0x05,0xDD,0x05,0x51,0x06,0x03,0x00}, /* 崎 */
    {0x08,0x02,0x08,0x02,0x14,0x02,0xE3,0x07,0x94,0x02,0x94,0x02,0x94,0x02,0x94,0x02,0x94,0x02,0xA4,0x02,0x81,0x02,0x7F,0x04}, /* 尬 */
    {0x20,0x00,0x77,0x07,0x2D,0x05,0x35,0x05,0xFE,0x05,0x46,0x05,0xF5,0x05,0x55,0x05,0x75,0x07,0x56,0x05,0x74,0x00,0x54,0x00}, /* 嘟 */
    {0x7F,0x00,0x49,0x07,0x7F,0x05,0x49,0x05,0x55,0x05,0x63,0x05,0x7F,0x05,0x10,0x05,0x4A,0x07,0x51,0x05,0x95,0x00,0x0C,0x00}, /* 嗯 */
    {0x10,0x00,0x7F,0x07,0x49,0x05,0x6B,0x05,0x7F,0x05,0x49,0x05,0x6B,0x05,0x41,0x05,0x08,0x07,0x7F,0x05,0x14,0x00,0x63,0x00}, /* 噢 */
    {0x08,0x00,0xFF,0x00,0x00,0x07,0x7E,0x05,0x42,0x05,0x7E,0x05,0x00,0x05,0x7E,0x05,0x04,0x07,0x08,0x05,0x08,0x00,0x18,0x00}, /* 哼 */
    {0xFF,0x00,0x10,0x00,0x7E,0x07,0x42,0x05,0x7E,0x05,0x42,0x05,0x7E,0x05,0x24,0x05,0x1F,0x07,0xF2,0x05,0x0D,0x00,0x73,0x00}, /* 嘎 */
    {0x08,0x00,0x7F,0x07,0x08,0x05,0x7F,0x05,0x51,0x05,0x24,0x05,0x38,0x05,0x12,0x05,0x7F,0x07,0x08,0x05,0x2A,0x00,0x59,0x00}, /* 嗦 */
    {0x24,0x00,0x24,0x07,0x47,0x05,0x59,0x05,0x61,0x05,0x29,0x05,0x45,0x05,0x75,0x05,0x01,0x07,0x11,0x05,0x61,0x00,0x06,0x00}, /* 哟 */
    {0x7F,0x00,0x49,0x07,0x49,0x05,0x7F,0x05,0x49,0x05,0x49,0x05,0x7F,0x05,0x08,0x05,0x7F,0x07,0x08,0x05,0x08,0x00,0xFF,0x00}, /* 哩 */
    {0x7F,0x00,0x40,0x07,0x5F,0x05,0x55,0x05,0x5F,0x05,0x55,0x05,0x5F,0x05,0x44,0x05,0x5F,0x07,0x44,0x05,0x44,0x00,0x9F,0x00}, /* 喱 */
    {0x55,0x00,0x14,0x07,0x7F,0x05,0x22,0x05,0x14,0x05,0x7F,0x05,0x08,0x05,0x3E,0x05,0x08,0x07,0x7F,0x05,0x14,0x00,0x63,0x00}, /* 噗 */
    {0x75,0x00,0x16,0x07,0x54,0x05,0x25,0x05,0x5A,0x05,0x81,0x05,0x7E,0x05,0x42,0x05,0x7E,0x07,0x42,0x05,0x24,0x00,0xFF,0x00}, /* 噔 */
    {0x00,0x00,0x77,0x07,0x52,0x05,0x5E,0x05,0x6A,0x05,0x6A,0x05,0x5A,0x05,0x5E,0x05,0x52,0x07,0x62,0x05,0x42,0x00,0x46,0x00}, /* 啊 */
    {0x00,0x00,0xBF,0x07,0x82,0x04,0x82,0x04,0x3A,0x05,0x2A,0x05,0xAA,0x04,0xAA,0x04,0xBA,0x04,0x22,0x07,0x02,0x04,0x0E,0x04}, /* 阿 */
    {0x08,0x01,0x10,0x01,0x22,0x01,0x7F,0x01,0xA1,0x07,0x3E,0x01,0x48,0x01,0x08,0x01,0x7F,0x01,0x94,0x01,0x22,0x06,0x41,0x00}, /* 埃 */
    {0x08,0x02,0x10,0x02,0x22,0x02,0x7F,0x07,0x21,0x02,0x3E,0x02,0x48,0x03,0x08,0x06,0x7F,0x02,0x14,0x02,0x22,0x02,0xC1,0x06}, /* 挨 */
    {0x44,0x00,0x44,0x07,0xFF,0x05,0x44,0x05,0x00,0x05,0x44,0x05,0x44,0x05,0x28,0x05,0x10,0x07,0x28,0x05,0x44,0x00,0x83,0x01}, /* 哎 */
    {0x08,0x00,0x10,0x07,0x22,0x05,0x7F,0x05,0x21,0x05,0x3E,0x05,0x48,0x05,0x08,0x05,0x7F,0x07,0x14,0x05,0x22,0x00,0xC1,0x00}, /* 唉 */
    {0x40,0x00,0x20,0x00,0xFF,0x07,0x00,0x00,0xFE,0x03,0x02,0x02,0xFE,0x03,0x60,0x00,0x91,0x00,0x8A,0x01,0xA4,0x06,0xC3,0x00}, /* 哀 */
    {0x10,0x00,0xFF,0x01,0x00,0x01,0x3E,0x05,0x22,0x03,0x3E,0x01,0x77,0x01,0x55,0x03,0x77,0x05,0x08,0x01,0x49,0x02,0x7F,0x04}, /* 癌 */
    {0x88,0x00,0xFF,0x07,0x88,0x00,0x7E,0x02,0x42,0x01,0x7E,0x00,0x42,0x06,0x7F,0x02,0x89,0x02,0x55,0x02,0x7D,0x03,0x03,0x02}, /* 蔼 */
    {0x06,0x02,0x38,0x02,0x88,0x03,0x7F,0x05,0x2A,0x01,0x49,0x01,0x88,0x07,0x7F,0x01,0x12,0x01,0xB2,0x02,0x8C,0x02,0x73,0x04}, /* 矮 */
    {0x88,0x00,0x88,0x00,0xFF,0x07,0x88,0x00,0x00,0x00,0x88,0x00,0x88,0x00,0x50,0x00,0x20,0x00,0x50,0x00,0x8C,0x01,0x03,0x06}, /* 艾 */
    {0x3F,0x00,0xA1,0x07,0x3F,0x01,0x21,0x01,0x3F,0x02,0x80,0x03,0xBF,0x06,0x82,0x02,0xFF,0x02,0xA2,0x03,0x92,0x02,0x06,0x00}, /* 碍 */
    {0x1F,0x00,0xE0,0x07,0x42,0x02,0x24,0x01,0xFF,0x07,0x41,0x04,0xFE,0x03,0x80,0x00,0xFC,0x00,0x44,0x01,0x38,0x02,0xC7,0x05}, /* 爱 */
    {0x82,0x00,0x44,0x07,0x00,0x05,0xFE,0x05,0x44,0x06,0x82,0x06,0x01,0x05,0xFE,0x05,0xAA,0x05,0xAA,0x06,0xAA,0x04,0xFF,0x05}, /* 隘 */
    {0x88,0x02,0xC4,0x07,0xBF,0x02,0xA1,0x03,0x08,0x01,0xC8,0x07,0x7F,0x05,0xD2,0x07,0x12,0x01,0xCC,0x07,0x12,0x01,0x61,0x01}, /* 鞍 */
    {0xFE,0x01,0x00,0x02,0xFC,0x05,0x00,0x00,0xFC,0x03,0x44,0x00,0xFC,0x07,0x8C,0x04,0xF4,0x03,0x25,0x01,0xC3,0x00,0x31,0x03}, /* 氨 */
    {0x40,0x00,0x20,0x00,0xFF,0x07,0x41,0x04,0x40,0x00,0xFF,0x07,0x84,0x00,0x04,0x01,0xC8,0x01,0x30,0x00,0xCC,0x00,0x02,0x07}, /* 安 */
    {0x10,0x01,0xFE,0x01,0x28,0x02,0x44,0x02,0x93,0x06,0x7C,0x03,0x54,0x02,0x7C,0x02,0x54,0x02,0x7D,0x02,0x51,0x02,0x0F,0x02}, /* 俺 */
    {0x08,0x01,0x04,0x01,0x3F,0x01,0xA1,0x07,0x08,0x01,0x08,0x01,0xBF,0x01,0x12,0x07,0x12,0x01,0x0C,0x01,0x12,0x01,0x61,0x03}, /* 按 */
    {0x10,0x00,0x08,0x07,0xFF,0x05,0x42,0x05,0x24,0x05,0xFF,0x07,0x00,0x05,0x7E,0x05,0x42,0x05,0x7E,0x07,0x42,0x05,0x7E,0x00}, /* 暗 */
    {0x20,0x00,0x22,0x02,0xFE,0x03,0x00,0x00,0xFE,0x03,0x00,0x02,0xFE,0x02,0x10,0x02,0xFF,0x03,0x10,0x02,0x10,0x02,0x10,0x04}, /* 岸 */
    {0x10,0x00,0x88,0x03,0xBF,0x02,0xA1,0x02,0x88,0x03,0x88,0x02,0xBF,0x02,0x92,0x03,0xB2,0x02,0x8C,0x02,0x92,0x02,0xA1,0x05}, /* 胺 */
    {0x20,0x00,0xFF,0x07,0x41,0x04,0xFE,0x03,0x88,0x00,0x70,0x00,0x8E,0x07,0x20,0x00,0xFF,0x07,0xA8,0x00,0x24,0x01,0x23,0x06}, /* 案 */
    {0x10,0x00,0x88,0x03,0xFF,0x02,0x80,0x02,0x80,0x03,0xBC,0x02,0xA4,0x02,0xA4,0x03,0xA4,0x02,0xA5,0x02,0xC5,0x02,0x83,0x05}, /* 肮 */
    {0xFE,0x03,0x02,0x02,0xFE,0x03,0x02,0x02,0xFE,0x03,0x80,0x00,0x1F,0x07,0x11,0x04,0x11,0x04,0xD1,0x04,0x13,0x07,0x10,0x00}, /* 昂 */
    {0x20,0x00,0xFC,0x01,0x24,0x01,0x24,0x01,0xFF,0x07,0x50,0x00,0x8C,0x01,0x03,0x06,0xFE,0x03,0x52,0x02,0x52,0x02,0xFF,0x07}, /* 盎 */
    {0x00,0x00,0x8F,0x07,0x89,0x04,0x89,0x04,0x89,0x04,0x89,0x04,0xF9,0x04,0x01,0x04,0x01,0x04,0x01,0x04,0xFF,0x07,0x01,0x04}, /* 凹 */
    {0x88,0x00,0x88,0x00,0xE8,0x07,0x8F,0x00,0xD2,0x03,0x8A,0x00,0xEA,0x07,0x0A,0x01,0xCA,0x01,0x44,0x01,0x4A,0x02,0xD1,0x04}, /* 敖 */
    {0x08,0x01,0xC8,0x07,0x0F,0x01,0x92,0x03,0x2A,0x01,0xCA,0x07,0x04,0x02,0xCA,0x03,0x51,0x02,0xC0,0x04,0x92,0x02,0x49,0x04}, /* 熬 */
    {0x00,0x01,0xDB,0x07,0x49,0x04,0xC9,0x07,0x6D,0x04,0xDB,0x07,0x09,0x01,0xDB,0x07,0xAD,0x02,0x49,0x05,0x89,0x03,0x1B,0x01}, /* 翱 */
    {0x06,0x02,0x38,0x01,0x88,0x07,0x88,0x00,0x08,0x01,0xBF,0x01,0x08,0x03,0x88,0x05,0x14,0x01,0x14,0x01,0x22,0x01,0x41,0x01}, /* 袄 */
    {0x48,0x01,0xE8,0x01,0x48,0x02,0xEF,0x02,0x52,0x06,0xEA,0x03,0x8A,0x02,0xEA,0x02,0xAA,0x02,0xA4,0x02,0xAA,0x02,0x71,0x03}, /* 傲 */
    {0x40,0x00,0xFE,0x03,0x22,0x02,0xAA,0x02,0xFE,0x03,0x22,0x02,0xAA,0x02,0x02,0x02,0x20,0x00,0xFF,0x07,0x88,0x00,0x07,0x07}, /* 奥 */
    {0x10,0x01,0x7F,0x01,0x49,0x01,0xEB,0x05,0x7F,0x05,0x49,0x05,0x6B,0x05,0x41,0x01,0x08,0x01,0x7F,0x01,0x14,0x01,0x63,0x01}, /* 懊 */
    {0x20,0x04,0xFF,0x03,0x11,0x01,0x55,0x01,0xFF,0x05,0x11,0x03,0x55,0x01,0x01,0x01,0x10,0x00,0xFF,0x03,0x44,0x04,0x83,0x01}, /* 澳 */
    {0x88,0x00,0xFF,0x07,0x88,0x00,0x00,0x00,0xFE,0x03,0x22,0x02,0x22,0x02,0xFE,0x03,0x00,0x02,0x01,0x02,0x01,0x02,0xFF,0x01}, /* 芭 */
    {0x01,0x02,0x71,0x02,0x55,0x02,0x55,0x07,0x75,0x02,0x25,0x02,0x25,0x03,0xF5,0x06,0x55,0x02,0x51,0x02,0x91,0x02,0x33,0x07}, /* 捌 */
    {0x04,0x01,0x24,0x01,0x24,0x01,0xA4,0x07,0x24,0x01,0x24,0x01,0xA4,0x01,0x24,0x07,0x24,0x01,0x42,0x01,0x42,0x01,0x81,0x03}, /* 扒 */
    {0x04,0x00,0x24,0x07,0x24,0x05,0x24,0x05,0x24,0x05,0x24,0x05,0x24,0x05,0x24,0x05,0x24,0x07,0x42,0x05,0x42,0x00,0x81,0x00}, /* 叭 */
    {0x00,0x00,0x7F,0x07,0x49,0x05,0x49,0x05,0x49,0x05,0x49,0x05,0x7F,0x05,0x40,0x05,0x40,0x07,0x41,0x05,0x41,0x00,0x3F,0x00}, /* 吧 */
    {0x10,0x02,0xDF,0x03,0xA4,0x04,0x00,0x00,0xFE,0x03,0x22,0x02,0x22,0x02,0xFE,0x03,0x00,0x02,0x01,0x02,0x01,0x02,0xFF,0x01}, /* 笆 */
    {0x08,0x00,0x88,0x00,0x88,0x00,0x88,0x00,0x88,0x00,0x88,0x00,0x88,0x00,0x84,0x00,0x04,0x01,0x02,0x01,0x02,0x02,0x01,0x04}, /* 八 */
    {0x20,0x00,0x10,0x00,0xFF,0x01,0x00,0x05,0x7F,0x03,0x49,0x01,0x49,0x01,0x7F,0x03,0x40,0x05,0x41,0x01,0x41,0x02,0x3F,0x04}, /* 疤 */
    {0x00,0x00,0xFE,0x03,0x22,0x02,0x22,0x02,0x22,0x02,0x22,0x02,0xFE,0x03,0x00,0x02,0x00,0x02,0x01,0x02,0x01,0x02,0xFF,0x01}, /* 巴 */
    {0x14,0x01,0x12,0x01,0x10,0x01,0xBF,0x07,0x10,0x01,0x1F,0x01,0xA9,0x01,0x29,0x07,0x2A,0x01,0x44,0x01,0x4A,0x01,0x91,0x03}, /* 拔 */
    {0x14,0x00,0x92,0x07,0x90,0x04,0xFF,0x04,0x90,0x07,0x1F,0x01,0xA9,0x01,0x29,0x05,0x2A,0x05,0xC4,0x05,0x4A,0x06,0x91,0x00}, /* 跋 */
    {0x80,0x02,0xDF,0x07,0x95,0x02,0x95,0x03,0x15,0x01,0xD5,0x07,0x5F,0x05,0xD0,0x07,0x10,0x01,0xD1,0x07,0x11,0x01,0x0F,0x01}, /* 靶 */
    {0x00,0x02,0x7F,0x02,0x49,0x02,0x49,0x07,0x49,0x02,0x49,0x02,0x7F,0x03,0x40,0x06,0x40,0x02,0x41,0x02,0x41,0x02,0x3F,0x06}, /* 把 */
    {0x00,0x01,0x3F,0x01,0xA9,0x07,0x29,0x01,0xA9,0x03,0x29,0x01,0xBF,0x07,0x20,0x01,0xA0,0x03,0x21,0x05,0x21,0x01,0x1F,0x01}, /* 耙 */
    {0x00,0x02,0x7F,0x02,0x41,0x02,0x49,0x07,0x49,0x02,0x49,0x02,0x49,0x02,0x49,0x02,0x49,0x03,0x14,0x06,0x22,0x00,0xC1,0x00}, /* 坝 */
    {0xFE,0x03,0x20,0x00,0xFF,0x07,0x25,0x05,0x00,0x00,0x2F,0x02,0xF9,0x07,0x2F,0x02,0xE9,0x03,0x8F,0x00,0xE9,0x07,0x93,0x00}, /* 霸 */
    {0xFE,0x03,0x52,0x02,0x52,0x02,0xFE,0x03,0x20,0x00,0xFE,0x03,0x20,0x00,0xFF,0x07,0x80,0x00,0x04,0x01,0xFE,0x03,0x02,0x00}, /* 罢 */
    {0x88,0x00,0x04,0x01,0x8A,0x02,0x70,0x00,0x8C,0x01,0x03,0x06,0xFC,0x01,0x24,0x01,0xFC,0x01,0x00,0x01,0x02,0x01,0xFE,0x00}, /* 爸 */
    {0x40,0x00,0x80,0x00,0xFE,0x03,0x02,0x02,0x02,0x02,0x02,0x02,0xFE,0x03,0x02,0x02,0x02,0x02,0x02,0x02,0xFE,0x03,0x02,0x02}, /* 白 */
    {0x04,0x01,0x08,0x01,0x3F,0x01,0xA1,0x07,0x21,0x01,0xA1,0x03,0x7F,0x03,0x21,0x05,0x21,0x01,0x21,0x01,0x3F,0x01,0x21,0x01}, /* 柏 */
    {0x00,0x00,0xFF,0x07,0x20,0x00,0x40,0x00,0xFE,0x03,0x02,0x02,0x02,0x02,0xFE,0x03,0x02,0x02,0x02,0x02,0xFE,0x03,0x02,0x02}, /* 百 */
    {0x7F,0x01,0x55,0x01,0xD5,0x07,0x7F,0x01,0x08,0x01,0x3E,0x01,0x88,0x01,0x7F,0x07,0x10,0x01,0x22,0x01,0x7F,0x01,0x01,0x03}, /* 摆 */
    {0x80,0x00,0xFF,0x00,0x08,0x01,0x10,0x01,0x7F,0x03,0x41,0x05,0x41,0x01,0x7F,0x01,0x41,0x01,0x41,0x01,0x7F,0x01,0x41,0x01}, /* 佰 */
    {0x08,0x00,0xC8,0x07,0x50,0x04,0x5F,0x05,0x62,0x05,0x52,0x05,0x52,0x05,0x52,0x05,0x54,0x05,0x08,0x01,0x94,0x02,0x63,0x04}, /* 败 */
    {0xDF,0x00,0x04,0x07,0x04,0x01,0x1F,0x01,0xC4,0x07,0x1F,0x01,0x04,0x01,0xC4,0x07,0x1F,0x01,0x04,0x01,0x04,0x02,0x04,0x04}, /* 拜 */
    {0x40,0x00,0x27,0x07,0x02,0x02,0xFA,0x02,0x12,0x02,0x52,0x07,0x57,0x02,0x22,0x02,0x22,0x02,0x52,0x03,0x92,0x06,0x07,0x00}, /* 斑 */
    {0x20,0x00,0x2F,0x07,0x24,0x02,0xA4,0x02,0xA4,0x02,0xA4,0x07,0xAF,0x02,0x24,0x03,0x24,0x02,0x44,0x03,0x44,0x06,0x9F,0x00}, /* 班 */
    {0x20,0x02,0x4E,0x02,0xEA,0x02,0xAA,0x07,0xF3,0x02,0xA0,0x02,0xEE,0x03,0xAA,0x06,0xEA,0x02,0xA4,0x02,0xAA,0x02,0x71,0x07}, /* 搬 */
    {0x03,0x01,0x3C,0x01,0x20,0x01,0xA0,0x07,0x3F,0x01,0x29,0x01,0xA9,0x01,0x2A,0x07,0x2A,0x01,0x24,0x01,0x4A,0x01,0x91,0x03}, /* 扳 */
    {0x80,0x00,0x1E,0x01,0xD2,0x03,0x52,0x02,0x63,0x03,0xC0,0x02,0xDE,0x07,0x52,0x02,0x52,0x03,0xCC,0x02,0x52,0x02,0xE1,0x04}, /* 般 */
    {0x9F,0x00,0x84,0x02,0x48,0x02,0x5F,0x04,0x11,0x00,0xD5,0x07,0x55,0x02,0x55,0x02,0x55,0x02,0x44,0x02,0x4A,0x02,0xD1,0x04}, /* 颁 */
    {0x03,0x01,0x3C,0x01,0x20,0x01,0xA0,0x07,0x3F,0x01,0xA9,0x03,0x69,0x03,0x2A,0x05,0x2A,0x01,0x24,0x01,0x4A,0x01,0x91,0x01}, /* 板 */
    {0x83,0x00,0xBC,0x02,0xA0,0x02,0xA0,0x02,0xFF,0x03,0x29,0x02,0x29,0x02,0xAA,0x03,0xAA,0x02,0xA4,0x02,0xCA,0x02,0x91,0x04}, /* 版 */
    {0x14,0x01,0x14,0x01,0x22,0x01,0xA2,0x07,0x41,0x01,0x3E,0x01,0x92,0x01,0x12,0x07,0x12,0x01,0x22,0x01,0x22,0x01,0x4C,0x03}, /* 扮 */
    {0x08,0x01,0x49,0x01,0x2A,0x01,0x88,0x07,0x3E,0x01,0x08,0x01,0x88,0x01,0x7F,0x07,0x08,0x01,0x08,0x01,0x08,0x01,0x08,0x03}, /* 拌 */
    {0x88,0x00,0xC9,0x00,0x2A,0x01,0x08,0x01,0x3E,0x03,0x08,0x05,0x08,0x01,0x7F,0x01,0x08,0x01,0x08,0x01,0x08,0x01,0x08,0x01}, /* 伴 */
    {0x14,0x04,0x62,0x02,0x57,0x07,0x50,0x00,0x55,0x05,0x5A,0x02,0x57,0x07,0x52,0x02,0x57,0x07,0xA2,0x02,0xAA,0x02,0x3A,0x05}, /* 瓣 */
    {0x20,0x00,0x24,0x01,0xA8,0x00,0x20,0x00,0xFE,0x03,0x20,0x00,0x20,0x00,0xFF,0x07,0x20,0x00,0x20,0x00,0x20,0x00,0x20,0x00}, /* 半 */
    {0x40,0x00,0x40,0x00,0x40,0x00,0xF8,0x03,0x48,0x00,0x4A,0x02,0x49,0x02,0x49,0x02,0x89,0x04,0x88,0x00,0x08,0x01,0x70,0x02}, /* 办 */
    {0x08,0x01,0x49,0x01,0x2A,0x02,0x88,0x04,0x3E,0x07,0x08,0x01,0x08,0x02,0x7F,0x07,0x08,0x00,0x88,0x01,0x08,0x06,0x08,0x00}, /* 绊 */
    {0x80,0x00,0xEF,0x03,0x89,0x00,0x89,0x00,0xEA,0x03,0x8A,0x00,0x89,0x00,0xE9,0x07,0x89,0x00,0x0E,0x01,0x08,0x01,0x08,0x02}, /* 邦 */
    {0x80,0x00,0xEF,0x07,0x89,0x00,0xEA,0x03,0x89,0x00,0xE9,0x07,0x0E,0x01,0x28,0x02,0xFE,0x07,0x22,0x02,0x26,0x02,0x20,0x00}, /* 帮 */
    {0x20,0x01,0x77,0x01,0x25,0x01,0xA5,0x07,0x76,0x01,0x26,0x03,0xA5,0x03,0x75,0x05,0x25,0x01,0x26,0x01,0x24,0x01,0x44,0x01}, /* 梆 */
    {0x08,0x01,0x7F,0x01,0x22,0x01,0x94,0x07,0x7F,0x01,0x41,0x03,0x88,0x03,0x7F,0x05,0x10,0x01,0x1F,0x01,0x21,0x01,0x46,0x01}, /* 榜 */
    {0x08,0x00,0xBF,0x03,0x92,0x02,0x8C,0x02,0xBF,0x03,0xA9,0x02,0x84,0x02,0xBF,0x03,0x90,0x02,0x9F,0x02,0x91,0x02,0xA6,0x05}, /* 膀 */
    {0x20,0x02,0x27,0x02,0x75,0x04,0x25,0x05,0x26,0x06,0x76,0x02,0x25,0x04,0x25,0x07,0x75,0x00,0x26,0x01,0x44,0x06,0x84,0x00}, /* 绑 */
    {0x08,0x01,0x7F,0x01,0x08,0x01,0xBE,0x07,0x10,0x01,0x7F,0x03,0xA2,0x03,0x49,0x05,0x3E,0x01,0x08,0x01,0x7F,0x01,0x08,0x01}, /* 棒 */
    {0x08,0x00,0xBF,0x07,0x12,0x01,0x0C,0x01,0x3F,0x02,0xA9,0x03,0x84,0x06,0xBF,0x02,0x90,0x02,0x9F,0x03,0x91,0x02,0x26,0x00}, /* 磅 */
    {0x04,0x01,0x04,0x01,0x1F,0x01,0xC4,0x07,0x44,0x05,0x5F,0x05,0xC4,0x07,0x04,0x01,0x5F,0x01,0xC4,0x01,0x44,0x06,0x04,0x00}, /* 蚌 */
    {0x08,0x02,0x7F,0x03,0x22,0x04,0x14,0x00,0x7F,0x07,0x41,0x02,0x08,0x02,0x7F,0x07,0x10,0x02,0x1F,0x02,0x21,0x03,0x46,0x02}, /* 镑 */
    {0x88,0x00,0xFF,0x00,0x22,0x01,0x14,0x01,0x7F,0x03,0x41,0x05,0x08,0x01,0x7F,0x01,0x10,0x01,0x1F,0x01,0x21,0x01,0x46,0x01}, /* 傍 */
    {0x10,0x04,0xFF,0x02,0x42,0x00,0x24,0x00,0xFF,0x06,0x91,0x02,0x08,0x02,0xFF,0x02,0x20,0x02,0x3F,0x03,0x41,0x02,0x86,0x00}, /* 谤 */
    {0x88,0x00,0xFF,0x07,0x88,0x00,0x00,0x01,0xFE,0x01,0x02,0x02,0xF2,0x05,0x12,0x01,0xF2,0x01,0x06,0x01,0x01,0x01,0xFF,0x00}, /* 苞 */
    {0x10,0x00,0x90,0x03,0xBF,0x02,0xC1,0x02,0xBD,0x03,0xA5,0x02,0xA5,0x02,0xBD,0x03,0xA3,0x02,0xA0,0x02,0xA1,0x02,0x9F,0x05}, /* 胞 */
    {0x00,0x01,0x00,0x01,0xFE,0x01,0x02,0x02,0xF2,0x05,0x12,0x01,0x12,0x01,0xF2,0x01,0x06,0x01,0x01,0x01,0x01,0x01,0xFF,0x00}, /* 包 */
    {0x20,0x00,0xFF,0x07,0x22,0x01,0x3E,0x03,0x08,0x05,0x7F,0x01,0x2A,0x01,0x69,0x01,0x50,0x00,0x8A,0x01,0xA4,0x06,0xC3,0x00}, /* 褒 */
    {0xE1,0x07,0x21,0x00,0xE5,0x03,0x25,0x00,0xF5,0x07,0x85,0x00,0x95,0x04,0xA5,0x02,0xC5,0x01,0xA1,0x02,0x91,0x04,0x83,0x01}, /* 剥 */
    {0x88,0x00,0xFF,0x07,0x88,0x00,0x12,0x04,0xFF,0x02,0x52,0x00,0x7E,0x04,0x52,0x02,0xFF,0x00,0x44,0x00,0x24,0x02,0x0C,0x04}, /* 薄 */
    {0xFE,0x03,0x20,0x00,0xFF,0x07,0xA9,0x04,0x00,0x01,0xFE,0x01,0x02,0x02,0xF2,0x05,0x12,0x01,0xF6,0x01,0x01,0x01,0xFF,0x00}, /* 雹 */
    {0x80,0x00,0xBE,0x00,0x22,0x01,0x22,0x01,0x3E,0x03,0x08,0x05,0x7F,0x01,0x08,0x01,0x1C,0x01,0x2A,0x01,0x49,0x01,0x08,0x01}, /* 保 */
    {0xBE,0x00,0x22,0x01,0x3E,0x03,0x08,0x05,0x7F,0x01,0x2A,0x01,0x49,0x01,0x08,0x01,0x20,0x00,0xFE,0x03,0x20,0x00,0xFF,0x07}, /* 堡 */
    {0x10,0x02,0x10,0x02,0xBF,0x03,0xA1,0x04,0x7D,0x01,0xA5,0x02,0x25,0x02,0x3D,0x02,0x23,0x02,0xA0,0x02,0x21,0x03,0x1F,0x02}, /* 饱 */
    {0x40,0x00,0x20,0x00,0xFF,0x07,0x01,0x04,0x00,0x00,0xFE,0x03,0x20,0x00,0x20,0x00,0xFE,0x03,0x28,0x00,0x24,0x00,0xFF,0x07}, /* 宝 */
    {0x10,0x01,0x10,0x01,0x3F,0x01,0xC1,0x07,0x3D,0x01,0x25,0x01,0xA5,0x01,0x3D,0x07,0x23,0x01,0x20,0x01,0x21,0x01,0x1F,0x03}, /* 抱 */
    {0x00,0x01,0x3F,0x01,0x21,0x01,0xA1,0x07,0x26,0x01,0x20,0x01,0xBF,0x01,0x29,0x07,0x2A,0x01,0x24,0x01,0x2A,0x01,0x31,0x03}, /* 报 */
    {0xFE,0x03,0x02,0x02,0xFE,0x03,0x02,0x02,0xFE,0x03,0x88,0x00,0xFE,0x03,0x88,0x00,0xFF,0x07,0x24,0x01,0xAB,0x06,0x64,0x01}, /* 暴 */
    {0x08,0x01,0x08,0x02,0x4F,0x05,0x91,0x02,0x21,0x01,0x89,0x06,0x45,0x01,0xC5,0x06,0x41,0x01,0x41,0x06,0x41,0x00,0x86,0x01}, /* 豹 */
    {0x08,0x02,0x88,0x03,0x9F,0x04,0x21,0x01,0xDD,0x07,0x55,0x05,0xD5,0x07,0x5D,0x05,0xD3,0x07,0x10,0x00,0xD1,0x01,0x0F,0x06}, /* 鲍 */
    {0x3E,0x01,0x22,0x01,0xBE,0x01,0x22,0x05,0x3E,0x05,0x14,0x05,0x3E,0x05,0x14,0x01,0x7F,0x01,0xAA,0x02,0xDD,0x02,0x2A,0x04}, /* 爆 */
    {0x00,0x01,0x3F,0x01,0x04,0x01,0xC8,0x07,0x08,0x01,0x1A,0x03,0xA9,0x03,0x49,0x05,0x08,0x01,0x08,0x01,0x08,0x01,0x08,0x01}, /* 杯 */
    {0x08,0x00,0x90,0x07,0x3F,0x01,0x25,0x01,0x3F,0x02,0xA9,0x03,0xBF,0x06,0x90,0x02,0xA4,0x02,0xFF,0x02,0x84,0x03,0x84,0x02}, /* 碑 */
    {0x88,0x00,0x8F,0x07,0x88,0x00,0x8E,0x03,0x88,0x00,0x8F,0x07,0x88,0x00,0x20,0x00,0x92,0x02,0x91,0x02,0x85,0x04,0x7C,0x00}, /* 悲 */
    {0x20,0x00,0x40,0x00,0xFE,0x03,0x22,0x02,0xFE,0x03,0x42,0x02,0xFE,0x03,0x90,0x00,0x10,0x01,0xFF,0x07,0x10,0x00,0x10,0x00}, /* 卑 */
    {0x90,0x00,0x90,0x00,0x91,0x00,0x92,0x00,0x94,0x07,0x98,0x00,0x90,0x00,0x90,0x00,0x90,0x01,0x91,0x06,0x91,0x00,0x8F,0x00}, /* 北 */
    {0x88,0x00,0x8F,0x07,0x88,0x00,0x8F,0x07,0x88,0x00,0x40,0x00,0xFE,0x03,0xA0,0x00,0xFC,0x01,0x20,0x00,0xFF,0x07,0x20,0x00}, /* 辈 */
    {0x92,0x00,0x9C,0x07,0x91,0x00,0x8F,0x01,0x80,0x06,0xFC,0x01,0x04,0x01,0xFC,0x01,0x04,0x01,0xFC,0x01,0x04,0x01,0x0C,0x01}, /* 背 */
    {0x00,0x00,0xFE,0x03,0x02,0x02,0x22,0x02,0x22,0x02,0x22,0x02,0x22,0x02,0x22,0x02,0x42,0x02,0x98,0x00,0x06,0x01,0x01,0x06}, /* 贝 */
    {0x00,0x02,0x7F,0x03,0x41,0x04,0x49,0x00,0x49,0x07,0x49,0x02,0x49,0x02,0x49,0x07,0x49,0x02,0x14,0x02,0x22,0x03,0x41,0x02}, /* 钡 */
    {0x08,0x01,0x7E,0x01,0x00,0x02,0x42,0x02,0x24,0x06,0xFF,0x02,0x00,0x02,0x7E,0x02,0x42,0x02,0x42,0x02,0x7E,0x02,0x42,0x02}, /* 倍 */
    {0x00,0x01,0x7F,0x05,0x41,0x02,0x49,0x05,0x49,0x01,0x49,0x01,0x49,0x03,0x49,0x05,0x49,0x01,0x14,0x01,0x22,0x01,0x41,0x06}, /* 狈 */
    {0x80,0x00,0xFC,0x01,0x88,0x02,0x70,0x00,0x8C,0x01,0x03,0x06,0xFC,0x01,0x24,0x01,0xFC,0x01,0x24,0x01,0xFC,0x01,0x04,0x01}, /* 备 */
    {0xFC,0x01,0x88,0x02,0x70,0x00,0x8C,0x01,0xFF,0x07,0x24,0x01,0xFC,0x01,0x24,0x01,0xFC,0x01,0xA2,0x02,0x95,0x02,0x7D,0x04}, /* 惫 */
    {0x08,0x01,0x3E,0x01,0x80,0x01,0x22,0x05,0x14,0x05,0x7F,0x05,0x00,0x05,0x3E,0x01,0x22,0x01,0xA2,0x02,0xBE,0x02,0x22,0x04}, /* 焙 */
    {0x04,0x02,0x04,0x01,0xBF,0x07,0xA5,0x00,0x24,0x01,0xBE,0x01,0x2A,0x03,0xAA,0x05,0x2A,0x01,0x24,0x01,0x4A,0x01,0x91,0x01}, /* 被 */
    {0x20,0x00,0x40,0x00,0xFE,0x03,0x88,0x00,0x24,0x01,0xFB,0x06,0x20,0x00,0x88,0x00,0xFF,0x07,0x88,0x00,0x08,0x01,0x08,0x02}, /* 奔 */
    {0x88,0x00,0xFF,0x07,0x88,0x00,0x20,0x00,0xFF,0x07,0x20,0x00,0x70,0x00,0xA8,0x00,0x24,0x01,0xFB,0x06,0x20,0x00,0x20,0x00}, /* 苯 */
    {0x20,0x00,0x20,0x00,0xFF,0x07,0x20,0x00,0x70,0x00,0xA8,0x00,0xA8,0x00,0x24,0x01,0x22,0x02,0xFD,0x05,0x20,0x00,0x20,0x00}, /* 本 */
    {0x10,0x02,0xDF,0x03,0xA4,0x04,0x20,0x00,0xFF,0x07,0x20,0x00,0x70,0x00,0xA8,0x00,0x24,0x01,0xFB,0x06,0x20,0x00,0x20,0x00}, /* 笨 */
    {0x20,0x00,0x22,0x02,0xFE,0x03,0x00,0x00,0xDE,0x03,0x52,0x02,0xDE,0x03,0x52,0x02,0xDE,0x03,0x52,0x02,0x52,0x02,0xE6,0x04}, /* 崩 */
    {0x00,0x02,0x77,0x02,0x55,0x04,0x55,0x05,0x77,0x06,0x55,0x02,0x55,0x04,0x77,0x07,0x55,0x00,0x55,0x01,0x55,0x06,0xBB,0x00}, /* 绷 */
    {0xFF,0x07,0x20,0x00,0xEC,0x00,0x23,0x07,0x00,0x00,0xFE,0x03,0x22,0x02,0xFE,0x03,0x22,0x02,0xFE,0x03,0x22,0x02,0x26,0x04}, /* 甭 */
    {0xFF,0x07,0x80,0x00,0xFE,0x01,0x02,0x03,0x02,0x05,0xFE,0x01,0x22,0x00,0xB4,0x07,0xA8,0x00,0x24,0x01,0x23,0x06,0x60,0x00}, /* 泵 */
    {0x08,0x00,0x49,0x07,0x7F,0x05,0x00,0x05,0x77,0x07,0x55,0x01,0xF7,0x01,0x55,0x05,0x77,0x05,0xD5,0x05,0x55,0x06,0xBB,0x00}, /* 蹦 */
    {0x42,0x04,0x24,0x02,0xFF,0x00,0x24,0x00,0x24,0x06,0x24,0x02,0xFF,0x02,0x24,0x02,0x24,0x02,0x44,0x02,0x84,0x02,0xFF,0x05}, /* 迸 */
    {0x7F,0x02,0x3E,0x01,0x22,0x00,0x3E,0x00,0x00,0x07,0x7F,0x01,0x49,0x01,0x7F,0x01,0x49,0x01,0x7F,0x01,0x80,0x02,0x7F,0x04}, /* 逼 */
    {0x40,0x00,0xFC,0x01,0x04,0x01,0xFC,0x01,0x04,0x01,0xFE,0x03,0x22,0x02,0xFE,0x03,0x22,0x02,0xFF,0x07,0x04,0x01,0x04,0x02}, /* 鼻 */
    {0x10,0x02,0x10,0x02,0x11,0x02,0x12,0x02,0xD4,0x03,0x18,0x02,0x10,0x02,0x10,0x02,0x50,0x02,0x91,0x02,0x11,0x03,0x0F,0x02}, /* 比 */
    {0xE7,0x03,0x25,0x02,0xE5,0x03,0x85,0x00,0xF6,0x07,0x86,0x00,0xF5,0x07,0x15,0x04,0xD5,0x05,0x56,0x05,0xD4,0x05,0xF4,0x07}, /* 鄙 */
    {0x08,0x01,0xEF,0x01,0x94,0x02,0x42,0x04,0x1E,0x00,0xE0,0x03,0x3C,0x00,0xE0,0x01,0x3E,0x00,0xE0,0x07,0x21,0x00,0x1F,0x00}, /* 笔 */
    {0x88,0x00,0x08,0x01,0x7F,0x02,0xC9,0x04,0x48,0x01,0x7E,0x03,0x52,0x05,0x52,0x01,0x54,0x01,0x48,0x01,0x54,0x01,0xA3,0x01}, /* 彼 */
    {0x08,0x00,0xDF,0x07,0x11,0x01,0xDF,0x07,0x11,0x01,0xDF,0x07,0x00,0x00,0xFF,0x07,0x80,0x00,0xFE,0x01,0x02,0x03,0xFE,0x05}, /* 碧 */
    {0x04,0x01,0xFF,0x07,0x04,0x01,0xA8,0x04,0xC8,0x02,0x8F,0x00,0xF2,0x07,0xAA,0x04,0xEA,0x05,0xA4,0x06,0xAA,0x04,0x71,0x04}, /* 蔽 */
    {0x12,0x02,0x14,0x02,0xD8,0x03,0x11,0x02,0xD1,0x02,0x0F,0x03,0x20,0x00,0x20,0x00,0xFF,0x07,0x20,0x00,0x20,0x00,0x20,0x00}, /* 毕 */
    {0x12,0x02,0xD4,0x03,0x18,0x02,0xD1,0x02,0x0F,0x03,0x00,0x00,0xFF,0x07,0x10,0x01,0xD2,0x03,0x5C,0x06,0x91,0x01,0x0F,0x06}, /* 毙 */
    {0x12,0x02,0x14,0x02,0xD8,0x03,0x11,0x02,0xD1,0x02,0x0F,0x03,0x40,0x00,0x24,0x00,0x88,0x02,0xB2,0x04,0xC5,0x00,0x7C,0x07}, /* 毖 */
    {0x1F,0x00,0xE0,0x07,0x20,0x00,0x20,0x00,0xFE,0x03,0x22,0x02,0x22,0x02,0x22,0x02,0x22,0x02,0x22,0x02,0x26,0x02,0x20,0x00}, /* 币 */
    {0x20,0x00,0x10,0x00,0xFF,0x03,0x00,0x02,0x88,0x02,0x89,0x02,0xE9,0x02,0x8A,0x02,0x8C,0x02,0x89,0x02,0xA9,0x02,0xC7,0x04}, /* 庇 */
    {0x00,0x02,0x3F,0x01,0x01,0x00,0x11,0x02,0x11,0x02,0xFD,0x02,0x11,0x02,0x31,0x02,0x51,0x02,0x91,0x02,0x31,0x02,0x07,0x02}, /* 闭 */
    {0xA8,0x04,0xCF,0x02,0xF2,0x07,0xAA,0x04,0xE4,0x05,0xAA,0x06,0x11,0x04,0x88,0x00,0xFF,0x07,0x88,0x00,0x08,0x01,0x08,0x02}, /* 弊 */
    {0x40,0x00,0x24,0x00,0xA4,0x00,0x88,0x00,0x88,0x02,0x92,0x02,0x91,0x02,0xA1,0x04,0xC0,0x00,0x84,0x00,0x84,0x01,0x7C,0x02}, /* 必 */
    {0x10,0x00,0x88,0x03,0xBE,0x02,0x80,0x02,0xA2,0x03,0x14,0x02,0x7F,0x02,0x88,0x03,0xBE,0x06,0x88,0x02,0x88,0x03,0x88,0x02}, /* 辟 */
    {0x04,0x00,0xDF,0x03,0x4A,0x02,0xC4,0x03,0x1F,0x02,0xC4,0x03,0x4E,0x05,0xC4,0x01,0x20,0x00,0xFE,0x03,0x20,0x00,0xFF,0x07}, /* 壁 */
    {0xC4,0x03,0x5F,0x02,0xCA,0x03,0x1F,0x02,0xC4,0x03,0x4E,0x05,0xC4,0x01,0xFE,0x03,0x02,0x02,0xFE,0x03,0x02,0x02,0x06,0x02}, /* 臂 */
    {0x04,0x04,0xEE,0x02,0xA0,0x00,0xAA,0x00,0xE4,0x06,0x9F,0x02,0xE4,0x02,0xA4,0x03,0xAE,0x02,0xE4,0x02,0x04,0x02,0xFF,0x05}, /* 避 */
    {0x44,0x00,0x45,0x07,0x76,0x05,0x44,0x05,0x55,0x06,0x63,0x06,0x08,0x05,0x08,0x05,0x3E,0x05,0x08,0x06,0x08,0x04,0x7F,0x04}, /* 陛 */
    {0x90,0x02,0xDF,0x07,0xA4,0x02,0xBF,0x03,0x65,0x01,0xBF,0x07,0x25,0x05,0xBF,0x07,0x34,0x01,0xEC,0x07,0x24,0x01,0x2B,0x01}, /* 鞭 */
    {0x10,0x02,0x10,0x01,0x10,0x00,0x7F,0x00,0x11,0x07,0x11,0x01,0x11,0x01,0x21,0x01,0x21,0x01,0x4E,0x01,0x80,0x02,0x7F,0x04}, /* 边 */
    {0x08,0x02,0x7F,0x02,0x41,0x04,0x7F,0x05,0x40,0x06,0x7F,0x02,0x55,0x04,0xD5,0x06,0x7F,0x00,0x55,0x01,0x55,0x06,0x43,0x00}, /* 编 */
    {0x03,0x00,0xDC,0x07,0x40,0x04,0x48,0x05,0x44,0x05,0x5F,0x05,0x41,0x05,0x42,0x05,0x44,0x05,0x08,0x01,0x98,0x02,0x67,0x04}, /* 贬 */
    {0x10,0x00,0xFF,0x03,0x01,0x02,0xFF,0x03,0x00,0x02,0xFF,0x02,0xA9,0x02,0xA9,0x02,0xFF,0x02,0xA9,0x02,0xA9,0x02,0x83,0x04}, /* 扁 */
    {0x80,0x00,0xFF,0x00,0x08,0x01,0x7F,0x01,0x49,0x03,0x7F,0x05,0x49,0x01,0x7F,0x01,0x28,0x01,0x10,0x01,0x28,0x01,0x47,0x01}, /* 便 */
    {0x20,0x00,0xFF,0x07,0x88,0x00,0x8A,0x02,0x89,0x04,0x00,0x00,0xFC,0x03,0x04,0x01,0x88,0x00,0x70,0x00,0x8C,0x01,0x03,0x06}, /* 变 */
    {0x40,0x00,0x20,0x00,0x00,0x00,0xFF,0x07,0x20,0x00,0x20,0x00,0x28,0x00,0x24,0x00,0x22,0x00,0x20,0x00,0x20,0x00,0x20,0x00}, /* 卞 */
    {0x28,0x02,0x24,0x01,0xAE,0x07,0x20,0x00,0xAA,0x02,0x64,0x01,0xBF,0x07,0x24,0x01,0xAE,0x03,0x24,0x01,0x24,0x01,0x44,0x02}, /* 辨 */
    {0x08,0x02,0x24,0x01,0x8E,0x07,0x60,0x00,0xAA,0x02,0x24,0x01,0xBF,0x07,0x24,0x01,0xAE,0x03,0x34,0x01,0x24,0x01,0x04,0x02}, /* 辩 */
    {0x24,0x04,0x22,0x02,0x47,0x07,0x50,0x00,0x65,0x05,0x22,0x02,0x47,0x07,0x72,0x02,0x07,0x07,0x12,0x02,0x62,0x02,0x02,0x04}, /* 辫 */
    {0x10,0x04,0xFE,0x02,0x82,0x00,0xFE,0x00,0x80,0x06,0xFE,0x02,0xAA,0x03,0xFE,0x02,0xAA,0x02,0x86,0x02,0x00,0x02,0xFF,0x05}, /* 遍 */
    {0x00,0x01,0x3E,0x01,0x00,0x01,0x80,0x07,0x7F,0x01,0x08,0x03,0x88,0x03,0x2A,0x05,0x29,0x01,0x49,0x01,0x08,0x01,0x18,0x01}, /* 标 */
    {0x81,0x00,0xE2,0x00,0x84,0x00,0xF1,0x03,0x92,0x02,0xE4,0x02,0x91,0x03,0x72,0x02,0x04,0x02,0xE8,0x02,0xA1,0x02,0x1F,0x05}, /* 彪 */
    {0x7F,0x07,0x14,0x05,0x7F,0x05,0x55,0x07,0x7F,0x05,0x00,0x05,0x3E,0x07,0x00,0x05,0x7F,0x05,0x08,0x05,0x2A,0x05,0x59,0x03}, /* 膘 */
    {0x20,0x00,0x20,0x00,0xFE,0x03,0x20,0x00,0xFC,0x01,0x20,0x00,0xFF,0x07,0x50,0x00,0x91,0x00,0x8A,0x01,0xA4,0x06,0xC3,0x00}, /* 表 */
    {0x28,0x05,0x4F,0x01,0xFA,0x07,0xA4,0x05,0x6A,0x07,0xF9,0x05,0x10,0x01,0xFC,0x03,0x24,0x01,0xFC,0x01,0x24,0x01,0xFF,0x07}, /* 鳖 */
    {0x28,0x05,0x4F,0x01,0xF2,0x07,0x2A,0x05,0xAA,0x05,0x64,0x07,0x2A,0x05,0x71,0x05,0x00,0x00,0xA2,0x02,0x95,0x02,0x7D,0x04}, /* 憋 */
    {0xF1,0x03,0x11,0x02,0x15,0x02,0x15,0x02,0xF5,0x03,0x85,0x00,0xF5,0x07,0x95,0x00,0x15,0x01,0x11,0x01,0x11,0x02,0xE3,0x04}, /* 别 */
    {0x10,0x00,0xFF,0x01,0x20,0x01,0x7E,0x05,0x4A,0x03,0x66,0x01,0x52,0x01,0x7E,0x03,0x24,0x05,0x7A,0x01,0xA5,0x02,0x1C,0x04}, /* 瘪 */
    {0x11,0x01,0x11,0x01,0x12,0x01,0xBC,0x07,0x11,0x01,0x11,0x03,0xBA,0x03,0x34,0x05,0x51,0x01,0x11,0x01,0x12,0x01,0x14,0x01}, /* 彬 */
    {0x04,0x04,0x36,0x02,0x05,0x00,0x84,0x07,0x7F,0x01,0x14,0x01,0x14,0x05,0x5C,0x05,0x54,0x02,0x55,0x02,0x5B,0x05,0xE1,0x04}, /* 斌 */
    {0x20,0x00,0xAF,0x04,0xB2,0x02,0xA4,0x00,0xFF,0x01,0x09,0x04,0x29,0x02,0xAD,0x00,0xB4,0x00,0x24,0x02,0x4A,0x04,0x91,0x01}, /* 濒 */
    {0x10,0x00,0xFF,0x04,0x85,0x02,0x78,0x00,0x40,0x00,0x7F,0x04,0x44,0x02,0x44,0x00,0xFF,0x00,0x00,0x02,0x44,0x04,0x82,0x00}, /* 滨 */
    {0x20,0x00,0xFF,0x07,0x09,0x04,0xF0,0x01,0x00,0x01,0xFE,0x01,0x08,0x01,0x08,0x01,0xFF,0x07,0x00,0x00,0x04,0x01,0x02,0x02}, /* 宾 */
    {0x08,0x01,0x7F,0x01,0x45,0x01,0xB8,0x07,0x20,0x01,0x3F,0x01,0xA4,0x01,0x24,0x07,0x7F,0x01,0x00,0x01,0x24,0x01,0x42,0x03}, /* 摈 */
    {0x0C,0x00,0xF0,0x01,0x00,0x01,0x00,0x01,0xFE,0x01,0x08,0x01,0x08,0x01,0x08,0x01,0xFF,0x07,0x00,0x00,0x04,0x01,0x02,0x02}, /* 兵 */
    {0x10,0x00,0x10,0x04,0x10,0x02,0x19,0x00,0xDA,0x01,0x54,0x00,0x54,0x00,0x54,0x01,0x92,0x02,0x92,0x04,0x11,0x01,0x30,0x00}, /* 冰 */
    {0x00,0x01,0x7F,0x01,0x08,0x01,0x88,0x07,0x7F,0x01,0x49,0x03,0xC9,0x03,0x55,0x05,0x63,0x01,0x41,0x01,0x41,0x01,0x43,0x01}, /* 柄 */
    {0x00,0x00,0xFF,0x07,0x20,0x00,0x20,0x00,0xFF,0x07,0x21,0x04,0x21,0x04,0x51,0x04,0x89,0x04,0x05,0x05,0x01,0x04,0x03,0x04}, /* 丙 */
    {0x1C,0x00,0xE0,0x01,0x20,0x00,0xFF,0x07,0x20,0x00,0xFE,0x03,0x22,0x00,0xFF,0x07,0x22,0x00,0xFE,0x03,0xA8,0x00,0x26,0x03}, /* 秉 */
    {0x21,0x02,0x12,0x02,0x80,0x03,0xBF,0x04,0x12,0x01,0x12,0x02,0x12,0x02,0x7F,0x02,0x12,0x02,0x92,0x02,0x12,0x03,0x22,0x02}, /* 饼 */
    {0x00,0x01,0x7F,0x01,0x48,0x01,0x88,0x05,0x7F,0x05,0x49,0x05,0x49,0x05,0x55,0x01,0x63,0x01,0xC1,0x02,0x41,0x02,0x43,0x04}, /* 炳 */
    {0x20,0x00,0x10,0x00,0xFF,0x01,0x00,0x05,0x7F,0x03,0x08,0x01,0x7F,0x01,0x49,0x03,0x55,0x05,0x63,0x01,0x41,0x02,0x43,0x04}, /* 病 */
    {0x04,0x01,0x88,0x00,0x00,0x00,0xFE,0x03,0x88,0x00,0x88,0x00,0x88,0x00,0xFF,0x07,0x88,0x00,0x08,0x01,0x08,0x01,0x08,0x02}, /* 并 */
    {0x08,0x00,0x08,0x07,0x7F,0x02,0x49,0x02,0x48,0x02,0x7E,0x07,0x52,0x02,0x52,0x02,0x54,0x02,0x48,0x03,0x54,0x06,0xA3,0x00}, /* 玻 */
    {0x88,0x00,0xFF,0x07,0x88,0x00,0x08,0x02,0x7F,0x01,0x49,0x04,0x48,0x02,0x7E,0x00,0x52,0x01,0x52,0x02,0x8C,0x04,0x33,0x01}, /* 菠 */
    {0x0E,0x02,0xF0,0x02,0x92,0x02,0x54,0x07,0xFF,0x02,0x54,0x02,0x82,0x03,0xFF,0x06,0x92,0x02,0xFE,0x02,0x92,0x02,0xFE,0x06}, /* 播 */
    {0x0A,0x02,0x49,0x02,0x48,0x02,0x7F,0x07,0x10,0x02,0x10,0x02,0x3E,0x03,0x22,0x06,0x54,0x02,0x48,0x02,0x94,0x02,0x63,0x06}, /* 拨 */
    {0x08,0x02,0x08,0x02,0xBF,0x03,0x08,0x04,0x9C,0x07,0x1C,0x02,0x2A,0x02,0xAA,0x07,0x49,0x02,0x3E,0x02,0x08,0x03,0x08,0x02}, /* 钵 */
    {0x08,0x00,0x08,0x04,0xFF,0x02,0x89,0x00,0x88,0x00,0xFE,0x04,0xA2,0x02,0xA2,0x00,0x94,0x00,0x88,0x02,0x94,0x04,0x63,0x01}, /* 波 */
    {0x0A,0x02,0x7F,0x02,0x08,0x02,0x7F,0x02,0x49,0x07,0x7F,0x02,0x49,0x02,0x49,0x02,0x02,0x02,0x7F,0x02,0x22,0x02,0x16,0x02}, /* 博 */
    {0x84,0x00,0xE4,0x03,0x84,0x00,0xF4,0x07,0x1F,0x04,0xE5,0x03,0x45,0x00,0x85,0x00,0xE9,0x00,0x89,0x07,0x91,0x00,0xA6,0x01}, /* 勃 */
    {0x0A,0x02,0x7F,0x02,0x08,0x02,0x7F,0x07,0x49,0x02,0x7F,0x02,0x49,0x03,0x49,0x06,0x02,0x02,0x7F,0x02,0x22,0x02,0x16,0x06}, /* 搏 */
    {0x04,0x02,0x08,0x02,0xBF,0x03,0x21,0x04,0xA1,0x07,0x21,0x02,0x3F,0x02,0xA1,0x07,0x21,0x02,0xA1,0x02,0x3F,0x03,0x21,0x02}, /* 铂 */
    {0x10,0x02,0xDF,0x03,0x24,0x05,0x08,0x02,0x7F,0x01,0x41,0x00,0x41,0x04,0x7F,0x02,0x41,0x00,0x41,0x01,0x7F,0x02,0x41,0x04}, /* 箔 */
    {0x84,0x00,0x88,0x00,0x3F,0x01,0x21,0x01,0x21,0x03,0x21,0x05,0x3F,0x01,0x21,0x01,0x21,0x01,0x21,0x01,0x3F,0x01,0x21,0x01}, /* 伯 */
    {0x40,0x00,0xFE,0x03,0x02,0x02,0xFE,0x03,0x02,0x02,0xFE,0x03,0x20,0x00,0xFF,0x07,0x21,0x04,0x21,0x04,0x23,0x04,0x20,0x00}, /* 帛 */
    {0x84,0x00,0x08,0x01,0xDF,0x03,0x51,0x02,0x51,0x03,0xD1,0x02,0xDF,0x07,0x51,0x02,0x51,0x03,0xD1,0x02,0x5F,0x02,0xD1,0x04}, /* 舶 */
    {0x04,0x00,0xBF,0x03,0x84,0x02,0xBF,0x02,0xA1,0x03,0x9E,0x02,0x82,0x02,0x84,0x03,0xBF,0x02,0x84,0x02,0x84,0x02,0x8C,0x05}, /* 脖 */
    {0x8A,0x03,0xBF,0x02,0x88,0x02,0xBE,0x03,0xAA,0x02,0xBE,0x02,0xAA,0x03,0xAA,0x02,0x84,0x02,0xFF,0x02,0xA4,0x02,0x8C,0x05}, /* 膊 */
    {0x44,0x00,0xF4,0x05,0x4F,0x02,0xF5,0x01,0x15,0x01,0xE5,0x04,0x25,0x02,0x45,0x00,0xF5,0x00,0x49,0x02,0x49,0x04,0xD6,0x00}, /* 渤 */
    {0x10,0x00,0x20,0x04,0xFF,0x02,0x81,0x00,0x81,0x00,0x81,0x04,0xFF,0x02,0x81,0x00,0x81,0x00,0x81,0x02,0xFF,0x04,0x81,0x00}, /* 泊 */
    {0x11,0x00,0x8A,0x07,0x84,0x00,0x8A,0x02,0x91,0x02,0x80,0x02,0xD1,0x03,0x51,0x00,0x4A,0x01,0x44,0x06,0x4A,0x00,0xB1,0x01}, /* 驳 */
    {0x0A,0x01,0x09,0x01,0x7F,0x01,0x88,0x07,0x7F,0x01,0x49,0x01,0xFF,0x01,0x49,0x07,0x7F,0x01,0x49,0x01,0x49,0x01,0x43,0x03}, /* 捕 */
    {0x80,0x00,0x80,0x00,0x80,0x00,0xA0,0x00,0x90,0x00,0x88,0x00,0x84,0x00,0x82,0x00,0x80,0x00,0x80,0x00,0x80,0x00,0x80,0x00}, /* 卜 */
    {0x0A,0x00,0x09,0x07,0x7F,0x05,0x08,0x05,0x7F,0x05,0x49,0x05,0x7F,0x05,0x49,0x05,0x7F,0x07,0x49,0x05,0x49,0x00,0x43,0x00}, /* 哺 */
    {0x08,0x02,0x08,0x01,0x88,0x07,0x88,0x00,0x0C,0x01,0x4A,0x01,0x89,0x03,0x49,0x05,0x08,0x01,0x08,0x01,0x08,0x01,0x08,0x01}, /* 补 */
    {0x08,0x01,0x3E,0x01,0x22,0x01,0xBE,0x07,0x20,0x01,0x3F,0x01,0x21,0x01,0x3F,0x01,0x88,0x01,0x7F,0x06,0x08,0x00,0x08,0x00}, /* 埠 */
    {0x00,0x00,0xFF,0x07,0x10,0x00,0x10,0x00,0x20,0x00,0x68,0x00,0xA4,0x00,0x22,0x01,0x21,0x06,0x20,0x00,0x20,0x00,0x20,0x00}, /* 不 */
    {0x40,0x00,0x40,0x00,0xFF,0x07,0x90,0x00,0x10,0x01,0xFE,0x01,0x92,0x02,0x92,0x02,0x92,0x04,0x92,0x00,0x96,0x00,0x10,0x00}, /* 布 */
    {0x20,0x00,0x20,0x01,0x3E,0x01,0x20,0x01,0x20,0x01,0xFF,0x07,0x00,0x00,0xA2,0x00,0x24,0x01,0x38,0x02,0x60,0x00,0x80,0x03}, /* 步 */
    {0x10,0x02,0xDF,0x03,0xA4,0x04,0x12,0x04,0xFF,0x02,0x52,0x00,0x7E,0x04,0x52,0x02,0xFF,0x00,0x44,0x00,0x24,0x02,0x0C,0x04}, /* 簿 */
    {0x80,0x00,0xEF,0x03,0x09,0x00,0x29,0x02,0x4A,0x01,0xFA,0x07,0x09,0x00,0xE9,0x03,0x29,0x02,0x2E,0x02,0xE8,0x03,0x28,0x02}, /* 部 */
    {0x10,0x01,0x10,0x01,0x7F,0x01,0xA0,0x05,0x28,0x05,0x7F,0x05,0xA9,0x05,0x29,0x01,0x29,0x01,0x29,0x01,0x2B,0x01,0x08,0x01}, /* 怖 */
    {0x08,0x02,0x7F,0x02,0x41,0x02,0x37,0x07,0x55,0x02,0xA2,0x02,0x5D,0x03,0x00,0x06,0x7F,0x02,0x08,0x02,0x2A,0x02,0x59,0x06}, /* 擦 */
    {0x10,0x01,0xFF,0x05,0x10,0x02,0x7E,0x05,0x10,0x01,0xFF,0x01,0x42,0x03,0x7E,0x05,0x42,0x01,0x7E,0x01,0x42,0x01,0x46,0x06}, /* 猜 */
    {0x8A,0x00,0xE9,0x03,0x88,0x00,0xFF,0x07,0x08,0x01,0x8A,0x00,0xEA,0x07,0x8A,0x00,0x54,0x01,0x25,0x03,0xAB,0x05,0x11,0x01}, /* 裁 */
    {0x82,0x00,0x82,0x00,0x82,0x00,0xEF,0x07,0x82,0x00,0xC6,0x01,0xAA,0x01,0x92,0x02,0xA2,0x04,0x82,0x00,0x82,0x00,0x86,0x00}, /* 材 */
    {0x04,0x00,0x04,0x00,0x04,0x00,0xFF,0x03,0x0C,0x00,0x14,0x00,0x24,0x00,0x44,0x00,0x84,0x01,0x04,0x06,0x04,0x00,0x1C,0x00}, /* 才 */
    {0x02,0x00,0xC2,0x07,0x42,0x04,0x5F,0x05,0x42,0x05,0x46,0x05,0x46,0x05,0x4A,0x05,0x52,0x05,0x22,0x01,0x82,0x02,0x46,0x04}, /* 财 */
    {0x07,0x00,0x78,0x07,0x11,0x05,0x49,0x05,0x22,0x07,0x08,0x05,0x7F,0x05,0x08,0x07,0x1C,0x05,0x2A,0x05,0x49,0x07,0x08,0x05}, /* 睬 */
    {0x07,0x00,0x78,0x07,0x11,0x05,0x49,0x05,0x22,0x07,0x08,0x01,0x7F,0x01,0x88,0x05,0x1C,0x05,0x2A,0x05,0xC9,0x05,0x08,0x06}, /* 踩 */
    {0x1E,0x00,0xE0,0x03,0x40,0x00,0x22,0x02,0x04,0x01,0x20,0x00,0xFF,0x07,0x70,0x00,0xA8,0x00,0x24,0x01,0x23,0x06,0x20,0x00}, /* 采 */
    {0xE2,0x00,0x02,0x07,0x24,0x01,0xA9,0x04,0x41,0x02,0x82,0x00,0xE4,0x07,0x88,0x00,0xC1,0x01,0xA2,0x02,0x84,0x04,0x98,0x00}, /* 彩 */
    {0x88,0x00,0xFF,0x07,0x88,0x00,0x0E,0x00,0xF0,0x07,0x44,0x02,0x28,0x01,0x20,0x00,0xFF,0x07,0xA8,0x00,0x24,0x01,0x23,0x06}, /* 菜 */
    {0x04,0x01,0xFF,0x07,0x04,0x01,0xDE,0x01,0x52,0x03,0x8C,0x06,0x74,0x01,0x03,0x02,0xFC,0x05,0x20,0x00,0x24,0x01,0x62,0x02}, /* 蔡 */
    {0xEE,0x00,0x82,0x02,0xEA,0x03,0x44,0x05,0xAA,0x01,0x51,0x06,0xAC,0x01,0xFF,0x07,0x24,0x01,0xFD,0x01,0x0A,0x01,0x87,0x01}, /* 餐 */
    {0x80,0x00,0x04,0x01,0xFE,0x03,0x40,0x00,0xFF,0x07,0x14,0x01,0x62,0x02,0x89,0x05,0x30,0x00,0xC2,0x03,0x1C,0x00,0xE0,0x03}, /* 参 */
    {0xFC,0x01,0x40,0x00,0xFF,0x07,0x88,0x00,0x24,0x01,0x23,0x06,0xFC,0x01,0x24,0x01,0xFC,0x01,0x22,0x00,0xFE,0x03,0x02,0x00}, /* 蚕 */
    {0x0A,0x00,0xC9,0x07,0x0F,0x01,0x38,0x01,0xC8,0x01,0x4F,0x02,0x78,0x02,0x4A,0x05,0x8C,0x00,0x09,0x01,0x15,0x02,0x63,0x04}, /* 残 */
    {0x21,0x02,0x2E,0x02,0xF8,0x02,0x48,0x03,0xAF,0x06,0xFA,0x06,0x2A,0x02,0x3A,0x02,0xEA,0x02,0x2A,0x02,0x2A,0x02,0x32,0x02}, /* 惭 */
    {0x10,0x02,0x24,0x02,0x7E,0x02,0x10,0x03,0xFF,0x06,0x28,0x06,0x54,0x02,0xAB,0x02,0x10,0x02,0x64,0x02,0x18,0x02,0xE0,0x02}, /* 惨 */
    {0x08,0x01,0x08,0x01,0x48,0x01,0xA9,0x05,0x29,0x05,0x29,0x05,0x29,0x05,0x29,0x01,0x29,0x01,0xA9,0x02,0xBF,0x02,0x01,0x04}, /* 灿 */
    {0x04,0x01,0xFF,0x07,0x24,0x01,0x50,0x00,0x88,0x00,0x04,0x01,0xFB,0x07,0x08,0x01,0x08,0x01,0x30,0x01,0x02,0x01,0xFE,0x00}, /* 苍 */
    {0x84,0x00,0x04,0x01,0xCA,0x03,0x51,0x02,0x60,0x03,0xDE,0x02,0xD2,0x07,0x52,0x02,0x56,0x03,0xD0,0x02,0x51,0x02,0xCF,0x04}, /* 舱 */
    {0x20,0x00,0x50,0x00,0x88,0x00,0x04,0x01,0x03,0x06,0xF8,0x01,0x08,0x01,0x08,0x01,0x08,0x01,0x32,0x01,0x02,0x01,0xFE,0x00}, /* 仓 */
    {0x10,0x02,0x10,0x01,0x28,0x00,0x44,0x00,0x83,0x04,0x7C,0x02,0x44,0x00,0x44,0x00,0x58,0x01,0x41,0x02,0x41,0x04,0x3F,0x00}, /* 沧 */
    {0x88,0x00,0xFF,0x07,0x8A,0x00,0xFF,0x05,0x04,0x05,0x7C,0x07,0x55,0x01,0x7D,0x07,0x4A,0x05,0x7A,0x05,0x57,0x01,0x79,0x02}, /* 藏 */
    {0x3E,0x01,0x22,0x01,0x3E,0x01,0x80,0x07,0x77,0x01,0x55,0x01,0xF7,0x01,0x08,0x07,0x7F,0x01,0x1C,0x01,0x2A,0x01,0x49,0x03}, /* 操 */
    {0x42,0x01,0x2A,0x01,0x8F,0x05,0x12,0x03,0x62,0x01,0xAF,0x07,0x20,0x01,0x2F,0x03,0xA9,0x05,0x2F,0x01,0x20,0x01,0x5F,0x01}, /* 糙 */
    {0x14,0x01,0x7F,0x01,0x14,0x01,0xFF,0x07,0x55,0x01,0x7F,0x03,0xD5,0x03,0x7F,0x05,0x22,0x01,0x3E,0x01,0x22,0x01,0x3E,0x01}, /* 槽 */
    {0x50,0x00,0xFF,0x07,0x50,0x00,0xFE,0x03,0x52,0x02,0xFE,0x03,0x52,0x02,0xFE,0x03,0x04,0x01,0xFC,0x01,0x04,0x01,0xFC,0x01}, /* 曹 */
    {0x88,0x00,0xFF,0x07,0x88,0x00,0xFE,0x03,0x02,0x02,0xFE,0x03,0x02,0x02,0xFE,0x03,0x20,0x00,0xFF,0x07,0x20,0x00,0x20,0x00}, /* 草 */
    {0x00,0x00,0xFF,0x03,0x00,0x02,0xF1,0x02,0x95,0x02,0x95,0x02,0x95,0x02,0xD5,0x02,0x55,0x02,0x45,0x02,0xA1,0x02,0x13,0x05}, /* 厕 */
    {0x08,0x02,0xCF,0x03,0x92,0x04,0x20,0x00,0xFF,0x07,0x20,0x00,0xFE,0x03,0x22,0x02,0x76,0x02,0xAC,0x01,0x23,0x06,0x20,0x00}, /* 策 */
    {0x01,0x01,0xF1,0x01,0x95,0x02,0x95,0x02,0x95,0x06,0x95,0x02,0xD5,0x02,0xD5,0x02,0x45,0x02,0x41,0x02,0xA1,0x02,0x13,0x03}, /* 侧 */
    {0x00,0x00,0xDE,0x03,0x52,0x02,0x52,0x02,0x52,0x02,0x52,0x02,0xFF,0x07,0x52,0x02,0x52,0x02,0x52,0x02,0x52,0x02,0xE6,0x04}, /* 册 */
    {0x01,0x00,0xF1,0x05,0x15,0x03,0x55,0x01,0x55,0x01,0x55,0x05,0x55,0x03,0x55,0x01,0x55,0x01,0x41,0x02,0xA1,0x04,0x13,0x01}, /* 测 */
    {0xFF,0x03,0x01,0x02,0xFF,0x03,0x00,0x02,0xFE,0x02,0x00,0x02,0x00,0x02,0xFF,0x03,0x20,0x02,0x42,0x02,0xFF,0x02,0x01,0x04}, /* 层 */
    {0x22,0x00,0x7F,0x07,0x49,0x05,0x6B,0x05,0x49,0x07,0x7F,0x01,0x80,0x01,0x3E,0x05,0x22,0x05,0xBE,0x05,0x22,0x06,0x3E,0x00}, /* 蹭 */
    {0x06,0x02,0x38,0x02,0x08,0x02,0x7F,0x07,0x08,0x02,0x28,0x02,0x4B,0x03,0x49,0x06,0x6B,0x02,0x49,0x02,0x7F,0x02,0x41,0x06}, /* 插 */
    {0x00,0x00,0xFE,0x03,0x02,0x01,0x22,0x01,0x14,0x01,0x84,0x00,0x88,0x00,0x50,0x00,0x20,0x00,0x50,0x00,0x8C,0x01,0x03,0x06}, /* 叉 */
    {0x88,0x00,0xFF,0x07,0x88,0x00,0x40,0x00,0xFF,0x07,0x80,0x00,0x08,0x01,0x08,0x03,0x3E,0x05,0x08,0x01,0x08,0x01,0x7F,0x01}, /* 茬 */
    {0x88,0x00,0xFF,0x07,0x88,0x00,0x20,0x00,0x50,0x00,0x8C,0x01,0x23,0x06,0xFC,0x01,0x20,0x00,0x24,0x01,0x22,0x02,0x60,0x00}, /* 茶 */
    {0x20,0x00,0xFF,0x07,0xA8,0x00,0x24,0x01,0x23,0x06,0xFC,0x01,0x04,0x01,0xFC,0x01,0x04,0x01,0xFC,0x01,0x00,0x00,0xFF,0x07}, /* 查 */
    {0x08,0x00,0x88,0x07,0x7F,0x01,0x2A,0x01,0x49,0x02,0xBE,0x03,0xA2,0x06,0xBE,0x02,0xA2,0x02,0xBE,0x03,0x00,0x02,0xFF,0x00}, /* 碴 */
    {0x22,0x01,0x7F,0x01,0x22,0x01,0x88,0x07,0x14,0x01,0x22,0x01,0xC9,0x01,0x3E,0x07,0x08,0x01,0x2A,0x01,0x49,0x01,0x18,0x03}, /* 搽 */
    {0x20,0x00,0xFF,0x07,0x01,0x05,0xDE,0x01,0x52,0x03,0x8C,0x06,0x74,0x01,0x03,0x02,0xFC,0x05,0x20,0x00,0x24,0x01,0x62,0x02}, /* 察 */
    {0x88,0x00,0x04,0x01,0x03,0x06,0xFC,0x01,0x84,0x00,0x04,0x01,0x18,0x02,0x20,0x00,0x22,0x02,0x22,0x02,0x22,0x02,0xFE,0x03}, /* 岔 */
    {0x04,0x01,0x88,0x00,0xFF,0x07,0x20,0x00,0xFE,0x03,0x40,0x00,0xFF,0x07,0x80,0x00,0xFE,0x01,0x10,0x02,0x10,0x04,0xFF,0x01}, /* 差 */
    {0x10,0x02,0x08,0x01,0x7F,0x00,0x41,0x00,0x06,0x07,0x38,0x01,0x08,0x01,0x0F,0x01,0x78,0x01,0x89,0x01,0x09,0x01,0x07,0x00}, /* 诧 */
    {0x06,0x01,0x38,0x01,0x20,0x01,0xA0,0x07,0x3F,0x01,0x24,0x01,0x24,0x01,0xAC,0x01,0x26,0x07,0x25,0x01,0x24,0x01,0x44,0x03}, /* 拆 */
    {0x88,0x00,0x89,0x02,0xEA,0x02,0x8C,0x02,0xE9,0x02,0x07,0x07,0x20,0x00,0xFF,0x07,0xA8,0x00,0x24,0x01,0x23,0x06,0x20,0x00}, /* 柴 */
    {0x02,0x01,0x02,0x02,0x42,0x05,0x9F,0x02,0x02,0x01,0x86,0x06,0x46,0x01,0xCA,0x06,0x52,0x01,0x62,0x06,0x42,0x00,0x86,0x01}, /* 豺 */
    {0x20,0x01,0x3C,0x01,0x44,0x01,0xBE,0x07,0x2A,0x01,0x3E,0x01,0x94,0x01,0x25,0x07,0x5B,0x01,0x04,0x01,0x30,0x01,0x0C,0x03}, /* 搀 */
    {0x10,0x02,0x24,0x02,0x7E,0x02,0x10,0x07,0xFF,0x02,0x28,0x02,0x54,0x03,0xAB,0x06,0x10,0x02,0x64,0x02,0x18,0x02,0xE0,0x06}, /* 掺 */
    {0x11,0x01,0x0A,0x01,0x1F,0x01,0xD5,0x07,0x5F,0x05,0x55,0x05,0xD5,0x07,0x1F,0x01,0x44,0x01,0xDF,0x01,0x44,0x06,0x04,0x00}, /* 蝉 */
    {0x20,0x02,0x3C,0x02,0x44,0x03,0x3E,0x05,0x2A,0x00,0x3E,0x02,0x14,0x02,0x25,0x02,0x5B,0x02,0x04,0x02,0x30,0x03,0x0C,0x02}, /* 馋 */
    {0x40,0x04,0x78,0x02,0x88,0x00,0x7E,0x00,0x52,0x06,0x7E,0x02,0x24,0x02,0x45,0x02,0xB3,0x02,0x08,0x02,0x60,0x03,0x18,0x02}, /* 谗 */
    {0x08,0x02,0x7F,0x02,0x40,0x04,0x5F,0x05,0x55,0x06,0x5F,0x02,0x55,0x04,0x5F,0x07,0x44,0x00,0x5F,0x01,0x44,0x06,0x9F,0x00}, /* 缠 */
    {0x40,0x00,0x20,0x00,0xFF,0x03,0x00,0x00,0x84,0x00,0x48,0x00,0xFF,0x03,0x00,0x02,0x00,0x02,0x00,0x02,0x00,0x02,0x00,0x04}, /* 产 */
    {0xFF,0x04,0x89,0x02,0x51,0x00,0xFD,0x05,0x25,0x05,0xFD,0x05,0x25,0x05,0xFD,0x05,0x21,0x04,0xFF,0x07,0x21,0x04,0x23,0x04}, /* 阐 */
    {0x00,0x01,0xDF,0x07,0x04,0x00,0xC8,0x07,0x5F,0x05,0xD1,0x05,0x55,0x04,0xD5,0x07,0x95,0x02,0x84,0x03,0x8A,0x02,0xD1,0x07}, /* 颤 */
    {0xFC,0x01,0x04,0x01,0xFC,0x01,0x04,0x01,0xFC,0x01,0x00,0x00,0xFE,0x03,0x02,0x02,0xFE,0x03,0x02,0x02,0xFE,0x03,0x02,0x02}, /* 昌 */
    {0x3E,0x01,0x22,0x05,0x3E,0x02,0x22,0x05,0x3E,0x01,0x00,0x01,0x7F,0x03,0x41,0x05,0x7F,0x01,0x41,0x01,0x7F,0x01,0x41,0x06}, /* 猖 */
    {0x00,0x01,0x3E,0x01,0x04,0x01,0x88,0x07,0x10,0x01,0x3F,0x01,0x15,0x01,0x15,0x01,0xA9,0x01,0x49,0x06,0x11,0x00,0x26,0x00}, /* 场 */
    {0x22,0x02,0x24,0x01,0xFF,0x07,0x01,0x04,0xFC,0x01,0x00,0x00,0xFF,0x07,0x40,0x00,0x88,0x00,0x04,0x01,0xFE,0x03,0x02,0x00}, /* 尝 */
    {0x24,0x01,0xA8,0x00,0xFF,0x07,0x01,0x04,0xFC,0x01,0x04,0x01,0xFC,0x01,0x20,0x00,0xFE,0x03,0x22,0x02,0x26,0x02,0x20,0x00}, /* 常 */
    {0x80,0x00,0x86,0x00,0x98,0x00,0xE0,0x00,0x80,0x00,0xFF,0x07,0x90,0x00,0x90,0x00,0x88,0x00,0xA4,0x00,0xC3,0x00,0x80,0x00}, /* 长 */
    {0x88,0x00,0xC9,0x00,0x2A,0x01,0x7F,0x01,0x41,0x03,0x3E,0x05,0x00,0x01,0x7F,0x01,0x10,0x01,0x22,0x01,0x7F,0x01,0x01,0x01}, /* 偿 */
    {0x00,0x00,0xBE,0x03,0x84,0x02,0x88,0x02,0x90,0x03,0xBF,0x02,0x95,0x02,0x95,0x03,0xA9,0x02,0xC9,0x02,0x91,0x02,0xA6,0x05}, /* 肠 */
    {0x00,0x00,0xFF,0x03,0x00,0x02,0x00,0x02,0x00,0x02,0x00,0x02,0x00,0x02,0x00,0x02,0x00,0x02,0x00,0x02,0x00,0x02,0x00,0x04}, /* 厂 */
    {0x88,0x00,0xA8,0x04,0xC8,0x02,0x8F,0x00,0xF2,0x07,0x2A,0x04,0xEA,0x05,0x6A,0x05,0x6A,0x05,0xE4,0x05,0x2A,0x04,0x71,0x04}, /* 敞 */
    {0x00,0x01,0x3E,0x01,0xC4,0x07,0x48,0x05,0x50,0x05,0xFF,0x07,0x55,0x05,0x55,0x05,0xE9,0x07,0x49,0x05,0x11,0x01,0x26,0x01}, /* 畅 */
    {0x3E,0x00,0x22,0x07,0x3E,0x05,0x22,0x05,0x3E,0x05,0x00,0x05,0x7F,0x05,0x41,0x05,0x7F,0x07,0x41,0x05,0x7F,0x00,0x41,0x00}, /* 唱 */
    {0xBE,0x00,0xA2,0x00,0x3E,0x01,0x22,0x01,0x3E,0x03,0x00,0x05,0x7F,0x01,0x41,0x01,0x7F,0x01,0x41,0x01,0x7F,0x01,0x41,0x01}, /* 倡 */
    {0x80,0x00,0x9F,0x00,0xC9,0x03,0x89,0x00,0x93,0x00,0xE0,0x07,0x9F,0x00,0x91,0x02,0xF1,0x02,0x9F,0x02,0x80,0x03,0xFF,0x04}, /* 超 */
    {0x08,0x01,0x08,0x01,0x0A,0x01,0xA9,0x07,0x29,0x01,0x29,0x01,0xC8,0x01,0x09,0x07,0x02,0x01,0x04,0x01,0x18,0x01,0x60,0x03}, /* 抄 */
    {0x08,0x02,0x08,0x02,0x8A,0x03,0x29,0x04,0xA9,0x07,0x29,0x02,0x48,0x02,0x89,0x07,0x02,0x02,0x84,0x02,0x18,0x03,0x60,0x02}, /* 钞 */
    {0x80,0x00,0xEF,0x03,0x89,0x00,0xE9,0x03,0x2F,0x02,0xE9,0x03,0x29,0x02,0xEF,0x03,0x89,0x00,0xF9,0x07,0x89,0x00,0x93,0x00}, /* 朝 */
    {0x20,0x00,0x77,0x00,0x25,0x07,0x75,0x05,0x57,0x05,0x75,0x05,0x55,0x05,0x77,0x05,0x25,0x07,0x75,0x05,0x25,0x00,0x2B,0x00}, /* 嘲 */
    {0x40,0x00,0xF7,0x05,0x45,0x02,0xF5,0x01,0x17,0x01,0xF5,0x05,0x15,0x03,0xF7,0x01,0x45,0x00,0xF5,0x03,0x45,0x04,0x4B,0x00}, /* 潮 */
    {0x24,0x01,0x48,0x02,0x24,0x01,0xFE,0x03,0x22,0x02,0xFE,0x03,0x22,0x02,0xFE,0x03,0x20,0x00,0xFF,0x07,0x24,0x01,0x23,0x06}, /* 巢 */
    {0x08,0x00,0x88,0x07,0x8A,0x04,0xA9,0x04,0xA9,0x04,0xA9,0x04,0xC8,0x04,0x89,0x04,0x82,0x07,0x84,0x04,0x18,0x00,0x60,0x00}, /* 吵 */
    {0x08,0x01,0x08,0x01,0x4A,0x01,0xA9,0x05,0x29,0x05,0x29,0x05,0x48,0x05,0x09,0x01,0x02,0x01,0x84,0x02,0x98,0x02,0x60,0x04}, /* 炒 */
    {0x40,0x00,0x40,0x00,0xFF,0x07,0x80,0x00,0x20,0x01,0x20,0x02,0xFE,0x03,0x20,0x00,0x20,0x00,0xFF,0x07,0x20,0x00,0x20,0x00}, /* 车 */
    {0x04,0x01,0x04,0x01,0x04,0x01,0xA4,0x07,0x27,0x01,0x24,0x01,0xA4,0x01,0x24,0x07,0x24,0x01,0x24,0x01,0x24,0x01,0x7F,0x03}, /* 扯 */
    {0x44,0x02,0xF4,0x03,0xA8,0x02,0xEF,0x07,0x12,0x02,0xEA,0x02,0xAA,0x03,0xEA,0x06,0xA4,0x02,0xE4,0x02,0xAA,0x02,0xB1,0x06}, /* 撤 */
    {0x81,0x02,0xE9,0x03,0x89,0x04,0xE9,0x03,0xA9,0x02,0x83,0x00,0xFC,0x03,0x20,0x00,0xFC,0x01,0x20,0x00,0xFF,0x07,0x60,0x00}, /* 掣 */
    {0xA0,0x00,0x2F,0x01,0x25,0x02,0xB5,0x04,0x65,0x01,0x25,0x03,0x25,0x05,0x35,0x01,0x29,0x01,0x09,0x01,0x11,0x01,0x26,0x01}, /* 彻 */
    {0x44,0x00,0xF4,0x05,0xA8,0x02,0xEF,0x01,0x12,0x00,0xEA,0x04,0xAA,0x02,0xEA,0x00,0xA4,0x00,0xE4,0x02,0xAA,0x04,0xB1,0x00}, /* 澈 */
    {0x00,0x00,0xFF,0x03,0x10,0x02,0x10,0x02,0xFF,0x03,0x01,0x02,0x01,0x02,0xFF,0x03,0x10,0x02,0x10,0x02,0x10,0x02,0xFF,0x03}, /* 臣 */
    {0x00,0x00,0xFF,0x03,0x00,0x02,0xFE,0x02,0x00,0x02,0xFF,0x03,0x48,0x02,0x49,0x02,0x4A,0x02,0x44,0x02,0x62,0x02,0x41,0x04}, /* 辰 */
    {0x20,0x00,0x24,0x01,0x22,0x01,0x21,0x02,0x21,0x04,0x00,0x00,0x20,0x00,0x20,0x00,0xFE,0x03,0x20,0x00,0x20,0x00,0xFF,0x07}, /* 尘 */
    {0xFE,0x01,0x02,0x01,0xFE,0x01,0x02,0x01,0xFF,0x03,0x00,0x02,0xFE,0x02,0x00,0x02,0xFF,0x03,0x92,0x02,0x8C,0x02,0xC3,0x04}, /* 晨 */
    {0x08,0x01,0x08,0x01,0x7F,0x01,0xC9,0x05,0x49,0x05,0x08,0x05,0x14,0x05,0x14,0x01,0x14,0x01,0x24,0x01,0x25,0x01,0x43,0x01}, /* 忱 */
    {0x00,0x00,0x7F,0x02,0x41,0x01,0x00,0x00,0x3C,0x04,0x24,0x02,0x24,0x00,0x24,0x00,0x24,0x01,0x25,0x02,0x45,0x04,0x83,0x00}, /* 沉 */
    {0x10,0x00,0x10,0x07,0x7F,0x05,0x20,0x05,0x28,0x06,0x48,0x06,0x7F,0x05,0x08,0x05,0x4A,0x05,0x49,0x06,0x89,0x04,0x18,0x04}, /* 陈 */
    {0x88,0x00,0x88,0x00,0xD4,0x03,0x92,0x00,0xA5,0x00,0xD8,0x07,0x82,0x00,0x9C,0x02,0xC2,0x02,0x9C,0x02,0x80,0x03,0xFF,0x04}, /* 趁 */
    {0x02,0x02,0x02,0x01,0x82,0x07,0xBF,0x00,0x02,0x01,0x42,0x01,0x92,0x03,0x4A,0x05,0x0A,0x01,0x02,0x01,0x02,0x01,0x0E,0x01}, /* 衬 */
    {0x2A,0x01,0x7F,0x01,0x5D,0x01,0x94,0x07,0x1C,0x01,0x00,0x01,0xBE,0x01,0x08,0x07,0x3E,0x01,0x08,0x01,0x7F,0x01,0x18,0x03}, /* 撑 */
    {0x90,0x00,0x10,0x07,0x1F,0x01,0x21,0x01,0xCA,0x07,0x08,0x01,0xAA,0x03,0x69,0x03,0x29,0x05,0x49,0x01,0x08,0x01,0x18,0x01}, /* 称 */
    {0x05,0x02,0x04,0x02,0x7F,0x02,0x44,0x07,0x44,0x02,0x75,0x02,0x55,0x02,0x56,0x02,0x54,0x03,0xB5,0x06,0x8B,0x00,0x11,0x01}, /* 城 */
    {0x75,0x01,0x16,0x01,0x55,0x01,0xA2,0x07,0x3E,0x01,0x41,0x03,0xBE,0x03,0x22,0x05,0x3E,0x01,0x22,0x01,0x14,0x01,0x7F,0x01}, /* 橙 */
    {0x14,0x00,0x12,0x00,0xFF,0x03,0x10,0x02,0x10,0x02,0xD2,0x03,0x52,0x02,0x54,0x02,0x49,0x02,0xD5,0x02,0x23,0x02,0x41,0x04}, /* 成 */
    {0xFE,0x03,0x02,0x02,0x02,0x02,0xFE,0x03,0x00,0x00,0xFE,0x03,0x20,0x00,0x20,0x00,0xFC,0x01,0x20,0x00,0x20,0x00,0xFF,0x07}, /* 呈 */
    {0x1E,0x00,0xE0,0x03,0x20,0x00,0xFF,0x07,0xA8,0x00,0xAA,0x07,0xAC,0x00,0xA9,0x01,0x77,0x06,0xA8,0x00,0x24,0x01,0x23,0x06}, /* 乘 */
    {0xBE,0x00,0x22,0x07,0x22,0x01,0x3E,0x01,0x80,0x07,0x3E,0x01,0x88,0x03,0x48,0x03,0x3E,0x05,0x08,0x01,0x08,0x01,0x7F,0x01}, /* 程 */
    {0x80,0x00,0x7F,0x01,0x08,0x02,0x88,0x04,0x2E,0x01,0x28,0x03,0x28,0x05,0x7F,0x01,0x00,0x01,0xA2,0x02,0x95,0x02,0x7D,0x04}, /* 惩 */
    {0x75,0x02,0x16,0x01,0x54,0x00,0x25,0x00,0x5A,0x04,0x81,0x02,0x7E,0x00,0x42,0x00,0x7E,0x01,0x42,0x02,0x24,0x04,0xFF,0x00}, /* 澄 */
    {0x0A,0x04,0x09,0x02,0xFF,0x00,0x88,0x00,0x88,0x06,0xF5,0x02,0x95,0x02,0x96,0x02,0x94,0x02,0xB5,0x03,0x8B,0x02,0x11,0x01}, /* 诚 */
    {0xFC,0x01,0x08,0x00,0x30,0x00,0x25,0x07,0xFD,0x01,0x26,0x01,0x74,0x01,0x24,0x01,0xFA,0x02,0x22,0x02,0x21,0x04,0x60,0x00}, /* 承 */
    {0x3E,0x02,0x22,0x01,0x22,0x00,0x3E,0x00,0x00,0x07,0x7F,0x01,0x08,0x01,0x3E,0x01,0x08,0x01,0x7F,0x01,0x80,0x02,0x7F,0x04}, /* 逞 */
    {0x08,0x00,0xBF,0x07,0xA9,0x00,0xBF,0x02,0xA9,0x02,0xBF,0x02,0xC0,0x03,0x7F,0x00,0x50,0x01,0x5F,0x06,0x41,0x00,0x86,0x01}, /* 骋 */
    {0x80,0x00,0x3E,0x07,0x08,0x01,0x49,0x01,0xA9,0x07,0x2A,0x01,0x88,0x03,0x7F,0x03,0x08,0x05,0x08,0x01,0x08,0x01,0x08,0x01}, /* 秤 */
    {0x20,0x00,0x20,0x07,0x3F,0x05,0x40,0x05,0x80,0x05,0x7E,0x05,0x02,0x05,0x0C,0x05,0x30,0x07,0x41,0x05,0x41,0x00,0x3F,0x00}, /* 吃 */
    {0x10,0x00,0xFF,0x01,0x00,0x01,0x40,0x05,0x77,0x03,0xA5,0x01,0x25,0x01,0xFD,0x03,0x25,0x05,0x27,0x01,0x55,0x02,0x88,0x04}, /* 痴 */
    {0x08,0x01,0x08,0x01,0x3E,0x01,0x88,0x07,0x7F,0x01,0x04,0x01,0xBF,0x01,0x04,0x07,0x24,0x01,0x14,0x01,0x04,0x01,0x1C,0x03}, /* 持 */
    {0xC8,0x03,0x48,0x02,0xC9,0x03,0x4A,0x02,0xCC,0x03,0x08,0x00,0xE8,0x07,0x89,0x00,0xC9,0x02,0x87,0x02,0x80,0x02,0xFF,0x05}, /* 匙 */
    {0x10,0x00,0x10,0x04,0x96,0x02,0x9A,0x00,0xB2,0x00,0xD2,0x04,0x92,0x03,0x92,0x00,0x96,0x00,0x90,0x02,0x81,0x04,0x7F,0x00}, /* 池 */
    {0x3F,0x02,0x21,0x01,0x21,0x00,0x21,0x00,0x3F,0x07,0x24,0x01,0x22,0x01,0x22,0x01,0x21,0x01,0x41,0x01,0x80,0x02,0x7F,0x04}, /* 迟 */
    {0x08,0x00,0x88,0x07,0xAB,0x00,0xAD,0x00,0xB9,0x07,0x69,0x04,0x29,0x04,0xAB,0x07,0xA8,0x00,0xA1,0x00,0xA1,0x00,0x1F,0x03}, /* 弛 */
    {0x04,0x00,0x84,0x07,0x95,0x00,0x97,0x02,0x9D,0x02,0xB5,0x02,0xD5,0x03,0x57,0x00,0x54,0x01,0x51,0x06,0x51,0x00,0x8F,0x01}, /* 驰 */
    {0x04,0x00,0xE4,0x07,0x44,0x02,0x54,0x02,0xD7,0x03,0x54,0x02,0xD4,0x03,0x54,0x02,0x74,0x02,0xD4,0x07,0x54,0x00,0x7F,0x00}, /* 耻 */
    {0x20,0x00,0x20,0x01,0x3E,0x01,0x20,0x01,0x20,0x01,0xFF,0x07,0x00,0x00,0x22,0x02,0x22,0x02,0x52,0x02,0x8A,0x02,0xFE,0x03}, /* 齿 */
    {0x90,0x00,0x9E,0x00,0x22,0x01,0x54,0x01,0x08,0x03,0x14,0x05,0x2F,0x01,0x11,0x01,0x2A,0x01,0x04,0x01,0x18,0x01,0x60,0x01}, /* 侈 */
    {0x00,0x00,0xFE,0x01,0x02,0x01,0x02,0x01,0x02,0x01,0xFE,0x01,0x10,0x01,0x10,0x01,0x08,0x01,0x08,0x02,0x04,0x02,0x03,0x04}, /* 尺 */
    {0x20,0x00,0x20,0x00,0xFE,0x03,0x20,0x00,0x20,0x00,0xFF,0x07,0x88,0x00,0x8A,0x02,0x89,0x02,0x89,0x04,0x08,0x01,0x18,0x02}, /* 赤 */
    {0x76,0x01,0x12,0x01,0x92,0x07,0x5A,0x01,0x36,0x01,0x92,0x07,0xB6,0x02,0xDA,0x02,0x92,0x02,0x36,0x01,0x80,0x02,0x7F,0x04}, /* 翅 */
    {0x0E,0x00,0xF0,0x01,0x00,0x01,0x00,0x01,0xFF,0x01,0x08,0x01,0x08,0x01,0x38,0x01,0x0C,0x01,0x0A,0x02,0x08,0x02,0x08,0x04}, /* 斥 */
    {0x00,0x01,0x3E,0x01,0x22,0x01,0x62,0x05,0xA2,0x05,0x22,0x05,0x22,0x05,0x3E,0x01,0x00,0x01,0x94,0x02,0x22,0x02,0x41,0x04}, /* 炽 */
    {0x40,0x00,0x20,0x00,0xFF,0x07,0x40,0x00,0x88,0x00,0x04,0x01,0xFE,0x03,0x8A,0x00,0x88,0x00,0x89,0x00,0x09,0x01,0x07,0x06}, /* 充 */
    {0x08,0x00,0x08,0x04,0x7F,0x02,0x49,0x00,0x49,0x00,0x49,0x00,0x49,0x00,0x7F,0x01,0x49,0x02,0x08,0x04,0x08,0x00,0x08,0x00}, /* 冲 */
    {0x20,0x00,0x20,0x00,0x20,0x00,0xFE,0x03,0x22,0x02,0x22,0x02,0x22,0x02,0xFE,0x03,0x20,0x00,0x22,0x00,0xFF,0x07,0x01,0x00}, /* 虫 */
    {0x20,0x00,0x22,0x02,0xFE,0x03,0x20,0x00,0xFF,0x07,0x01,0x04,0xFC,0x01,0x00,0x00,0xFF,0x07,0x20,0x00,0x24,0x01,0x62,0x02}, /* 崇 */
    {0x40,0x00,0x20,0x00,0xFF,0x07,0x91,0x04,0x88,0x00,0xFE,0x03,0x90,0x00,0x92,0x00,0x14,0x01,0x19,0x01,0x31,0x02,0xCF,0x04}, /* 宠 */
    {0x08,0x02,0x08,0x02,0x7F,0x02,0x49,0x07,0x49,0x02,0x49,0x02,0x7F,0x03,0x49,0x06,0x49,0x02,0x49,0x02,0x7F,0x02,0x41,0x06}, /* 抽 */
    {0x11,0x00,0xD5,0x07,0x15,0x01,0xD5,0x07,0x5F,0x05,0x75,0x05,0xD5,0x06,0x55,0x04,0xD5,0x07,0x55,0x04,0xD5,0x07,0x61,0x04}, /* 酬 */
    {0x04,0x00,0xDF,0x07,0x44,0x05,0x5E,0x05,0x48,0x05,0xFF,0x07,0x52,0x05,0x5F,0x05,0x52,0x05,0xEA,0x07,0x22,0x04,0x46,0x00}, /* 畴 */
    {0x08,0x00,0xBF,0x07,0x88,0x04,0xBE,0x04,0x88,0x07,0x7F,0x01,0x92,0x01,0x1F,0x05,0x22,0x05,0xAA,0x05,0x42,0x06,0x86,0x00}, /* 踌 */
    {0xFF,0x00,0x41,0x07,0x49,0x01,0x5D,0x01,0xC9,0x07,0x7F,0x01,0x41,0x03,0xDD,0x03,0x55,0x05,0x5D,0x01,0x41,0x01,0x87,0x01}, /* 稠 */
    {0x84,0x00,0x04,0x03,0x15,0x01,0xD6,0x07,0x24,0x01,0x8A,0x03,0x4A,0x05,0x11,0x01,0x20,0x00,0x92,0x02,0x85,0x02,0x7D,0x04}, /* 愁 */
    {0x10,0x02,0xDF,0x03,0xA4,0x04,0xFF,0x07,0x40,0x00,0xFE,0x03,0x80,0x00,0xFF,0x07,0x04,0x01,0xFF,0x02,0x44,0x04,0x2C,0x00}, /* 筹 */
    {0x20,0x01,0x20,0x01,0x20,0x02,0xFC,0x02,0x24,0x06,0x24,0x02,0x24,0x02,0x24,0x02,0x24,0x02,0x45,0x02,0x45,0x02,0x83,0x02}, /* 仇 */
    {0x7F,0x02,0x41,0x02,0x49,0x04,0x5D,0x05,0x49,0x06,0x7F,0x02,0x41,0x04,0x5D,0x07,0x55,0x00,0x5D,0x01,0x41,0x06,0x87,0x00}, /* 绸 */
    {0x14,0x00,0x64,0x07,0x25,0x05,0x2D,0x05,0x76,0x07,0x24,0x05,0x34,0x05,0x64,0x07,0xAA,0x05,0x2A,0x05,0x2A,0x07,0x31,0x05}, /* 瞅 */
    {0x00,0x00,0xFC,0x03,0x44,0x00,0x44,0x00,0x44,0x00,0x44,0x00,0xFC,0x03,0x84,0x00,0x84,0x00,0x84,0x00,0x84,0x00,0xFF,0x07}, /* 丑 */
    {0x40,0x00,0xFE,0x03,0x02,0x02,0xFE,0x03,0x02,0x02,0xFE,0x03,0x02,0x02,0xFE,0x03,0x24,0x00,0xFF,0x07,0x88,0x00,0x07,0x07}, /* 臭 */
    {0x00,0x02,0x3F,0x01,0x91,0x07,0x91,0x00,0x11,0x01,0x51,0x01,0x91,0x03,0x51,0x05,0x11,0x01,0x21,0x01,0x21,0x01,0x46,0x01}, /* 初 */
    {0x20,0x00,0x22,0x02,0x22,0x02,0x22,0x02,0xFE,0x03,0x20,0x00,0x20,0x00,0x21,0x04,0x21,0x04,0x21,0x04,0xFF,0x07,0x01,0x00}, /* 出 */
    {0x00,0x01,0x7F,0x01,0x42,0x01,0xFA,0x07,0x47,0x01,0x7A,0x03,0xCE,0x03,0x7A,0x05,0x6A,0x01,0x52,0x01,0x7A,0x01,0x86,0x01}, /* 橱 */
    {0x00,0x00,0xFF,0x03,0x02,0x02,0xE2,0x02,0x0F,0x02,0xE2,0x02,0xA2,0x02,0xEA,0x02,0x06,0x02,0xA2,0x02,0x72,0x02,0x86,0x05}, /* 厨 */
    {0x04,0x02,0x74,0x03,0x5F,0x04,0x55,0x00,0x75,0x07,0x55,0x02,0x75,0x02,0x55,0x07,0x5D,0x02,0xE5,0x02,0x09,0x03,0x13,0x02}, /* 锄 */
    {0x14,0x02,0x92,0x03,0xBF,0x04,0x24,0x01,0xE4,0x07,0xBF,0x00,0xA4,0x00,0xBF,0x07,0xA4,0x00,0xA4,0x00,0xBF,0x07,0xA0,0x00}, /* 雏 */
    {0x08,0x00,0x14,0x07,0x22,0x05,0x41,0x05,0x3E,0x06,0x08,0x06,0x7F,0x05,0x08,0x05,0x2A,0x05,0x49,0x06,0x89,0x04,0x18,0x04}, /* 除 */
    {0x04,0x01,0xDF,0x07,0x04,0x01,0x8E,0x03,0x55,0x05,0x04,0x01,0xFF,0x07,0x21,0x00,0x20,0x01,0x3E,0x01,0xA0,0x02,0x7F,0x04}, /* 楚 */
    {0x04,0x00,0xC4,0x07,0x15,0x01,0x15,0x01,0x15,0x02,0xDF,0x03,0x44,0x06,0x55,0x02,0x55,0x02,0xD5,0x03,0x5F,0x02,0x01,0x00}, /* 础 */
    {0x08,0x01,0x08,0x01,0x9D,0x02,0x0A,0x02,0xBF,0x07,0x88,0x02,0x9E,0x02,0xB2,0x02,0x9E,0x02,0xD2,0x02,0x9E,0x02,0x12,0x02}, /* 储 */
    {0x08,0x01,0x7F,0x01,0x12,0x01,0xBC,0x07,0x09,0x01,0x7F,0x01,0x80,0x01,0x7F,0x07,0x49,0x01,0x7F,0x01,0x49,0x01,0x7F,0x03}, /* 搐 */
    {0x04,0x02,0x84,0x03,0x84,0x04,0x1F,0x01,0xD5,0x07,0x55,0x05,0xD5,0x07,0x5F,0x05,0xC4,0x07,0x45,0x05,0x47,0x05,0xDD,0x00}, /* 触 */
    {0x08,0x01,0x08,0x01,0xE8,0x01,0x2C,0x01,0x2A,0x02,0x29,0x02,0x49,0x05,0x48,0x01,0x88,0x00,0x48,0x01,0x20,0x02,0x1F,0x04}, /* 处 */
    {0x08,0x02,0x49,0x02,0x49,0x02,0x7F,0x07,0x00,0x02,0x7F,0x02,0x08,0x03,0x7F,0x06,0x55,0x02,0x55,0x02,0x55,0x02,0x43,0x06}, /* 揣 */
    {0x01,0x01,0x11,0x01,0x11,0x01,0x11,0x01,0x11,0x01,0x11,0x01,0x11,0x01,0x11,0x01,0x11,0x01,0x11,0x01,0x11,0x02,0x01,0x04}, /* 川 */
    {0x20,0x00,0xFF,0x07,0x89,0x04,0x04,0x01,0xFE,0x03,0x08,0x00,0x08,0x02,0xFF,0x03,0x28,0x00,0x48,0x00,0x88,0x01,0x18,0x06}, /* 穿 */
    {0x88,0x00,0x88,0x00,0x7E,0x01,0x10,0x01,0x10,0x03,0xFF,0x05,0x20,0x01,0x3E,0x01,0x02,0x01,0x34,0x01,0x0C,0x01,0x02,0x01}, /* 传 */
    {0x80,0x00,0x1E,0x01,0xD2,0x03,0x52,0x02,0x61,0x03,0xC0,0x02,0xDE,0x07,0x52,0x02,0x52,0x03,0xD2,0x02,0x5E,0x02,0xD2,0x04}, /* 船 */
    {0x08,0x00,0x49,0x07,0x49,0x05,0x7F,0x05,0x00,0x05,0x7F,0x05,0x08,0x05,0x7F,0x05,0x55,0x07,0x55,0x05,0x55,0x00,0x43,0x00}, /* 喘 */
    {0x20,0x00,0xFE,0x03,0x22,0x02,0x22,0x02,0xFE,0x03,0x20,0x00,0xFF,0x07,0x21,0x04,0x21,0x04,0xFF,0x07,0x21,0x04,0x20,0x00}, /* 串 */
    {0x10,0x00,0xFF,0x01,0x10,0x01,0x28,0x05,0x44,0x03,0x83,0x01,0x7C,0x01,0x44,0x03,0x44,0x05,0x4D,0x01,0x41,0x02,0x3F,0x04}, /* 疮 */
    {0x20,0x00,0xFF,0x07,0x89,0x04,0x24,0x01,0x40,0x00,0xFE,0x03,0x42,0x02,0xFA,0x02,0x92,0x03,0x62,0x02,0x92,0x02,0xFE,0x03}, /* 窗 */
    {0x04,0x01,0x1F,0x01,0xCA,0x07,0x7F,0x05,0x55,0x05,0x5F,0x05,0x55,0x05,0x5F,0x05,0xC4,0x05,0x1F,0x01,0x04,0x01,0x3F,0x01}, /* 幢 */
    {0x20,0x00,0x10,0x00,0xFF,0x03,0x10,0x02,0x10,0x02,0xFE,0x02,0x10,0x02,0x38,0x02,0x54,0x02,0x92,0x02,0x11,0x03,0x10,0x04}, /* 床 */
    {0xFF,0x04,0x01,0x02,0x01,0x00,0xF9,0x05,0x09,0x04,0x89,0x04,0xFD,0x04,0x05,0x04,0xF5,0x05,0x05,0x04,0x19,0x04,0x03,0x04}, /* 闯 */
    {0x81,0x00,0x41,0x01,0x25,0x02,0x15,0x04,0xE5,0x03,0x25,0x02,0x25,0x02,0x25,0x02,0xC5,0x02,0x11,0x02,0x11,0x02,0xF3,0x01}, /* 创 */
    {0x10,0x00,0x90,0x07,0x9F,0x04,0xA1,0x04,0xA2,0x04,0xC8,0x04,0x88,0x04,0x88,0x04,0x94,0x07,0x94,0x04,0x22,0x00,0x41,0x00}, /* 吹 */
    {0x10,0x01,0x10,0x01,0x5F,0x01,0xA1,0x05,0x22,0x05,0x48,0x05,0x08,0x05,0x08,0x01,0x14,0x01,0x94,0x02,0xA2,0x02,0x41,0x04}, /* 炊 */
    {0x06,0x02,0x38,0x02,0x08,0x02,0x7F,0x07,0x2A,0x02,0x2A,0x02,0x7F,0x03,0x2A,0x06,0x2A,0x02,0x7F,0x02,0x08,0x02,0x3E,0x06}, /* 捶 */
    {0x06,0x02,0x38,0x03,0x08,0x04,0x7F,0x00,0x2A,0x07,0x2A,0x02,0x7F,0x02,0x2A,0x07,0x2A,0x02,0x7F,0x02,0x08,0x03,0x3E,0x02}, /* 锤 */
    {0x1E,0x00,0xE0,0x03,0x20,0x00,0xFE,0x03,0x24,0x01,0x24,0x01,0xFF,0x07,0x24,0x01,0x24,0x01,0xFE,0x03,0x20,0x00,0xFC,0x01}, /* 垂 */
    {0x20,0x00,0xFE,0x03,0x40,0x00,0xFC,0x01,0x80,0x00,0xFF,0x07,0x04,0x01,0xFE,0x03,0x05,0x05,0xFC,0x01,0x04,0x01,0xFC,0x01}, /* 春 */
    {0x08,0x01,0x7F,0x01,0x08,0x01,0xBE,0x07,0x10,0x01,0x7F,0x03,0xA2,0x03,0x7F,0x05,0x22,0x01,0x3E,0x01,0x22,0x01,0x3E,0x01}, /* 椿 */
    {0x04,0x00,0xDF,0x07,0x00,0x01,0xDF,0x07,0x51,0x05,0x5F,0x05,0xC0,0x06,0x5E,0x04,0xC2,0x07,0x5F,0x04,0xC4,0x07,0x4C,0x04}, /* 醇 */
    {0xFF,0x03,0x00,0x02,0xFE,0x02,0x00,0x02,0xFF,0x03,0x92,0x02,0x8C,0x02,0xC3,0x02,0x00,0x02,0xFE,0x02,0x82,0x04,0xFE,0x00}, /* 唇 */
    {0x08,0x00,0xFF,0x04,0x00,0x02,0x7E,0x00,0x42,0x00,0x7E,0x04,0x00,0x02,0x7E,0x00,0x04,0x01,0xFF,0x02,0x08,0x04,0x18,0x00}, /* 淳 */
    {0x08,0x02,0x08,0x02,0x7F,0x04,0x08,0x05,0x49,0x06,0x49,0x02,0x49,0x04,0x7F,0x07,0x08,0x00,0x09,0x01,0x09,0x06,0x07,0x00}, /* 纯 */
    {0x20,0x00,0xFE,0x03,0x40,0x00,0xFF,0x07,0x8C,0x01,0xFB,0x06,0x8C,0x01,0xFF,0x07,0x55,0x05,0xDF,0x07,0x04,0x01,0xDF,0x07}, /* 蠢 */
    {0x74,0x07,0x55,0x05,0x34,0x03,0x57,0x05,0x2C,0x02,0xF5,0x07,0x45,0x02,0xF6,0x03,0x46,0x02,0xF5,0x03,0x4B,0x02,0xF1,0x03}, /* 戳 */
    {0x08,0x01,0x0F,0x01,0x08,0x02,0xBF,0x04,0x21,0x07,0x3F,0x01,0x21,0x02,0xBF,0x07,0x08,0x00,0xBF,0x01,0x08,0x06,0x08,0x00}, /* 绰 */
    {0x88,0x00,0xFF,0x07,0x88,0x00,0x10,0x04,0x1F,0x02,0x21,0x01,0x4A,0x00,0x08,0x00,0x14,0x01,0x14,0x02,0x22,0x04,0x41,0x00}, /* 茨 */
    {0x22,0x00,0x12,0x07,0x04,0x02,0x7F,0x02,0x22,0x04,0x44,0x07,0x55,0x05,0x66,0x05,0x22,0x05,0x55,0x07,0x77,0x05,0x11,0x00}, /* 磁 */
    {0x4A,0x01,0x48,0x01,0x5F,0x01,0x54,0x05,0x74,0x05,0xDF,0x05,0x54,0x05,0x54,0x05,0x5F,0x05,0xF4,0x05,0x54,0x06,0x1F,0x00}, /* 雌 */
    {0xC8,0x00,0x04,0x07,0x1F,0x01,0x00,0x01,0xD1,0x07,0x0A,0x01,0x3F,0x01,0xC4,0x07,0x5F,0x04,0x44,0x04,0xC4,0x07,0x44,0x04}, /* 辞 */
    {0x04,0x01,0x88,0x00,0xFF,0x07,0x08,0x01,0x52,0x02,0x9C,0x03,0x4A,0x01,0xDE,0x03,0x20,0x00,0x92,0x02,0x85,0x02,0x7D,0x04}, /* 慈 */
    {0x20,0x02,0x3F,0x01,0x49,0x00,0x14,0x01,0x63,0x06,0x00,0x00,0xFF,0x07,0x00,0x01,0xF8,0x01,0x49,0x01,0x29,0x02,0xC7,0x03}, /* 瓷 */
    {0x00,0x04,0x7F,0x02,0x01,0x00,0xFD,0x00,0x01,0x06,0x7D,0x02,0x45,0x02,0x45,0x02,0x7D,0x02,0x41,0x02,0x01,0x03,0x0E,0x02}, /* 词 */
    {0x88,0x00,0x88,0x00,0x89,0x00,0x89,0x02,0x8A,0x02,0xEC,0x02,0x88,0x02,0x88,0x02,0x88,0x02,0x89,0x02,0xE9,0x02,0x07,0x07}, /* 此 */
    {0x81,0x00,0x81,0x00,0xF5,0x07,0x85,0x00,0xF5,0x07,0x95,0x04,0x95,0x04,0xB5,0x04,0xC5,0x01,0xA1,0x02,0x91,0x04,0x83,0x00}, /* 刺 */
    {0xDF,0x07,0x51,0x04,0x5F,0x04,0x51,0x05,0x5F,0x05,0x48,0x05,0x5F,0x05,0x6B,0x05,0x15,0x01,0xA5,0x02,0x49,0x02,0x16,0x04}, /* 赐 */
    {0x20,0x00,0x20,0x04,0x3F,0x02,0x41,0x00,0x52,0x00,0x90,0x00,0x10,0x00,0x28,0x01,0x28,0x02,0x44,0x04,0x82,0x00,0x01,0x01}, /* 次 */
    {0x22,0x00,0xD4,0x07,0xBE,0x02,0xA2,0x02,0xA2,0x03,0xBE,0x02,0x80,0x03,0x90,0x02,0xCA,0x02,0xA1,0x07,0xD5,0x00,0x9C,0x00}, /* 聪 */
    {0x88,0x00,0xFF,0x07,0x88,0x00,0xFE,0x01,0x52,0x03,0xD2,0x00,0x32,0x03,0xCC,0x00,0x20,0x00,0x92,0x02,0x85,0x02,0x7D,0x04}, /* 葱 */
    {0x20,0x00,0x40,0x00,0xFF,0x03,0x21,0x02,0x3D,0x02,0x45,0x02,0xA9,0x02,0x11,0x02,0x29,0x02,0x41,0x02,0xFF,0x03,0x01,0x02}, /* 囱 */
    {0x00,0x01,0x00,0x01,0xFF,0x01,0x49,0x02,0x49,0x02,0x89,0x05,0xE9,0x00,0x11,0x01,0x19,0x02,0x25,0x04,0x41,0x00,0x8E,0x00}, /* 匆 */
    {0x88,0x00,0x88,0x00,0x88,0x00,0x88,0x00,0x88,0x00,0x48,0x01,0x54,0x01,0x54,0x01,0x54,0x01,0x22,0x02,0x22,0x02,0x41,0x04}, /* 从 */
    {0x88,0x00,0x88,0x00,0x88,0x00,0x88,0x00,0x94,0x00,0x54,0x01,0x54,0x01,0x22,0x02,0x22,0x02,0x41,0x04,0x00,0x00,0xFF,0x07}, /* 丛 */
    {0x10,0x00,0xFE,0x00,0x10,0x04,0x7C,0x02,0x20,0x00,0xFF,0x01,0x44,0x00,0xBA,0x02,0x11,0x05,0xFE,0x00,0x24,0x00,0xC2,0x00}, /* 凑 */
    {0x00,0x01,0x1E,0x01,0x52,0x05,0x92,0x03,0x1E,0x01,0xD2,0x07,0x12,0x01,0x9E,0x03,0x52,0x05,0x12,0x01,0x12,0x01,0x3F,0x01}, /* 粗 */
    {0x12,0x00,0xD2,0x07,0x3F,0x01,0xD2,0x07,0x7F,0x05,0x40,0x05,0xDE,0x06,0x52,0x04,0xDE,0x07,0x52,0x04,0xDE,0x07,0x52,0x04}, /* 醋 */
    {0x08,0x02,0xCF,0x03,0x92,0x04,0x20,0x02,0x3F,0x01,0xD0,0x07,0x1E,0x02,0xA8,0x03,0xFF,0x02,0x88,0x02,0x94,0x02,0xA3,0x05}, /* 簇 */
    {0x7F,0x01,0x41,0x01,0x41,0x02,0x41,0x02,0x7F,0x06,0x08,0x02,0x48,0x02,0x4F,0x02,0x48,0x02,0x48,0x02,0xA8,0x02,0x1F,0x03}, /* 促 */
    {0x08,0x00,0x7F,0x07,0x55,0x05,0x2A,0x05,0x3E,0x07,0x2A,0x01,0xBE,0x01,0x08,0x05,0x7F,0x05,0xC9,0x05,0x7F,0x06,0x08,0x00}, /* 蹿 */
    {0x10,0x02,0xDF,0x03,0xA4,0x04,0xFE,0x03,0x92,0x02,0x4A,0x02,0x26,0x02,0xFF,0x07,0x04,0x01,0x42,0x02,0x89,0x04,0xFC,0x01}, /* 篡 */
    {0x20,0x00,0xFF,0x07,0x05,0x05,0x22,0x02,0xFC,0x01,0x24,0x01,0xFC,0x01,0x20,0x00,0xFE,0x03,0x22,0x02,0xFE,0x03,0x20,0x00}, /* 窜 */
    {0x08,0x01,0x49,0x01,0x7F,0x01,0x94,0x07,0x22,0x01,0x7F,0x01,0xA4,0x01,0x3F,0x07,0x24,0x01,0x3F,0x01,0x24,0x01,0x3F,0x03}, /* 摧 */
    {0x20,0x00,0x22,0x02,0xFE,0x03,0x90,0x00,0x08,0x01,0xFF,0x03,0x10,0x05,0xFE,0x01,0x10,0x01,0xFE,0x01,0x10,0x01,0xFF,0x01}, /* 崔 */
    {0x88,0x00,0xC9,0x00,0x7F,0x01,0x14,0x01,0x22,0x03,0x7F,0x05,0xA4,0x01,0x3F,0x01,0x24,0x01,0x3F,0x01,0x24,0x01,0x3F,0x01}, /* 催 */
    {0x10,0x00,0x9E,0x03,0xA2,0x02,0xC4,0x02,0xBF,0x03,0xA0,0x02,0xAF,0x02,0xA9,0x03,0xAB,0x02,0xA8,0x02,0xA9,0x02,0xC7,0x05}, /* 脆 */
    {0x10,0x00,0xFF,0x01,0x00,0x01,0x08,0x05,0x7F,0x03,0x22,0x01,0x22,0x01,0x55,0x03,0x08,0x05,0x7F,0x01,0x08,0x02,0x08,0x04}, /* 瘁 */
    {0x10,0x01,0x08,0x01,0x7F,0x05,0xA2,0x03,0x22,0x01,0xD5,0x07,0x00,0x01,0x88,0x03,0x7F,0x05,0x08,0x01,0x08,0x01,0x08,0x01}, /* 粹 */
    {0x10,0x00,0x08,0x02,0x7F,0x01,0x22,0x00,0x22,0x04,0x55,0x02,0x00,0x00,0x08,0x00,0x7F,0x01,0x08,0x02,0x08,0x04,0x08,0x00}, /* 淬 */
    {0xDF,0x07,0x49,0x02,0x45,0x01,0x49,0x02,0x20,0x00,0xFE,0x03,0x04,0x01,0x8A,0x02,0x20,0x00,0xFF,0x07,0x20,0x00,0x20,0x00}, /* 翠 */
    {0x02,0x01,0x02,0x01,0x02,0x01,0xDF,0x07,0x02,0x01,0x02,0x03,0x92,0x03,0x4A,0x05,0x0A,0x01,0x02,0x01,0x02,0x01,0x0E,0x01}, /* 村 */
    {0x40,0x00,0x40,0x00,0xFF,0x07,0x80,0x00,0x3E,0x01,0x04,0x01,0x08,0x03,0x7F,0x05,0x08,0x01,0x08,0x01,0x08,0x01,0x18,0x01}, /* 存 */
    {0x08,0x00,0x08,0x00,0x08,0x00,0xFF,0x07,0x08,0x00,0x08,0x00,0x08,0x01,0x88,0x00,0x88,0x00,0x08,0x00,0x08,0x00,0x38,0x00}, /* 寸 */
    {0x11,0x00,0x8A,0x07,0x3F,0x01,0x04,0x01,0x1F,0x02,0x88,0x03,0xBF,0x06,0x90,0x02,0x9F,0x02,0xA4,0x02,0xC4,0x03,0xBF,0x02}, /* 磋 */
    {0x3E,0x02,0x22,0x02,0x3E,0x02,0x22,0x07,0xFF,0x02,0x50,0x02,0x77,0x03,0x55,0x06,0x75,0x02,0x5A,0x02,0xF5,0x02,0x19,0x06}, /* 撮 */
    {0x22,0x02,0x14,0x02,0x7F,0x02,0x08,0x07,0x3E,0x02,0x10,0x02,0x7F,0x03,0x20,0x06,0x3E,0x02,0x48,0x02,0x88,0x02,0x7F,0x06}, /* 搓 */
    {0x12,0x01,0x12,0x01,0x3F,0x01,0x92,0x07,0x7F,0x01,0x00,0x01,0xBF,0x01,0x21,0x07,0x3F,0x01,0x21,0x01,0x3F,0x01,0x21,0x03}, /* 措 */
    {0x08,0x01,0x08,0x01,0x2A,0x01,0xAA,0x07,0x2A,0x01,0x5D,0x01,0x88,0x01,0x08,0x07,0x3E,0x01,0x08,0x01,0x08,0x01,0x7F,0x03}, /* 挫 */
    {0x12,0x02,0x12,0x02,0xBF,0x03,0x12,0x04,0x7F,0x07,0x00,0x02,0x3F,0x02,0xA1,0x07,0x3F,0x02,0xA1,0x02,0x3F,0x03,0x21,0x02}, /* 错 */
    {0x22,0x01,0x7F,0x01,0x22,0x01,0x88,0x07,0x14,0x01,0x22,0x01,0xDD,0x01,0x00,0x07,0x3E,0x01,0x22,0x01,0x3E,0x01,0x22,0x03}, /* 搭 */
    {0x08,0x02,0x08,0x01,0x08,0x00,0x7F,0x00,0x08,0x07,0x08,0x01,0x14,0x01,0x12,0x01,0x21,0x01,0x41,0x01,0x80,0x02,0x7F,0x04}, /* 达 */
    {0x10,0x02,0xDF,0x03,0x24,0x05,0x50,0x00,0x8C,0x01,0xFB,0x06,0x00,0x00,0xFC,0x01,0x04,0x01,0x04,0x01,0xFC,0x01,0x04,0x01}, /* 答 */
    {0x10,0x00,0xFF,0x01,0x44,0x01,0xFF,0x05,0x54,0x03,0x28,0x01,0x44,0x01,0xBB,0x03,0x00,0x05,0xFE,0x01,0x82,0x02,0xFE,0x04}, /* 瘩 */
    {0x00,0x01,0x3F,0x01,0x04,0x01,0xC4,0x07,0x04,0x01,0x04,0x01,0xC4,0x01,0x04,0x07,0x04,0x01,0x04,0x01,0x04,0x01,0x1C,0x03}, /* 打 */
    {0x20,0x00,0x20,0x00,0x20,0x00,0x20,0x00,0xFF,0x07,0x20,0x00,0x50,0x00,0x50,0x00,0x88,0x00,0x88,0x00,0x04,0x01,0x03,0x06}, /* 大 */
    {0xFE,0x03,0x02,0x02,0x02,0x02,0xFE,0x03,0x20,0x00,0x20,0x00,0xFF,0x07,0x70,0x00,0xA8,0x00,0x24,0x01,0x23,0x06,0x20,0x00}, /* 呆 */
    {0x00,0x00,0xFF,0x07,0x40,0x00,0x80,0x00,0xFE,0x00,0x02,0x01,0x84,0x02,0x44,0x04,0x48,0x00,0x30,0x00,0xC0,0x00,0x00,0x07}, /* 歹 */
    {0x10,0x01,0xFE,0x01,0x10,0x02,0xFE,0x02,0x20,0x06,0xFF,0x03,0x44,0x02,0x92,0x02,0x55,0x03,0x38,0x02,0x54,0x02,0xB2,0x02}, /* 傣 */
    {0x8A,0x00,0xE9,0x03,0x88,0x00,0xFF,0x07,0xA8,0x02,0xEA,0x03,0xAA,0x02,0xEA,0x03,0x44,0x01,0xF5,0x07,0x4B,0x01,0x31,0x02}, /* 戴 */
    {0x24,0x01,0xFF,0x07,0x24,0x01,0x00,0x00,0xFF,0x07,0x01,0x04,0x20,0x00,0xFE,0x03,0x22,0x02,0x22,0x02,0x26,0x02,0x20,0x00}, /* 带 */
    {0x04,0x00,0xC4,0x07,0x08,0x01,0x09,0x01,0xDF,0x01,0x40,0x02,0x5F,0x02,0x51,0x05,0x91,0x00,0x11,0x01,0x1F,0x02,0x11,0x04}, /* 殆 */
    {0x94,0x00,0x92,0x00,0x10,0x01,0x17,0x01,0x78,0x03,0x10,0x05,0x10,0x01,0x10,0x01,0x09,0x01,0x05,0x01,0x03,0x01,0x01,0x01}, /* 代 */
    {0x94,0x00,0x12,0x01,0x17,0x03,0x78,0x05,0x05,0x01,0x03,0x01,0xFE,0x03,0x22,0x02,0x22,0x02,0x58,0x00,0x86,0x01,0x01,0x06}, /* 贷 */
    {0x94,0x00,0x12,0x01,0x17,0x03,0x78,0x05,0x05,0x01,0x03,0x01,0x20,0x00,0xFF,0x07,0x50,0x00,0x8A,0x01,0xA4,0x06,0xC3,0x00}, /* 袋 */
    {0x88,0x00,0x08,0x01,0x3E,0x02,0x88,0x04,0x7F,0x01,0x04,0x03,0x7F,0x05,0x04,0x01,0x24,0x01,0x14,0x01,0x04,0x01,0x1C,0x01}, /* 待 */
    {0x10,0x04,0xFE,0x02,0x12,0x00,0xFF,0x01,0x12,0x06,0xFE,0x02,0x10,0x02,0xBA,0x02,0x54,0x02,0xB2,0x02,0x00,0x02,0xFF,0x05}, /* 逮 */
    {0x00,0x01,0x02,0x02,0xFF,0x07,0x01,0x00,0xFE,0x03,0x02,0x02,0xFE,0x03,0x00,0x00,0x22,0x00,0x91,0x02,0x85,0x02,0x7C,0x04}, /* 怠 */
    {0x08,0x00,0xC8,0x07,0xBF,0x02,0xA9,0x02,0xA9,0x03,0x88,0x02,0x94,0x03,0x94,0x02,0xD4,0x02,0xA4,0x07,0xA5,0x00,0xC3,0x00}, /* 耽 */
    {0x00,0x01,0x3E,0x01,0x22,0x01,0xA2,0x07,0x22,0x01,0x3E,0x01,0xA2,0x01,0x22,0x07,0x22,0x01,0x3E,0x01,0x00,0x01,0x7F,0x03}, /* 担 */
    {0x00,0x00,0xFE,0x01,0x02,0x01,0x22,0x01,0x12,0x01,0x02,0x01,0xFF,0x07,0x02,0x01,0x02,0x01,0x02,0x02,0x02,0x02,0x0E,0x04}, /* 丹 */
    {0x04,0x01,0x88,0x00,0xFE,0x03,0x22,0x02,0xFE,0x03,0x22,0x02,0xFE,0x03,0x20,0x00,0xFF,0x07,0x20,0x00,0x20,0x00,0x20,0x00}, /* 单 */
    {0x00,0x00,0xDF,0x03,0x51,0x02,0x51,0x02,0xDF,0x03,0x51,0x02,0x51,0x02,0xD1,0x03,0x5F,0x02,0x40,0x02,0x40,0x02,0xDF,0x04}, /* 胆 */
    {0x00,0x00,0xFE,0x01,0x02,0x01,0x02,0x01,0x02,0x01,0xFE,0x01,0x02,0x01,0x02,0x01,0x02,0x01,0xFE,0x01,0x00,0x00,0xFF,0x03}, /* 旦 */
    {0xFE,0x01,0x00,0x02,0xFC,0x05,0x00,0x00,0xFC,0x03,0x54,0x01,0x64,0x02,0x94,0x00,0x44,0x03,0x55,0x01,0xA3,0x00,0x11,0x03}, /* 氮 */
    {0x00,0x01,0x7E,0x01,0x42,0x02,0x42,0x02,0x7E,0x06,0x42,0x02,0x42,0x02,0x42,0x02,0x7E,0x02,0x00,0x02,0x00,0x02,0xFF,0x02}, /* 但 */
    {0x22,0x01,0x14,0x01,0x7F,0x01,0xC9,0x05,0x7F,0x05,0x49,0x05,0x7F,0x05,0x08,0x01,0x7F,0x01,0x08,0x01,0x08,0x01,0x08,0x01}, /* 惮 */
    {0x08,0x00,0x29,0x02,0x2A,0x01,0x48,0x00,0x16,0x04,0x61,0x02,0x08,0x00,0x29,0x00,0x4A,0x01,0x14,0x02,0x22,0x04,0xC1,0x00}, /* 淡 */
    {0x03,0x04,0xDC,0x02,0x44,0x00,0x44,0x00,0x97,0x06,0x94,0x02,0xD4,0x02,0x54,0x02,0x5F,0x02,0x40,0x03,0x80,0x02,0x7F,0x01}, /* 诞 */
    {0x22,0x00,0x14,0x07,0x7F,0x01,0x49,0x01,0x7F,0x07,0x49,0x04,0x7F,0x04,0x08,0x07,0x7F,0x01,0x08,0x01,0x08,0x01,0x08,0x06}, /* 弹 */
    {0xFF,0x07,0x21,0x00,0x20,0x01,0x3E,0x01,0xA0,0x02,0x7F,0x04,0x20,0x00,0xFE,0x03,0x22,0x02,0xFE,0x03,0x21,0x00,0xFF,0x07}, /* 蛋 */
    {0x20,0x00,0x22,0x02,0x24,0x01,0x20,0x00,0xFE,0x03,0x02,0x00,0x02,0x00,0xFE,0x01,0x02,0x00,0x02,0x00,0xFE,0x03,0x02,0x00}, /* 当 */
    {0x08,0x01,0x49,0x01,0x2A,0x01,0x88,0x07,0x7F,0x01,0x01,0x01,0x81,0x01,0x3F,0x07,0x01,0x01,0x01,0x01,0x7F,0x01,0x01,0x03}, /* 挡 */
    {0x22,0x02,0x24,0x01,0xFF,0x07,0x01,0x04,0xFC,0x01,0x04,0x01,0x04,0x01,0xFC,0x01,0x88,0x00,0x88,0x00,0x09,0x01,0x07,0x06}, /* 党 */
    {0x88,0x00,0xFF,0x07,0x88,0x00,0x7C,0x02,0x08,0x01,0x30,0x00,0x7F,0x04,0x15,0x02,0x25,0x00,0x49,0x01,0x11,0x02,0x66,0x04}, /* 荡 */
    {0x08,0x01,0x49,0x01,0x2A,0x01,0x88,0x07,0x7F,0x01,0x01,0x03,0x81,0x03,0x3F,0x05,0x01,0x01,0x01,0x01,0x7F,0x01,0x01,0x01}, /* 档 */
    {0x00,0x00,0xFF,0x03,0x41,0x00,0x41,0x00,0x41,0x00,0x41,0x00,0x81,0x00,0x81,0x00,0x01,0x01,0x01,0x01,0x01,0x02,0x0E,0x04}, /* 刀 */
    {0x10,0x01,0x3E,0x01,0x22,0x01,0xAA,0x07,0x26,0x01,0x20,0x01,0xBF,0x01,0x11,0x07,0x55,0x01,0x7D,0x01,0x01,0x01,0x06,0x03}, /* 捣 */
    {0x07,0x00,0xB8,0x07,0x89,0x04,0xA5,0x04,0x92,0x07,0x08,0x01,0x33,0x01,0xA1,0x05,0x33,0x05,0x21,0x05,0xBF,0x05,0x21,0x06}, /* 蹈 */
    {0x01,0x01,0xF1,0x01,0x45,0x02,0x95,0x02,0xF5,0x06,0x55,0x02,0x45,0x02,0xF5,0x02,0x45,0x02,0x71,0x02,0xC1,0x02,0x03,0x02}, /* 倒 */
    {0x40,0x00,0xFC,0x03,0x04,0x02,0x44,0x02,0x2C,0x02,0x00,0x02,0xFF,0x03,0x41,0x00,0x45,0x04,0x45,0x04,0xFD,0x07,0x03,0x00}, /* 岛 */
    {0x08,0x02,0x3F,0x01,0x88,0x07,0xBE,0x00,0x08,0x01,0x7F,0x01,0x92,0x03,0x5F,0x05,0x22,0x01,0x2A,0x01,0x42,0x01,0x06,0x01}, /* 祷 */
    {0xFE,0x03,0x02,0x02,0xFE,0x03,0x00,0x02,0x01,0x02,0xFF,0x01,0x00,0x00,0x04,0x00,0xFF,0x07,0x04,0x01,0x84,0x00,0x1C,0x00}, /* 导 */
    {0x01,0x00,0xF1,0x07,0x05,0x01,0x25,0x02,0xF5,0x07,0x95,0x00,0x85,0x00,0xF5,0x07,0x85,0x00,0x81,0x00,0xF1,0x00,0x03,0x07}, /* 到 */
    {0x87,0x00,0x38,0x07,0x09,0x01,0x25,0x01,0x92,0x07,0x08,0x01,0x33,0x03,0xA1,0x03,0x33,0x05,0x21,0x01,0x3F,0x01,0x21,0x01}, /* 稻 */
    {0x08,0x01,0x0F,0x01,0x08,0x01,0xBF,0x05,0x61,0x05,0x3F,0x05,0x21,0x05,0x3F,0x01,0x08,0x01,0x7F,0x01,0x08,0x01,0x08,0x01}, /* 悼 */
    {0x22,0x02,0x7F,0x01,0x10,0x00,0x7F,0x00,0x41,0x07,0x7F,0x01,0x41,0x01,0x7F,0x01,0x41,0x01,0x7F,0x01,0x80,0x02,0x7F,0x04}, /* 道 */
    {0x40,0x00,0x7F,0x04,0x91,0x02,0x12,0x00,0x28,0x00,0x44,0x02,0x83,0x04,0x00,0x00,0xFE,0x03,0x52,0x02,0x52,0x02,0xFF,0x07}, /* 盗 */
    {0x08,0x01,0x7F,0x02,0x08,0x04,0x7F,0x01,0x55,0x02,0x7F,0x06,0x00,0x02,0xFF,0x02,0x08,0x02,0x52,0x02,0x55,0x02,0x8D,0x02}, /* 德 */
    {0x7E,0x01,0x42,0x02,0x7E,0x04,0x42,0x01,0x7E,0x02,0x00,0x06,0x7E,0x02,0x04,0x02,0xFF,0x02,0x44,0x02,0x24,0x02,0x0C,0x02}, /* 得 */
    {0x08,0x01,0x08,0x02,0xCF,0x07,0x51,0x04,0x61,0x04,0x49,0x04,0xC5,0x07,0x45,0x04,0x41,0x04,0x41,0x04,0xC1,0x07,0x46,0x04}, /* 的 */
    {0x75,0x00,0x96,0x07,0xD5,0x04,0xA2,0x04,0xBE,0x07,0x41,0x01,0x3E,0x01,0xA2,0x05,0x3E,0x05,0x22,0x05,0x94,0x05,0x7F,0x06}, /* 蹬 */
    {0x00,0x01,0x3F,0x01,0x04,0x01,0x44,0x05,0x84,0x05,0x04,0x05,0x04,0x01,0x04,0x01,0x04,0x01,0x84,0x02,0x44,0x02,0x5C,0x04}, /* 灯 */
    {0xD2,0x03,0x54,0x00,0x89,0x04,0x8A,0x02,0x74,0x01,0x02,0x02,0xFD,0x05,0x04,0x01,0xFC,0x01,0x88,0x00,0x50,0x00,0xFF,0x07}, /* 登 */
    {0x10,0x02,0xDF,0x03,0xA4,0x04,0x20,0x00,0xFE,0x03,0x20,0x00,0xFF,0x07,0x08,0x00,0xFF,0x07,0x08,0x01,0x88,0x00,0x38,0x00}, /* 等 */
    {0x75,0x00,0x16,0x07,0x54,0x05,0x25,0x05,0x5A,0x07,0x81,0x05,0x7E,0x05,0x42,0x07,0x7E,0x05,0x42,0x05,0x24,0x07,0xFF,0x05}, /* 瞪 */
    {0x8A,0x07,0xFC,0x00,0x05,0x05,0xFE,0x03,0x05,0x05,0xFC,0x01,0x88,0x00,0xFF,0x07,0x00,0x00,0xF8,0x01,0x09,0x01,0x07,0x06}, /* 凳 */
    {0x00,0x00,0xDF,0x07,0x51,0x00,0x52,0x00,0x54,0x04,0x92,0x02,0x91,0x02,0x11,0x01,0x91,0x02,0x56,0x02,0x50,0x04,0x10,0x00}, /* 邓 */
    {0x3E,0x01,0x22,0x01,0x3E,0x01,0x22,0x01,0xBE,0x07,0x00,0x01,0x7F,0x01,0x08,0x01,0x2E,0x01,0xA8,0x01,0x28,0x06,0x5F,0x00}, /* 堤 */
    {0x86,0x00,0xF8,0x00,0x48,0x01,0x48,0x01,0x48,0x03,0x7F,0x05,0x48,0x01,0x48,0x01,0x55,0x01,0x65,0x01,0x53,0x01,0x09,0x01}, /* 低 */
    {0x10,0x00,0xFF,0x05,0x82,0x02,0x44,0x00,0xFF,0x01,0x11,0x05,0x7D,0x03,0x11,0x01,0x7D,0x01,0x45,0x03,0x7D,0x05,0x03,0x01}, /* 滴 */
    {0x08,0x02,0x08,0x01,0x7F,0x00,0x49,0x00,0x49,0x07,0x7F,0x01,0x49,0x01,0x49,0x01,0x7F,0x01,0x00,0x01,0x80,0x02,0x7F,0x04}, /* 迪 */
    {0xC8,0x00,0x08,0x07,0x08,0x01,0x0F,0x01,0xD2,0x07,0x2A,0x01,0x0A,0x01,0xCA,0x07,0x4A,0x04,0x44,0x04,0xCA,0x07,0x51,0x04}, /* 敌 */
    {0x08,0x02,0xCF,0x03,0x14,0x05,0xA2,0x00,0x20,0x00,0xFE,0x03,0x22,0x02,0x22,0x02,0xFE,0x03,0x22,0x02,0x22,0x02,0xFE,0x03}, /* 笛 */
    {0x88,0x00,0x88,0x02,0x29,0x01,0xA9,0x02,0xAA,0x04,0xC8,0x00,0x88,0x01,0x94,0x02,0x94,0x04,0xA2,0x00,0xA2,0x00,0x41,0x03}, /* 狄 */
    {0x20,0x00,0x7C,0x04,0xC4,0x02,0x38,0x00,0x44,0x00,0x93,0x05,0x10,0x02,0xFE,0x00,0x10,0x00,0x54,0x02,0x92,0x04,0x31,0x01}, /* 涤 */
    {0xDF,0x07,0x49,0x02,0x45,0x01,0x49,0x02,0x90,0x00,0xFF,0x01,0x10,0x03,0xFE,0x05,0x10,0x01,0xFE,0x01,0x10,0x01,0xFF,0x01}, /* 翟 */
    {0x08,0x02,0x7F,0x02,0x22,0x02,0x14,0x07,0x7F,0x05,0x49,0x05,0x5D,0x05,0x49,0x05,0x5D,0x05,0x55,0x02,0x5D,0x05,0x43,0x04}, /* 嫡 */
    {0x06,0x01,0x78,0x01,0x48,0x01,0xC8,0x07,0x48,0x01,0x7F,0x01,0xC8,0x01,0x48,0x07,0x55,0x01,0x65,0x01,0x53,0x01,0x09,0x03}, /* 抵 */
    {0x10,0x00,0xFF,0x03,0x00,0x02,0x0E,0x02,0xF8,0x02,0x88,0x02,0x88,0x02,0xFF,0x02,0x88,0x02,0xA5,0x02,0xD3,0x02,0x89,0x04}, /* 底 */
    {0x08,0x01,0x08,0x01,0x2B,0x01,0x2D,0x01,0xB9,0x07,0x69,0x01,0x29,0x01,0x2B,0x01,0x28,0x01,0xA1,0x01,0x21,0x06,0x1F,0x00}, /* 地 */
    {0x88,0x00,0xFF,0x07,0x88,0x00,0x20,0x00,0xFE,0x03,0x88,0x00,0xFF,0x07,0x21,0x04,0xFE,0x03,0x22,0x02,0x26,0x02,0x20,0x00}, /* 蒂 */
    {0x10,0x02,0xDF,0x03,0xA4,0x04,0x00,0x00,0xFE,0x03,0x22,0x00,0xFE,0x03,0x20,0x02,0xFF,0x03,0xA1,0x00,0x21,0x01,0x26,0x06}, /* 第 */
    {0x20,0x00,0xFF,0x07,0x04,0x01,0x88,0x00,0xFF,0x07,0x01,0x04,0x20,0x00,0xFE,0x03,0x22,0x02,0x22,0x02,0x26,0x02,0x20,0x00}, /* 帝 */
    {0x04,0x01,0x88,0x00,0xFE,0x03,0x22,0x00,0xFE,0x03,0x20,0x02,0xFF,0x03,0x61,0x00,0xA1,0x00,0x26,0x01,0x20,0x06,0x20,0x00}, /* 弟 */
    {0x44,0x04,0x28,0x02,0xFE,0x00,0x12,0x00,0xFE,0x06,0x90,0x02,0xFF,0x02,0x31,0x02,0x51,0x02,0x96,0x02,0x10,0x02,0xFF,0x05}, /* 递 */
    {0x08,0x02,0x7F,0x02,0x22,0x04,0x14,0x05,0x7F,0x06,0x41,0x02,0x08,0x04,0x7F,0x07,0x49,0x00,0x49,0x01,0x4B,0x06,0x08,0x00}, /* 缔 */
    {0x80,0x00,0xDF,0x03,0x84,0x00,0xC8,0x03,0x5F,0x02,0xD1,0x03,0x55,0x02,0xD5,0x03,0x55,0x02,0xE4,0x07,0x4A,0x02,0x31,0x04}, /* 颠 */
    {0x10,0x00,0xFF,0x04,0x10,0x02,0x7E,0x00,0x42,0x00,0x7E,0x04,0x42,0x02,0x7E,0x00,0x42,0x01,0xFF,0x02,0x24,0x04,0x42,0x00}, /* 滇 */
    {0x14,0x00,0x14,0x07,0x7F,0x02,0x55,0x02,0x55,0x04,0x7F,0x07,0x55,0x05,0x55,0x05,0xFF,0x05,0x00,0x07,0x22,0x05,0x41,0x00}, /* 碘 */
    {0x20,0x00,0x3F,0x00,0x20,0x00,0x20,0x00,0xFE,0x03,0x02,0x02,0x02,0x02,0x02,0x02,0xFE,0x03,0x00,0x00,0x92,0x02,0x49,0x04}, /* 点 */
    {0x50,0x00,0x50,0x00,0xFE,0x03,0x52,0x02,0x52,0x02,0xFE,0x03,0x52,0x02,0x52,0x02,0xFF,0x07,0x88,0x00,0x04,0x01,0x02,0x02}, /* 典 */
    {0x10,0x01,0x10,0x01,0xBC,0x07,0x14,0x01,0xB5,0x01,0x15,0x07,0x2B,0x01,0x41,0x03,0x20,0x00,0xFE,0x03,0x20,0x00,0xFF,0x07}, /* 垫 */
    {0x40,0x00,0x40,0x00,0xFC,0x07,0x44,0x04,0x44,0x04,0xFC,0x07,0x44,0x04,0x44,0x04,0xFC,0x07,0x41,0x04,0x41,0x00,0x3F,0x00}, /* 电 */
    {0x00,0x01,0xFF,0x01,0x01,0x02,0xF9,0x07,0x49,0x02,0x49,0x02,0xF9,0x03,0x49,0x02,0x49,0x02,0xF9,0x03,0x01,0x02,0x0E,0x00}, /* 甸 */
    {0x20,0x00,0x10,0x00,0xFF,0x03,0x10,0x02,0x10,0x02,0x1F,0x02,0x10,0x02,0x10,0x02,0xFF,0x02,0x81,0x02,0x81,0x02,0xFF,0x04}, /* 店 */
    {0x08,0x01,0x04,0x01,0x3F,0x01,0xA4,0x05,0x64,0x05,0x27,0x05,0x24,0x05,0x24,0x01,0x5F,0x01,0x51,0x01,0x91,0x01,0x1F,0x01}, /* 惦 */
    {0x04,0x01,0xFF,0x07,0x88,0x00,0xFE,0x03,0x8A,0x02,0x76,0x03,0x02,0x02,0xFE,0x03,0x20,0x00,0xFF,0x07,0x88,0x00,0x07,0x07}, /* 奠 */
    {0x10,0x00,0x08,0x04,0xFF,0x02,0x81,0x00,0x00,0x00,0xFF,0x04,0x08,0x02,0x48,0x00,0x4E,0x00,0x48,0x02,0xA8,0x04,0x1F,0x01}, /* 淀 */
    {0x00,0x00,0xEE,0x03,0x2A,0x02,0xEA,0x03,0x13,0x02,0xA0,0x02,0xFE,0x03,0xAA,0x02,0xFA,0x03,0x04,0x02,0xAA,0x02,0x11,0x05}, /* 殿 */
    {0x00,0x00,0xBF,0x07,0x81,0x04,0x81,0x04,0x85,0x04,0x89,0x04,0x91,0x04,0xA1,0x04,0xC1,0x07,0x81,0x04,0x01,0x00,0x06,0x00}, /* 叼 */
    {0xE5,0x07,0x24,0x04,0x2F,0x05,0xAA,0x07,0x3A,0x05,0xAF,0x07,0x2A,0x04,0xAA,0x07,0xAF,0x06,0xAA,0x07,0x2A,0x04,0xEF,0x00}, /* 雕 */
    {0xFF,0x00,0x81,0x00,0x91,0x04,0xBD,0x02,0x91,0x00,0xFF,0x00,0x81,0x00,0xBD,0x00,0xA5,0x02,0xBD,0x04,0x01,0x01,0x07,0x02}, /* 凋 */
    {0x00,0x00,0xFE,0x03,0x02,0x00,0x02,0x00,0x0A,0x00,0x12,0x00,0x62,0x00,0x82,0x01,0x02,0x06,0x02,0x00,0x02,0x00,0x1C,0x00}, /* 刁 */
    {0x08,0x01,0x0F,0x01,0x88,0x07,0x7F,0x01,0x41,0x01,0x7F,0x01,0xC1,0x01,0x7F,0x07,0x08,0x01,0x7F,0x01,0x08,0x01,0x08,0x03}, /* 掉 */
    {0xFE,0x03,0x02,0x02,0x02,0x02,0xFE,0x03,0x20,0x00,0x20,0x00,0xFF,0x07,0x21,0x04,0x21,0x04,0x21,0x04,0x23,0x04,0x20,0x00}, /* 吊 */
    {0x10,0x02,0x10,0x02,0xDF,0x03,0x21,0x04,0xC1,0x03,0x11,0x01,0x09,0x01,0xC9,0x07,0x01,0x01,0x41,0x01,0x81,0x01,0x06,0x01}, /* 钓 */
    {0x7F,0x04,0x41,0x02,0x49,0x00,0x5D,0x00,0x49,0x06,0x7F,0x02,0x41,0x02,0x5D,0x02,0x55,0x02,0x5D,0x03,0x41,0x02,0x87,0x00}, /* 调 */
    {0x08,0x00,0x88,0x07,0xA8,0x04,0xBE,0x04,0xC8,0x07,0x08,0x01,0x7F,0x01,0x88,0x05,0x14,0x05,0x14,0x05,0xA2,0x05,0x41,0x06}, /* 跌 */
    {0x04,0x01,0x8A,0x02,0x70,0x00,0x8C,0x01,0x73,0x06,0x90,0x01,0xA4,0x02,0xC8,0x00,0x3E,0x03,0xE2,0x00,0x2C,0x00,0xF0,0x03}, /* 爹 */
    {0x0A,0x00,0xAA,0x07,0x7F,0x01,0x2A,0x01,0x2E,0x02,0xA0,0x03,0xBF,0x06,0x88,0x02,0xFF,0x02,0x9C,0x03,0xAA,0x02,0x49,0x00}, /* 碟 */
    {0x0A,0x01,0x2A,0x01,0x7F,0x01,0xAA,0x07,0x2E,0x05,0x20,0x05,0xBF,0x07,0x08,0x01,0x7F,0x01,0x9C,0x01,0x2A,0x06,0x49,0x00}, /* 蝶 */
    {0x08,0x02,0x28,0x01,0x3E,0x00,0x48,0x00,0x08,0x07,0x7F,0x01,0x08,0x01,0x14,0x01,0x22,0x01,0x41,0x01,0x80,0x02,0x7F,0x04}, /* 迭 */
    {0x0A,0x02,0x2A,0x01,0x7F,0x00,0x2A,0x00,0x2E,0x07,0x20,0x01,0x3F,0x01,0x08,0x01,0x7F,0x01,0x9C,0x01,0x2A,0x01,0x49,0x00}, /* 谍 */
    {0xFC,0x03,0x08,0x01,0xF0,0x00,0xDE,0x03,0x52,0x02,0x8C,0x01,0x52,0x02,0xFF,0x07,0x05,0x05,0xFC,0x01,0x04,0x01,0xFF,0x07}, /* 叠 */
    {0x00,0x00,0xFF,0x07,0x20,0x00,0x20,0x00,0x20,0x00,0x20,0x00,0x20,0x00,0x20,0x00,0x20,0x00,0x20,0x00,0x20,0x00,0xE0,0x00}, /* 丁 */
    {0x00,0x00,0xBF,0x07,0x84,0x04,0x84,0x04,0x84,0x07,0x84,0x04,0x84,0x04,0x84,0x07,0x84,0x04,0x84,0x04,0x84,0x07,0x9C,0x04}, /* 盯 */
    {0x00,0x00,0xBF,0x07,0x84,0x04,0x84,0x04,0x84,0x04,0x84,0x04,0x84,0x04,0x84,0x04,0x84,0x07,0x84,0x04,0x04,0x00,0x1C,0x00}, /* 叮 */
    {0x00,0x02,0x3F,0x02,0xC4,0x03,0x04,0x04,0xC4,0x03,0x04,0x01,0x04,0x01,0xC4,0x07,0x04,0x01,0x44,0x01,0x84,0x01,0x1C,0x01}, /* 钉 */
    {0x7F,0x00,0x88,0x07,0x10,0x01,0x7F,0x01,0x41,0x01,0x49,0x01,0x49,0x01,0x49,0x01,0x49,0x01,0x14,0x01,0x22,0x03,0xC1,0x00}, /* 顶 */
    {0xFC,0x01,0x04,0x01,0xFC,0x01,0x05,0x05,0xFD,0x05,0x05,0x05,0xFF,0x07,0x50,0x00,0xDF,0x07,0x51,0x02,0x51,0x02,0x51,0x04}, /* 鼎 */
    {0x08,0x02,0x04,0x02,0xBF,0x03,0x21,0x04,0x80,0x07,0x3F,0x02,0x08,0x02,0xA8,0x07,0x2E,0x02,0xA8,0x02,0x58,0x03,0x8F,0x02}, /* 锭 */
    {0x40,0x00,0x20,0x00,0xFF,0x07,0x01,0x04,0x00,0x00,0xFF,0x07,0x20,0x00,0x20,0x01,0x3E,0x01,0x20,0x01,0xA0,0x02,0x7F,0x04}, /* 定 */
    {0x00,0x02,0x7F,0x01,0x04,0x00,0x04,0x00,0x04,0x07,0x04,0x01,0x04,0x01,0x04,0x01,0x44,0x01,0x84,0x01,0x04,0x01,0x1C,0x00}, /* 订 */
    {0x1E,0x00,0xE0,0x03,0x20,0x00,0x20,0x00,0xFE,0x03,0x20,0x00,0x20,0x00,0xFF,0x07,0x80,0x00,0x04,0x01,0xFE,0x03,0x02,0x00}, /* 丢 */
    {0x40,0x00,0x40,0x00,0xFF,0x07,0x80,0x00,0x20,0x01,0x20,0x02,0xFE,0x03,0x20,0x00,0x24,0x01,0x22,0x02,0x21,0x04,0x60,0x00}, /* 东 */
    {0x80,0x00,0xFC,0x00,0x04,0x01,0x88,0x02,0x50,0x04,0x20,0x00,0xD8,0x00,0x07,0x07,0x60,0x00,0x18,0x00,0xE0,0x00,0x1C,0x00}, /* 冬 */
    {0x88,0x00,0xFF,0x07,0x88,0x00,0xFE,0x03,0x20,0x00,0xFF,0x07,0x24,0x01,0xFC,0x01,0x24,0x01,0xFE,0x03,0x20,0x00,0xFF,0x07}, /* 董 */
    {0x14,0x01,0x7F,0x01,0x14,0x01,0xBF,0x05,0x48,0x05,0x3E,0x05,0x2A,0x05,0x3E,0x01,0x2A,0x01,0x7F,0x01,0x08,0x01,0x7F,0x01}, /* 懂 */
    {0x08,0x00,0x88,0x03,0x08,0x00,0x1F,0x00,0xC9,0x07,0x09,0x01,0x09,0x02,0x89,0x02,0x49,0x04,0xD1,0x07,0x11,0x00,0x26,0x00}, /* 动 */
    {0x08,0x01,0x08,0x01,0x3F,0x01,0xD0,0x07,0x18,0x01,0x28,0x03,0xBF,0x03,0x48,0x05,0x2A,0x01,0x29,0x01,0x49,0x01,0x18,0x01}, /* 栋 */
    {0x80,0x00,0xFF,0x00,0x41,0x01,0x5D,0x01,0x41,0x03,0x5D,0x05,0x55,0x01,0x55,0x01,0x5D,0x01,0x41,0x01,0x41,0x01,0x43,0x01}, /* 侗 */
    {0x00,0x01,0x7F,0x01,0x41,0x01,0xDD,0x05,0x41,0x05,0x5D,0x05,0x55,0x05,0x55,0x01,0x5D,0x01,0x41,0x01,0x41,0x01,0x43,0x01}, /* 恫 */
    {0x20,0x00,0x20,0x00,0xFE,0x04,0x40,0x02,0x50,0x00,0x90,0x00,0xFF,0x00,0x10,0x00,0x54,0x02,0x92,0x04,0x11,0x01,0x30,0x00}, /* 冻 */
    {0x00,0x00,0xFF,0x04,0x81,0x02,0xBD,0x00,0x81,0x00,0xBD,0x04,0xA5,0x02,0xA5,0x00,0xBD,0x00,0x81,0x02,0x81,0x04,0x83,0x00}, /* 洞 */
    {0x20,0x00,0x43,0x02,0xF9,0x04,0x89,0x04,0xF9,0x04,0x89,0x04,0xFB,0x06,0x00,0x00,0x88,0x00,0x88,0x00,0x09,0x01,0x07,0x06}, /* 兜 */
    {0x02,0x01,0x12,0x01,0x0A,0x01,0xC2,0x07,0x12,0x01,0x0A,0x01,0x82,0x01,0x03,0x07,0x3E,0x01,0x02,0x01,0x02,0x01,0x02,0x03}, /* 抖 */
    {0x08,0x00,0x88,0x00,0x48,0x00,0x28,0x00,0x08,0x02,0x08,0x01,0x88,0x00,0x0F,0x00,0xF8,0x07,0x08,0x00,0x08,0x00,0x08,0x00}, /* 斗 */
    {0x08,0x00,0x88,0x07,0xBE,0x04,0x88,0x04,0x08,0x05,0x3F,0x05,0x88,0x04,0xA8,0x04,0xAE,0x04,0x28,0x07,0x58,0x04,0x8F,0x04}, /* 陡 */
    {0x00,0x00,0xFF,0x07,0x00,0x00,0xFE,0x03,0x02,0x02,0x02,0x02,0xFE,0x03,0x00,0x00,0x02,0x02,0x04,0x01,0x88,0x00,0xFF,0x07}, /* 豆 */
    {0x00,0x02,0x7F,0x01,0x00,0x00,0x3E,0x00,0x22,0x07,0x3E,0x01,0x00,0x01,0x22,0x01,0x14,0x01,0x7F,0x01,0x80,0x02,0x7F,0x04}, /* 逗 */
    {0x10,0x00,0xFF,0x01,0x00,0x01,0xFF,0x05,0x00,0x03,0x7E,0x01,0x42,0x01,0x7E,0x03,0x00,0x05,0x42,0x01,0x24,0x02,0xFF,0x04}, /* 痘 */
    {0x00,0x01,0x2F,0x01,0xA9,0x03,0x49,0x01,0xEA,0x07,0x0A,0x01,0xE9,0x03,0x29,0x06,0xE9,0x03,0x2E,0x02,0xE8,0x03,0x28,0x02}, /* 都 */
    {0x8E,0x00,0xEA,0x00,0x8A,0x00,0xF4,0x07,0xAA,0x02,0xFD,0x05,0x04,0x01,0xFC,0x01,0x04,0x01,0xFC,0x01,0x04,0x01,0xFC,0x01}, /* 督 */
    {0x20,0x00,0xFF,0x07,0x20,0x00,0xFE,0x03,0x20,0x00,0xFF,0x07,0x44,0x01,0xFF,0x07,0x24,0x02,0xFE,0x03,0x04,0x00,0x38,0x00}, /* 毒 */
    {0x08,0x01,0x3E,0x01,0x08,0x05,0xBF,0x07,0x01,0x05,0x14,0x01,0xAC,0x01,0x14,0x07,0x7F,0x01,0x08,0x01,0x12,0x01,0x61,0x01}, /* 犊 */
    {0x08,0x01,0x08,0x05,0x08,0x02,0x7F,0x05,0x49,0x01,0x49,0x01,0x49,0x03,0x7F,0x05,0x08,0x01,0x09,0x01,0x0F,0x01,0x79,0x06}, /* 独 */
    {0x10,0x04,0x7E,0x02,0x10,0x00,0xFF,0x00,0x01,0x06,0x28,0x02,0x98,0x02,0x48,0x02,0xFF,0x02,0x14,0x03,0x22,0x02,0xC1,0x00}, /* 读 */
    {0x10,0x01,0x11,0x01,0x3A,0x01,0x94,0x07,0x7F,0x01,0x10,0x01,0x3E,0x01,0x62,0x01,0x3E,0x01,0xA2,0x01,0x3E,0x06,0x22,0x00}, /* 堵 */
    {0x10,0x00,0x91,0x07,0xBA,0x04,0x94,0x04,0xFF,0x07,0x90,0x04,0xBE,0x04,0xE2,0x07,0xBE,0x04,0xA2,0x04,0xBE,0x07,0xA2,0x04}, /* 睹 */
    {0x08,0x00,0xC8,0x07,0x5D,0x04,0x4A,0x05,0x7F,0x05,0x48,0x05,0x5F,0x05,0x71,0x05,0x5F,0x05,0x11,0x01,0x9F,0x02,0x51,0x04}, /* 赌 */
    {0x08,0x01,0x08,0x01,0x08,0x01,0xC8,0x07,0x3E,0x01,0x08,0x03,0x88,0x03,0x48,0x05,0x08,0x01,0x08,0x01,0x08,0x01,0x7F,0x01}, /* 杜 */
    {0x08,0x02,0x7F,0x03,0x52,0x04,0x7F,0x00,0x52,0x07,0x5E,0x02,0x40,0x02,0x7E,0x07,0x52,0x02,0x52,0x02,0x4C,0x03,0xB3,0x02}, /* 镀 */
    {0x04,0x00,0xC4,0x03,0x44,0x02,0x44,0x02,0xDF,0x03,0x44,0x02,0x44,0x02,0xC4,0x03,0x44,0x02,0x44,0x02,0x44,0x02,0xDF,0x04}, /* 肚 */
    {0x10,0x00,0xFF,0x03,0x44,0x02,0xFF,0x03,0x44,0x02,0x7C,0x02,0x00,0x02,0xFE,0x02,0x42,0x02,0x24,0x02,0x18,0x02,0xE7,0x04}, /* 度 */
    {0x08,0x00,0xFF,0x04,0xA2,0x02,0xFF,0x00,0xA2,0x00,0xBE,0x04,0x80,0x02,0xFE,0x00,0xA2,0x00,0xA4,0x02,0x98,0x04,0x67,0x01}, /* 渡 */
    {0x08,0x01,0x04,0x01,0x3F,0x01,0xA1,0x07,0xA1,0x02,0xA1,0x02,0xBF,0x02,0xA1,0x04,0xA0,0x02,0x20,0x01,0xA0,0x02,0x40,0x04}, /* 妒 */
    {0x08,0x04,0x49,0x02,0x49,0x00,0x7F,0x07,0x00,0x00,0x7F,0x05,0x08,0x05,0x7F,0x05,0x55,0x02,0x55,0x01,0x55,0x06,0x43,0x00}, /* 端 */
    {0x00,0x02,0x7F,0x02,0x80,0x03,0x3E,0x05,0x22,0x01,0x22,0x01,0xBE,0x07,0x00,0x01,0x22,0x01,0x94,0x02,0x80,0x02,0x7F,0x04}, /* 短 */
    {0x2E,0x02,0x4A,0x03,0x6A,0x04,0x53,0x00,0x40,0x07,0x6E,0x02,0x4A,0x02,0x4A,0x07,0x6A,0x02,0xC4,0x02,0x4A,0x03,0x51,0x02}, /* 锻 */
    {0x9E,0x00,0x12,0x03,0x12,0x02,0xA3,0x03,0x00,0x02,0xBE,0x03,0x12,0x02,0x92,0x02,0x14,0x03,0x08,0x06,0x14,0x02,0x63,0x02}, /* 段 */
    {0x81,0x00,0xAE,0x02,0xC8,0x05,0x88,0x04,0xEF,0x07,0x8A,0x04,0xCA,0x05,0xAA,0x06,0x8A,0x04,0x8A,0x04,0xEA,0x07,0x12,0x00}, /* 断 */
    {0x2E,0x02,0x4A,0x02,0x6A,0x04,0x53,0x05,0x40,0x06,0x6E,0x02,0x4A,0x04,0x4A,0x07,0x6A,0x00,0xC4,0x01,0x4A,0x06,0x51,0x00}, /* 缎 */
    {0x14,0x01,0x12,0x01,0x3F,0x01,0xA4,0x07,0x64,0x01,0xBF,0x01,0x24,0x01,0x24,0x01,0x3F,0x01,0xA4,0x01,0x24,0x06,0x3F,0x00}, /* 堆 */
    {0x04,0x01,0x88,0x00,0xFE,0x03,0x02,0x02,0x02,0x02,0x02,0x02,0xFE,0x03,0x88,0x00,0x88,0x00,0x89,0x00,0x09,0x01,0x07,0x06}, /* 兑 */
    {0x08,0x00,0x88,0x07,0x88,0x04,0x88,0x04,0x08,0x05,0x08,0x05,0x94,0x04,0x94,0x04,0x94,0x04,0x22,0x07,0x22,0x04,0x41,0x04}, /* 队 */
    {0x02,0x00,0x02,0x00,0xC2,0x07,0x5F,0x00,0x42,0x00,0x42,0x04,0x92,0x02,0x8A,0x02,0x0A,0x01,0x82,0x02,0x42,0x02,0x4E,0x04}, /* 对 */
    {0x48,0x02,0xE8,0x02,0x08,0x02,0xEF,0x07,0xB2,0x02,0xEA,0x02,0x0A,0x02,0xEA,0x02,0x2A,0x03,0xF4,0x06,0x4A,0x00,0xD1,0x00}, /* 墩 */
    {0x08,0x00,0x08,0x00,0x7F,0x07,0x08,0x05,0x49,0x05,0x49,0x05,0x49,0x05,0x7F,0x05,0x08,0x07,0x09,0x05,0x09,0x00,0x07,0x00}, /* 吨 */
    {0x22,0x00,0x7F,0x07,0x14,0x05,0x7F,0x05,0x55,0x07,0x67,0x01,0xD9,0x01,0x7F,0x05,0x02,0x05,0xFF,0x05,0x22,0x06,0x16,0x00}, /* 蹲 */
    {0x88,0x00,0xE8,0x07,0x08,0x00,0xEF,0x03,0x32,0x02,0xEA,0x03,0x0A,0x00,0xCA,0x03,0x4A,0x00,0xE4,0x07,0x8A,0x00,0x91,0x01}, /* 敦 */
    {0x00,0x01,0x1F,0x01,0xC4,0x07,0x08,0x01,0x5F,0x05,0x51,0x05,0x55,0x05,0xD5,0x07,0x15,0x01,0x44,0x01,0x8A,0x01,0x11,0x01}, /* 顿 */
    {0xFF,0x03,0x21,0x02,0xFD,0x03,0x21,0x02,0xA9,0x02,0xA9,0x02,0xF9,0x02,0x21,0x02,0x25,0x02,0x1D,0x02,0x01,0x02,0xFF,0x03}, /* 囤 */
    {0x08,0x02,0x08,0x03,0x7F,0x04,0x08,0x00,0x49,0x07,0x49,0x02,0x49,0x02,0x7F,0x07,0x08,0x02,0x09,0x02,0x09,0x03,0x07,0x02}, /* 钝 */
    {0x0E,0x00,0xF0,0x03,0x10,0x02,0xFF,0x03,0x10,0x02,0xFE,0x02,0x82,0x02,0xFE,0x02,0x82,0x02,0xFE,0x02,0x82,0x02,0xFE,0x04}, /* 盾 */
    {0x7E,0x04,0x88,0x02,0xFF,0x00,0x88,0x00,0xBE,0x06,0xA2,0x02,0xBE,0x02,0xA2,0x02,0xBE,0x02,0x22,0x03,0x3E,0x02,0xFF,0x05}, /* 遁 */
    {0x00,0x02,0x77,0x02,0x11,0x02,0x55,0x07,0x22,0x02,0x55,0x02,0x00,0x03,0x77,0x06,0x15,0x02,0x55,0x02,0x22,0x02,0xD5,0x06}, /* 掇 */
    {0x40,0x00,0x7C,0x00,0x88,0x00,0x10,0x01,0xA4,0x06,0x48,0x00,0x9F,0x01,0x22,0x06,0xD4,0x00,0x18,0x00,0x60,0x00,0x80,0x07}, /* 多 */
    {0x20,0x00,0x20,0x00,0xFF,0x07,0x50,0x00,0x8C,0x01,0x0B,0x06,0x08,0x00,0xFF,0x07,0x08,0x01,0x88,0x00,0x08,0x00,0x38,0x00}, /* 夺 */
    {0x3E,0x01,0x22,0x01,0x22,0x01,0xA2,0x07,0x49,0x01,0x08,0x01,0x7F,0x01,0x08,0x01,0x9C,0x01,0x2A,0x06,0x49,0x00,0x08,0x00}, /* 垛 */
    {0x00,0x01,0xDC,0x03,0x54,0x02,0xD4,0x03,0x63,0x02,0xC8,0x03,0x7F,0x02,0xC8,0x07,0x5C,0x01,0x6A,0x02,0x49,0x04,0xC8,0x00}, /* 躲 */
    {0xFC,0x01,0x04,0x01,0x04,0x01,0x03,0x02,0x20,0x04,0x20,0x00,0xFF,0x07,0x70,0x00,0xA8,0x00,0x24,0x01,0x23,0x06,0x20,0x00}, /* 朵 */
    {0xBE,0x07,0xA2,0x04,0xA2,0x04,0xA2,0x07,0x49,0x01,0x08,0x01,0xBF,0x05,0x08,0x05,0x1C,0x05,0xAA,0x05,0x49,0x06,0x08,0x00}, /* 跺 */
    {0x08,0x01,0x84,0x03,0xBF,0x02,0xA1,0x03,0x80,0x02,0x91,0x07,0x92,0x02,0x94,0x03,0x98,0x02,0x91,0x02,0x91,0x02,0x8F,0x05}, /* 舵 */
    {0xE1,0x03,0x21,0x02,0x25,0x02,0x25,0x02,0x95,0x04,0x85,0x00,0xF5,0x07,0x85,0x00,0xC5,0x01,0xA1,0x02,0x91,0x04,0x83,0x00}, /* 剁 */
    {0x10,0x01,0x7F,0x01,0xA0,0x01,0x5E,0x05,0x08,0x05,0x7F,0x05,0x22,0x05,0x3E,0x01,0x22,0x01,0x3E,0x01,0x22,0x01,0x26,0x01}, /* 惰 */
    {0x88,0x03,0xBF,0x02,0x90,0x02,0x3E,0x03,0xD2,0x02,0x9E,0x02,0x12,0x03,0x16,0x02,0x20,0x00,0xFE,0x03,0x20,0x00,0xFF,0x07}, /* 堕 */
    {0x0C,0x01,0x36,0x01,0x15,0x01,0xD4,0x07,0x7F,0x05,0x54,0x05,0xDD,0x07,0x36,0x01,0x54,0x01,0xD5,0x01,0x5B,0x06,0x31,0x00}, /* 蛾 */
    {0x0C,0x01,0x36,0x01,0x15,0x01,0x54,0x05,0x7F,0x05,0x54,0x05,0x5D,0x05,0x76,0x05,0x54,0x05,0xD5,0x05,0x5B,0x06,0x31,0x00}, /* 峨 */
    {0x84,0x01,0xCF,0x06,0xA9,0x02,0x8D,0x02,0xE9,0x07,0x8B,0x02,0xA8,0x03,0xCF,0x06,0x81,0x02,0xAF,0x02,0x61,0x03,0x26,0x06}, /* 鹅 */
    {0x94,0x00,0xE6,0x00,0x25,0x01,0x24,0x01,0xFF,0x03,0x24,0x05,0x35,0x01,0xE6,0x01,0x24,0x01,0x2D,0x01,0x33,0x01,0x61,0x01}, /* 俄 */
    {0x9F,0x00,0xE4,0x07,0x28,0x05,0xDF,0x03,0x51,0x06,0x95,0x01,0x55,0x02,0x35,0x04,0xD5,0x03,0x44,0x02,0xCA,0x03,0x51,0x02}, /* 额 */
    {0x28,0x02,0x28,0x01,0x49,0x00,0x4A,0x00,0xCC,0x06,0x48,0x02,0x58,0x02,0x68,0x02,0x48,0x02,0x49,0x03,0x49,0x02,0x47,0x00}, /* 讹 */
    {0x0C,0x01,0x36,0x01,0x15,0x01,0x94,0x07,0xFF,0x02,0x94,0x02,0x9D,0x02,0xF6,0x04,0x94,0x02,0x1D,0x01,0x93,0x02,0xB1,0x04}, /* 娥 */
    {0x00,0x00,0xFE,0x03,0x50,0x00,0x52,0x02,0x54,0x01,0x50,0x00,0xFF,0x07,0x00,0x00,0x22,0x00,0x91,0x02,0x85,0x02,0x7C,0x04}, /* 恶 */
    {0x00,0x00,0xFF,0x03,0x00,0x02,0x00,0x02,0x7E,0x02,0x42,0x02,0x42,0x02,0x42,0x02,0x4C,0x02,0x41,0x02,0x41,0x02,0x3F,0x04}, /* 厄 */
    {0x00,0x01,0x7F,0x01,0x40,0x01,0xDE,0x07,0x52,0x01,0x52,0x01,0xD2,0x01,0x56,0x07,0x50,0x01,0x51,0x01,0x51,0x01,0x8F,0x03}, /* 扼 */
    {0x7E,0x02,0x42,0x01,0x7E,0x00,0x42,0x00,0x7E,0x07,0x20,0x01,0x7F,0x01,0x89,0x01,0x55,0x01,0x7D,0x01,0x82,0x02,0x7F,0x04}, /* 遏 */
    {0x77,0x07,0x55,0x05,0x75,0x07,0x05,0x00,0xE6,0x03,0x06,0x00,0xF5,0x07,0x05,0x02,0xE5,0x03,0x26,0x00,0x24,0x00,0xC4,0x00}, /* 鄂 */
    {0x14,0x02,0x66,0x02,0xA5,0x03,0xA4,0x04,0x7F,0x01,0x24,0x02,0x35,0x02,0x66,0x02,0x24,0x02,0xAD,0x02,0x33,0x03,0x61,0x02}, /* 饿 */
    {0xFE,0x03,0x22,0x02,0xFA,0x02,0x22,0x02,0x52,0x02,0x8A,0x02,0xFE,0x03,0x00,0x00,0x22,0x00,0x91,0x02,0x85,0x02,0x7C,0x04}, /* 恩 */
    {0x00,0x00,0xFF,0x07,0x20,0x00,0x40,0x00,0xFE,0x03,0x52,0x02,0x52,0x02,0x52,0x02,0x52,0x02,0x52,0x02,0x52,0x02,0x06,0x02}, /* 而 */
    {0x88,0x00,0x88,0x00,0x88,0x00,0x88,0x00,0x88,0x00,0x88,0x00,0x88,0x00,0x88,0x00,0x08,0x01,0x09,0x01,0x09,0x02,0x07,0x04}, /* 儿 */
    {0x00,0x00,0xFF,0x07,0x04,0x01,0x04,0x01,0xFC,0x01,0x04,0x01,0xFC,0x01,0x04,0x01,0x1F,0x01,0xE4,0x07,0x04,0x00,0x04,0x00}, /* 耳 */
    {0x00,0x01,0x00,0x01,0xFF,0x01,0x01,0x02,0x22,0x04,0x20,0x00,0x24,0x01,0x22,0x01,0x21,0x02,0x21,0x04,0x20,0x00,0x60,0x00}, /* 尔 */
    {0x00,0x02,0x7F,0x02,0xA2,0x03,0xA2,0x04,0x3E,0x01,0x22,0x02,0x3E,0x02,0x22,0x02,0xA3,0x02,0x7E,0x03,0x02,0x02,0x02,0x00}, /* 饵 */
    {0x00,0x00,0xFE,0x04,0x44,0x02,0x44,0x00,0x7C,0x00,0x44,0x04,0x7C,0x02,0x44,0x00,0x47,0x01,0xFC,0x02,0x04,0x04,0x04,0x00}, /* 洱 */
    {0x00,0x00,0x00,0x00,0xFE,0x03,0x00,0x00,0x00,0x00,0x00,0x00,0x00,0x00,0x00,0x00,0x00,0x00,0x00,0x00,0xFF,0x07,0x00,0x00}, /* 二 */
    {0x0A,0x00,0xFF,0x07,0x08,0x00,0xE8,0x03,0x08,0x00,0xE8,0x03,0x08,0x00,0xE8,0x03,0x24,0x02,0xA5,0x02,0x43,0x01,0x21,0x02}, /* 贰 */
    {0x48,0x00,0x44,0x04,0x40,0x04,0xFF,0x07,0x80,0x00,0x80,0x00,0xFC,0x00,0x44,0x01,0x28,0x01,0x10,0x02,0x6C,0x04,0x83,0x01}, /* 发 */
    {0xFF,0x03,0x49,0x02,0x49,0x02,0xFF,0x03,0x00,0x01,0x81,0x00,0x09,0x00,0x09,0x07,0x09,0x01,0x29,0x01,0x41,0x01,0x87,0x01}, /* 罚 */
    {0x10,0x02,0xDF,0x03,0xA4,0x04,0x00,0x00,0x92,0x00,0x1F,0x01,0xF0,0x03,0x12,0x05,0x14,0x01,0x09,0x01,0x15,0x01,0x23,0x01}, /* 筏 */
    {0x94,0x00,0x92,0x00,0x10,0x01,0x1F,0x01,0x70,0x03,0x12,0x05,0x12,0x01,0x14,0x01,0x09,0x01,0x15,0x01,0x23,0x01,0x41,0x01}, /* 伐 */
    {0x1F,0x00,0xE0,0x07,0x00,0x00,0x40,0x00,0x20,0x00,0xFE,0x07,0x04,0x00,0x18,0x00,0x60,0x00,0x80,0x00,0x00,0x03,0xFF,0x04}, /* 乏 */
    {0xFF,0x04,0x01,0x02,0xA9,0x00,0x21,0x05,0x3D,0x07,0xE1,0x05,0x29,0x05,0x29,0x05,0x15,0x05,0x2D,0x05,0x45,0x05,0x03,0x04}, /* 阀 */
    {0x10,0x02,0x10,0x01,0x10,0x00,0xFE,0x00,0x10,0x04,0x10,0x02,0xFF,0x01,0x20,0x00,0x24,0x01,0x42,0x02,0xFF,0x04,0x01,0x00}, /* 法 */
    {0x08,0x00,0x88,0x07,0x08,0x01,0x3E,0x01,0x08,0x01,0x88,0x07,0x7F,0x01,0x08,0x01,0x10,0x01,0xA2,0x01,0x7F,0x06,0x01,0x00}, /* 珐 */
    {0x04,0x01,0xFF,0x07,0x04,0x01,0xF8,0x04,0x54,0x02,0xFF,0x01,0x92,0x04,0xFF,0x03,0x92,0x00,0xFE,0x02,0x92,0x04,0xFE,0x00}, /* 藩 */
    {0x00,0x01,0x1E,0x01,0xD2,0x07,0x52,0x05,0x52,0x05,0x5A,0x05,0x56,0x05,0x52,0x05,0xD2,0x05,0x12,0x01,0x23,0x01,0x41,0x01}, /* 帆 */
    {0x1E,0x00,0xE0,0x03,0x24,0x01,0xA8,0x00,0xFF,0x07,0x24,0x01,0x02,0x02,0xFD,0x05,0x24,0x01,0xFC,0x01,0x24,0x01,0xFC,0x01}, /* 番 */
    {0xC0,0x00,0x1B,0x07,0x49,0x05,0x09,0x01,0xED,0x07,0x5B,0x03,0x09,0x05,0xDB,0x07,0x6D,0x05,0xC9,0x07,0x49,0x05,0xDB,0x07}, /* 翻 */
    {0x54,0x01,0x24,0x01,0xDF,0x07,0x54,0x01,0xAE,0x03,0x55,0x05,0x04,0x01,0x20,0x00,0xFF,0x07,0x50,0x00,0x8C,0x01,0x03,0x06}, /* 樊 */
    {0x00,0x00,0xBC,0x07,0x24,0x01,0x24,0x01,0x24,0x02,0xB4,0x03,0xAC,0x06,0xA4,0x02,0xA4,0x02,0xA5,0x03,0x45,0x02,0x83,0x00}, /* 矾 */
    {0x00,0x02,0x3C,0x02,0xA4,0x03,0x24,0x04,0xA4,0x07,0x34,0x02,0x2C,0x02,0xA4,0x07,0x24,0x02,0xA5,0x02,0x45,0x03,0x83,0x02}, /* 钒 */
    {0x08,0x02,0xEF,0x03,0xB2,0x06,0xEA,0x03,0xA4,0x02,0xEA,0x03,0x89,0x00,0xF0,0x01,0x44,0x00,0xFE,0x03,0x24,0x01,0x62,0x02}, /* 繁 */
    {0x00,0x00,0xF8,0x01,0x08,0x01,0x08,0x01,0x48,0x01,0x28,0x01,0x28,0x01,0x08,0x01,0x08,0x01,0x09,0x01,0x09,0x02,0x07,0x04}, /* 凡 */
    {0x00,0x01,0x3F,0x01,0x48,0x01,0x90,0x05,0x3E,0x05,0x22,0x05,0x2A,0x05,0x2A,0x01,0x2A,0x01,0x94,0x02,0xA2,0x02,0x41,0x04}, /* 烦 */
    {0x1E,0x00,0xE0,0x03,0x00,0x02,0x00,0x02,0xFE,0x03,0x82,0x02,0x82,0x02,0x44,0x02,0x28,0x02,0x10,0x02,0x6C,0x02,0x83,0x05}, /* 反 */
    {0x07,0x02,0x78,0x01,0x40,0x00,0x7F,0x00,0x41,0x07,0x51,0x01,0x4A,0x01,0x44,0x01,0x4A,0x01,0x91,0x01,0x80,0x02,0x7F,0x04}, /* 返 */
    {0x88,0x00,0xFF,0x07,0x88,0x00,0x00,0x02,0x7E,0x01,0x42,0x00,0x42,0x04,0x42,0x02,0x4C,0x00,0x41,0x01,0x41,0x02,0x3F,0x04}, /* 范 */
    {0x03,0x00,0xDC,0x07,0x50,0x04,0x50,0x05,0x5F,0x05,0x55,0x05,0x55,0x05,0x55,0x05,0x55,0x05,0x12,0x01,0xA5,0x02,0x49,0x04}, /* 贩 */
    {0x80,0x00,0xBE,0x02,0x22,0x01,0xA2,0x02,0xA2,0x04,0xA2,0x00,0xA2,0x01,0xA6,0x02,0xA0,0x04,0xA1,0x00,0xA1,0x00,0x1F,0x03}, /* 犯 */
    {0x03,0x02,0x3C,0x02,0xA0,0x03,0xA0,0x04,0x3F,0x01,0x29,0x02,0x29,0x02,0x2A,0x02,0xAA,0x02,0x24,0x03,0x4A,0x02,0x91,0x00}, /* 饭 */
    {0x0E,0x00,0x70,0x02,0x00,0x01,0x10,0x00,0x08,0x04,0x7E,0x02,0x04,0x00,0x08,0x00,0x10,0x01,0x20,0x02,0x50,0x04,0x8F,0x00}, /* 泛 */
    {0x10,0x01,0x08,0x01,0x7F,0x01,0x10,0x01,0x90,0x07,0x1F,0x01,0x11,0x01,0x11,0x01,0x11,0x01,0xA1,0x01,0x21,0x06,0x46,0x00}, /* 坊 */
    {0x04,0x01,0xFF,0x07,0x24,0x01,0x10,0x00,0xFF,0x07,0x80,0x00,0x80,0x00,0xFE,0x00,0x82,0x00,0x02,0x01,0x02,0x02,0x0C,0x04}, /* 芳 */
    {0x40,0x00,0x20,0x00,0xFF,0x07,0x80,0x00,0x80,0x00,0xFE,0x00,0x82,0x00,0x82,0x00,0x02,0x01,0x02,0x01,0x02,0x02,0x1C,0x04}, /* 方 */
    {0x08,0x00,0xC4,0x03,0x7F,0x02,0x48,0x02,0xC8,0x03,0x4F,0x02,0x49,0x02,0xC9,0x03,0x49,0x02,0x51,0x02,0x51,0x02,0xE6,0x04}, /* 肪 */
    {0x10,0x00,0xFF,0x03,0x01,0x02,0xFF,0x03,0x20,0x02,0x10,0x02,0xFF,0x03,0x40,0x02,0x7E,0x02,0x42,0x02,0x82,0x02,0x0C,0x05}, /* 房 */
    {0x10,0x00,0x88,0x07,0xFF,0x04,0x90,0x04,0x10,0x05,0x1F,0x05,0x91,0x04,0x91,0x04,0x91,0x04,0x21,0x07,0x21,0x04,0x46,0x04}, /* 防 */
    {0x10,0x01,0x08,0x01,0x3F,0x01,0x90,0x07,0x90,0x02,0x9F,0x02,0x91,0x02,0x91,0x04,0x91,0x02,0x21,0x01,0xA1,0x02,0x46,0x04}, /* 妨 */
    {0x90,0x00,0x88,0x00,0x7F,0x01,0x10,0x01,0x10,0x03,0x1F,0x05,0x11,0x01,0x11,0x01,0x11,0x01,0x21,0x01,0x21,0x01,0x46,0x01}, /* 仿 */
    {0x10,0x02,0x08,0x01,0x7F,0x00,0x10,0x00,0x10,0x07,0x1F,0x01,0x11,0x01,0x11,0x01,0x51,0x01,0xA1,0x01,0x21,0x01,0x46,0x00}, /* 访 */
    {0x10,0x01,0x08,0x01,0x3F,0x02,0x90,0x04,0x10,0x07,0x1F,0x01,0x11,0x02,0x91,0x07,0x11,0x00,0xA1,0x01,0x21,0x06,0x46,0x00}, /* 纺 */
    {0x08,0x02,0x08,0x01,0x08,0x00,0xCF,0x07,0x12,0x02,0x2A,0x02,0xCA,0x03,0x4A,0x02,0x4A,0x02,0x44,0x02,0x4A,0x02,0xD1,0x04}, /* 放 */
    {0x88,0x00,0xFF,0x07,0x88,0x00,0x50,0x00,0xDF,0x07,0x50,0x00,0xDE,0x03,0x50,0x00,0x50,0x00,0xDF,0x07,0x50,0x00,0x50,0x00}, /* 菲 */
    {0x50,0x00,0x50,0x00,0xDF,0x07,0x50,0x00,0x50,0x00,0xDE,0x03,0x50,0x00,0x50,0x00,0xDF,0x07,0x50,0x00,0x50,0x00,0x50,0x00}, /* 非 */
    {0x14,0x00,0x14,0x00,0x77,0x07,0x14,0x05,0x14,0x05,0x77,0x05,0x14,0x05,0x14,0x05,0x77,0x07,0x14,0x05,0x14,0x00,0x14,0x00}, /* 啡 */
    {0x00,0x00,0xF0,0x07,0x12,0x00,0x14,0x00,0x18,0x00,0x14,0x00,0x12,0x00,0x08,0x00,0x09,0x00,0x05,0x00,0x03,0x00,0x01,0x00}, /* 飞 */
    {0x00,0x00,0xBF,0x03,0xA9,0x02,0xA9,0x02,0xA9,0x03,0xA9,0x02,0xBF,0x02,0xA0,0x03,0xA0,0x02,0xA1,0x02,0xA1,0x02,0x9F,0x05}, /* 肥 */
    {0x00,0x00,0xFF,0x03,0x24,0x02,0x24,0x02,0xE7,0x02,0x24,0x02,0xE7,0x02,0x24,0x02,0xE7,0x02,0x24,0x02,0x24,0x02,0xFF,0x03}, /* 匪 */
    {0x14,0x02,0x14,0x01,0x77,0x00,0x14,0x00,0x14,0x07,0x77,0x01,0x14,0x01,0x14,0x01,0x77,0x01,0x94,0x01,0x14,0x01,0x14,0x00}, /* 诽 */
    {0x08,0x00,0x8A,0x07,0x89,0x04,0x88,0x04,0xFF,0x04,0x88,0x04,0x94,0x04,0x94,0x04,0x94,0x07,0xA2,0x04,0x22,0x00,0x41,0x00}, /* 吠 */
    {0x08,0x00,0x88,0x03,0xBF,0x02,0x88,0x02,0x88,0x03,0xBF,0x02,0xA9,0x02,0xA9,0x03,0xA9,0x02,0xAB,0x02,0x88,0x02,0x88,0x05}, /* 肺 */
    {0x10,0x00,0xFF,0x03,0x00,0x02,0x14,0x02,0x92,0x02,0xFF,0x02,0x20,0x02,0x3E,0x02,0x52,0x02,0x52,0x02,0x8C,0x02,0x33,0x05}, /* 废 */
    {0x28,0x00,0xFE,0x04,0x2A,0x02,0x2A,0x00,0xFE,0x00,0xA8,0x04,0xA8,0x02,0xFF,0x00,0x29,0x00,0x29,0x02,0x4E,0x04,0x88,0x00}, /* 沸 */
    {0x50,0x00,0xFE,0x07,0x52,0x00,0xFE,0x03,0x50,0x02,0xFF,0x03,0x91,0x00,0xFF,0x03,0x22,0x02,0x22,0x02,0xDC,0x00,0x03,0x07}, /* 费 */
    {0x88,0x00,0xFF,0x07,0x88,0x00,0x50,0x00,0x88,0x00,0x04,0x01,0x03,0x06,0xFC,0x01,0x84,0x00,0x84,0x00,0x04,0x01,0x18,0x02}, /* 芬 */
    {0x0A,0x00,0xCA,0x07,0x11,0x01,0xD1,0x07,0x60,0x05,0x5E,0x05,0xCA,0x06,0x4A,0x04,0xCA,0x07,0x52,0x04,0xD2,0x07,0x66,0x04}, /* 酚 */
    {0x14,0x00,0x94,0x07,0xA2,0x04,0xA2,0x04,0xC1,0x04,0xBE,0x04,0x92,0x04,0x92,0x04,0x92,0x07,0xA2,0x04,0x22,0x00,0x4C,0x00}, /* 吩 */
    {0x00,0x01,0xFF,0x01,0x00,0x02,0xFE,0x05,0x00,0x00,0xFC,0x03,0x24,0x01,0x14,0x02,0xEC,0x05,0xA5,0x00,0x23,0x01,0x61,0x02}, /* 氛 */
    {0x88,0x00,0x88,0x00,0x04,0x01,0x04,0x01,0x02,0x02,0xFD,0x05,0x44,0x00,0x44,0x00,0x84,0x00,0x84,0x00,0x04,0x01,0x38,0x02}, /* 分 */
    {0x14,0x01,0x14,0x01,0x22,0x02,0xA2,0x04,0x41,0x07,0x3E,0x01,0x12,0x02,0x92,0x07,0x12,0x00,0xA2,0x01,0x22,0x06,0x4C,0x00}, /* 纷 */
    {0x10,0x01,0x08,0x01,0x7F,0x01,0x22,0x01,0xA2,0x07,0x22,0x01,0x14,0x01,0x14,0x01,0x08,0x01,0x94,0x01,0x22,0x06,0x41,0x00}, /* 坟 */
    {0x04,0x01,0xDF,0x07,0x04,0x01,0x8E,0x03,0x55,0x05,0x04,0x01,0x20,0x00,0x22,0x01,0x24,0x02,0x50,0x00,0x8C,0x01,0x03,0x06}, /* 焚 */
    {0x24,0x02,0x24,0x01,0x42,0x00,0x42,0x00,0x81,0x04,0x7E,0x03,0x12,0x00,0x12,0x00,0x22,0x01,0x22,0x02,0x42,0x04,0x8C,0x00}, /* 汾 */
    {0x14,0x01,0x14,0x01,0xA2,0x05,0x22,0x03,0x41,0x01,0xBE,0x07,0x12,0x01,0x12,0x03,0x92,0x05,0x22,0x01,0x22,0x01,0x4C,0x01}, /* 粉 */
    {0x20,0x00,0x20,0x00,0xFF,0x07,0x50,0x00,0x8C,0x01,0x03,0x06,0xFE,0x03,0x22,0x02,0xFE,0x03,0x22,0x02,0xFE,0x03,0x02,0x02}, /* 奋 */
    {0x24,0x01,0x24,0x01,0x42,0x02,0x42,0x02,0x81,0x06,0x7E,0x02,0x22,0x02,0x22,0x02,0x22,0x02,0x42,0x02,0x42,0x02,0x8C,0x02}, /* 份 */
    {0x88,0x00,0x04,0x01,0x02,0x02,0xFD,0x05,0x44,0x00,0x84,0x00,0x04,0x01,0x18,0x02,0x22,0x00,0x91,0x02,0x85,0x02,0x7C,0x04}, /* 忿 */
    {0x08,0x01,0x7F,0x01,0x88,0x01,0x22,0x05,0x7F,0x05,0x22,0x05,0x7F,0x05,0x41,0x01,0x49,0x01,0x49,0x01,0x16,0x01,0x61,0x01}, /* 愤 */
    {0x24,0x01,0xA8,0x00,0xFF,0x07,0x24,0x01,0x22,0x02,0x88,0x00,0xFE,0x03,0x88,0x00,0x88,0x00,0xFF,0x07,0x04,0x01,0x02,0x02}, /* 粪 */
    {0x20,0x00,0x20,0x00,0xFF,0x07,0x20,0x00,0x20,0x00,0xFE,0x03,0x20,0x00,0x20,0x00,0xFF,0x07,0x20,0x00,0x20,0x00,0x20,0x00}, /* 丰 */
    {0x82,0x00,0x82,0x00,0xE2,0x03,0x9F,0x00,0x82,0x00,0xE2,0x07,0x12,0x00,0x8A,0x00,0xEA,0x03,0x82,0x00,0xE2,0x00,0x0E,0x07}, /* 封 */
    {0x00,0x01,0x3E,0x01,0x22,0x01,0xE2,0x07,0x36,0x01,0x2A,0x03,0xAA,0x03,0x76,0x05,0x22,0x01,0x22,0x01,0x23,0x01,0x41,0x01}, /* 枫 */
    {0x08,0x01,0x0F,0x01,0x19,0x01,0xC6,0x07,0x59,0x05,0x44,0x05,0xDF,0x07,0x04,0x01,0x5F,0x01,0xC4,0x01,0x5F,0x06,0x04,0x00}, /* 蜂 */
    {0x08,0x01,0x0F,0x01,0x19,0x01,0x46,0x05,0x59,0x05,0x44,0x05,0x5F,0x05,0x44,0x05,0x5F,0x05,0xC4,0x05,0x5F,0x06,0x04,0x00}, /* 峰 */
    {0x10,0x02,0x1E,0x02,0xB2,0x03,0x0C,0x04,0xB3,0x07,0x08,0x02,0x3E,0x02,0x88,0x07,0x3E,0x02,0x88,0x02,0x7F,0x03,0x08,0x02}, /* 锋 */
    {0x00,0x00,0xFC,0x03,0x04,0x02,0x14,0x02,0x14,0x03,0xA4,0x02,0x44,0x02,0x44,0x02,0xA5,0x02,0x15,0x03,0x03,0x02,0x01,0x04}, /* 风 */
    {0x20,0x00,0x10,0x00,0xFF,0x01,0x00,0x05,0x7E,0x03,0x42,0x01,0x6A,0x01,0x52,0x03,0x52,0x05,0x52,0x01,0xAB,0x02,0x01,0x05}, /* 疯 */
    {0x10,0x01,0x3E,0x01,0x62,0x01,0x9C,0x05,0x63,0x05,0x08,0x05,0x3E,0x05,0x08,0x01,0x3E,0x01,0x88,0x02,0xFF,0x02,0x08,0x04}, /* 烽 */
    {0x20,0x04,0x7C,0x02,0xC4,0x00,0x38,0x00,0xD7,0x06,0x7C,0x02,0x10,0x02,0x7C,0x02,0x10,0x02,0xFE,0x02,0x10,0x02,0xFF,0x05}, /* 逢 */
    {0xFE,0x00,0x02,0x04,0x42,0x02,0x42,0x00,0x42,0x00,0x7F,0x00,0x01,0x00,0x01,0x01,0xFD,0x02,0x01,0x04,0x01,0x00,0x0E,0x00}, /* 冯 */
    {0x88,0x02,0x4F,0x02,0x11,0x04,0x0E,0x05,0x35,0x06,0xCE,0x02,0x44,0x04,0x5F,0x07,0x44,0x00,0x5F,0x01,0x44,0x06,0xBF,0x00}, /* 缝 */
    {0x00,0x04,0xFE,0x02,0x82,0x00,0xC6,0x00,0xAA,0x06,0x92,0x02,0x92,0x02,0xAA,0x02,0xC6,0x02,0x82,0x03,0x83,0x02,0x01,0x01}, /* 讽 */
    {0x20,0x00,0xFE,0x03,0x40,0x00,0xFC,0x01,0x80,0x00,0xFF,0x07,0x24,0x01,0xFA,0x02,0x21,0x04,0xFE,0x03,0x20,0x00,0x20,0x00}, /* 奉 */
    {0x00,0x00,0xFC,0x03,0x04,0x02,0x04,0x02,0xF4,0x02,0x14,0x02,0x94,0x02,0x54,0x02,0x25,0x02,0x55,0x02,0x8B,0x02,0x01,0x04}, /* 凤 */
    {0x28,0x01,0xFE,0x01,0x2A,0x02,0x2A,0x02,0xFE,0x06,0xA8,0x02,0xA8,0x02,0xFF,0x02,0x29,0x02,0x29,0x02,0x4E,0x02,0x88,0x02}, /* 佛 */
    {0xFF,0x07,0x20,0x00,0x6C,0x00,0xA2,0x01,0x21,0x06,0x20,0x00,0x00,0x00,0xFE,0x03,0x02,0x02,0x02,0x02,0xFE,0x03,0x02,0x02}, /* 否 */
    {0x20,0x00,0x20,0x00,0x20,0x00,0xFE,0x03,0x20,0x00,0x20,0x00,0xFF,0x07,0x20,0x00,0x50,0x00,0x88,0x00,0x04,0x01,0x03,0x06}, /* 夫 */
    {0xA8,0x00,0xF8,0x07,0x88,0x00,0xEF,0x03,0xB2,0x02,0xEA,0x03,0xAA,0x02,0xFA,0x07,0x0A,0x01,0xE4,0x01,0x2A,0x02,0xD1,0x04}, /* 敷 */
    {0x08,0x00,0x88,0x03,0x88,0x02,0xBE,0x02,0x88,0x03,0x88,0x02,0xFF,0x02,0x88,0x03,0x94,0x02,0x94,0x02,0xA2,0x02,0xC1,0x05}, /* 肤 */
    {0x01,0x01,0x76,0x06,0x50,0x05,0x55,0x05,0x72,0x07,0x57,0x05,0x51,0x05,0x72,0x07,0x4F,0x05,0x42,0x01,0x42,0x02,0x46,0x04}, /* 孵 */
    {0x08,0x01,0x08,0x01,0x08,0x01,0xBE,0x07,0x08,0x01,0x08,0x01,0xBF,0x01,0x08,0x07,0x14,0x01,0x14,0x01,0x22,0x01,0x41,0x03}, /* 扶 */
    {0x28,0x02,0xFE,0x02,0x2A,0x02,0x2A,0x07,0xFE,0x02,0xA8,0x02,0xA8,0x03,0xFF,0x06,0x29,0x02,0x29,0x02,0x4E,0x02,0x88,0x06}, /* 拂 */
    {0x7F,0x01,0x00,0x01,0xBE,0x07,0x22,0x02,0x3E,0x05,0x80,0x07,0x7F,0x01,0xC9,0x01,0x7F,0x07,0x49,0x01,0x7F,0x01,0x41,0x01}, /* 辐 */
    {0x1F,0x01,0x00,0x01,0xDF,0x07,0x51,0x05,0x5F,0x05,0x40,0x05,0x5F,0x05,0x55,0x05,0xDF,0x05,0x15,0x01,0x1F,0x01,0x11,0x01}, /* 幅 */
    {0x00,0x01,0xFF,0x01,0x00,0x02,0xFC,0x05,0x44,0x01,0xF4,0x07,0x54,0x01,0xF4,0x07,0x44,0x05,0xFD,0x07,0x4B,0x01,0x59,0x06}, /* 氟 */
    {0x10,0x02,0xDF,0x03,0xA4,0x04,0x00,0x00,0x84,0x00,0x04,0x01,0x7F,0x03,0x04,0x05,0x44,0x01,0x24,0x01,0x04,0x01,0x1C,0x01}, /* 符 */
    {0x88,0x00,0x8A,0x00,0x09,0x01,0x08,0x01,0x7F,0x03,0x08,0x05,0x14,0x01,0x14,0x01,0x14,0x01,0x22,0x01,0x22,0x01,0x41,0x01}, /* 伏 */
    {0x87,0x00,0xF8,0x00,0x11,0x01,0x4A,0x01,0x20,0x03,0x7E,0x05,0x04,0x01,0x08,0x01,0x7F,0x01,0x08,0x01,0x08,0x01,0x18,0x01}, /* 俘 */
    {0x00,0x00,0xDF,0x03,0x51,0x02,0x51,0x02,0xD6,0x03,0x50,0x02,0x5F,0x02,0xD5,0x03,0x55,0x02,0x52,0x02,0x55,0x02,0xD9,0x04}, /* 服 */
    {0x07,0x02,0x78,0x01,0x11,0x00,0x4A,0x00,0x20,0x04,0x7E,0x02,0x04,0x00,0x08,0x00,0x7F,0x01,0x08,0x02,0x08,0x04,0x18,0x00}, /* 浮 */
    {0x7F,0x02,0x00,0x01,0xBE,0x07,0xA2,0x00,0x3E,0x01,0x80,0x01,0x7F,0x03,0x49,0x05,0x7F,0x01,0x49,0x01,0x7F,0x01,0x41,0x01}, /* 福 */
    {0x90,0x00,0xFE,0x07,0x92,0x00,0x92,0x00,0xFE,0x07,0x90,0x04,0x90,0x04,0xFF,0x07,0x91,0x00,0x11,0x01,0x16,0x01,0x10,0x02}, /* 弗 */
    {0x24,0x00,0x22,0x00,0xFF,0x07,0x20,0x00,0xFE,0x03,0x22,0x02,0xFE,0x03,0x22,0x02,0xFE,0x03,0x22,0x02,0x22,0x02,0x06,0x02}, /* 甫 */
    {0x00,0x01,0x3E,0x01,0x08,0x01,0x88,0x07,0x08,0x01,0x7F,0x01,0x94,0x01,0x14,0x07,0x14,0x01,0x25,0x01,0x25,0x01,0x43,0x03}, /* 抚 */
    {0x0A,0x02,0x09,0x02,0x7F,0x07,0x08,0x02,0x7F,0x05,0x49,0x05,0xFF,0x07,0x49,0x01,0xFF,0x01,0x49,0x07,0x49,0x01,0x43,0x01}, /* 辅 */
    {0x10,0x01,0x08,0x01,0xFF,0x02,0x80,0x02,0x92,0x06,0xA2,0x02,0xEF,0x02,0xA2,0x02,0xAA,0x02,0xA6,0x02,0xA2,0x02,0x26,0x03}, /* 俯 */
    {0x88,0x00,0x04,0x01,0x8A,0x02,0x70,0x00,0x8C,0x01,0x03,0x06,0xFC,0x01,0x20,0x00,0xFE,0x03,0x24,0x01,0xA8,0x00,0xFF,0x07}, /* 釜 */
    {0x88,0x00,0x04,0x01,0x8A,0x02,0x70,0x00,0x8C,0x01,0x1B,0x06,0xE0,0x01,0x00,0x01,0xFE,0x01,0x10,0x01,0x10,0x02,0x10,0x04}, /* 斧 */
    {0x0A,0x00,0x89,0x03,0xFF,0x02,0x88,0x02,0xBF,0x03,0xA9,0x02,0xBF,0x02,0xA9,0x03,0xBF,0x02,0xA9,0x02,0xA9,0x02,0xA3,0x05}, /* 脯 */
    {0x08,0x00,0x04,0x07,0x7F,0x05,0x40,0x05,0x4A,0x07,0x52,0x05,0x7F,0x05,0x52,0x07,0x5A,0x05,0x56,0x05,0x52,0x05,0x96,0x03}, /* 腑 */
    {0x20,0x00,0x10,0x00,0xFF,0x03,0x22,0x02,0x42,0x02,0xDF,0x02,0x42,0x03,0x52,0x02,0x4A,0x02,0x42,0x02,0x42,0x02,0x4E,0x04}, /* 府 */
    {0x10,0x00,0xFF,0x03,0x42,0x02,0xDF,0x02,0x4A,0x03,0x46,0x02,0x10,0x02,0xFF,0x02,0x91,0x02,0xA9,0x02,0x91,0x02,0xAB,0x04}, /* 腐 */
    {0x88,0x00,0x88,0x00,0xC8,0x03,0x8C,0x00,0x8A,0x00,0xE9,0x07,0x89,0x00,0x88,0x02,0xE8,0x02,0x88,0x02,0x80,0x03,0xFF,0x04}, /* 赴 */
    {0xF1,0x07,0x01,0x00,0xE5,0x03,0x25,0x02,0xE5,0x03,0x05,0x00,0xF5,0x07,0x95,0x04,0xF5,0x07,0x91,0x04,0xF1,0x07,0x13,0x04}, /* 副 */
    {0xFF,0x07,0x48,0x00,0xFF,0x03,0x49,0x02,0xFF,0x03,0x22,0x01,0xBE,0x02,0x22,0x05,0x3E,0x03,0x62,0x05,0x1C,0x01,0x63,0x01}, /* 覆 */
    {0x04,0x00,0x36,0x07,0x05,0x05,0x04,0x05,0x7F,0x05,0x14,0x05,0x14,0x05,0x5C,0x05,0x54,0x00,0x55,0x02,0x5B,0x02,0xE1,0x05}, /* 赋 */
    {0xFF,0x01,0x00,0x02,0xFE,0x05,0x02,0x01,0xFE,0x01,0x02,0x01,0xFE,0x01,0x80,0x00,0xFE,0x01,0x84,0x02,0x78,0x00,0x87,0x03}, /* 复 */
    {0x14,0x01,0xFF,0x01,0x10,0x02,0xFE,0x02,0x92,0x06,0xFE,0x02,0x92,0x02,0x92,0x02,0x04,0x02,0xFF,0x02,0x44,0x02,0x2C,0x02}, /* 傅 */
    {0x82,0x00,0x82,0x00,0x02,0x01,0x7F,0x01,0x02,0x03,0x02,0x05,0x22,0x01,0x12,0x01,0x12,0x01,0x02,0x01,0x02,0x01,0x0E,0x01}, /* 付 */
    {0x40,0x00,0xFC,0x03,0x04,0x02,0xFC,0x03,0x00,0x02,0xFE,0x03,0x02,0x02,0xFE,0x03,0x20,0x00,0xFF,0x07,0x20,0x00,0x20,0x00}, /* 阜 */
    {0x04,0x01,0x02,0x01,0x01,0x02,0x05,0x05,0x88,0x00,0x88,0x00,0x50,0x00,0x20,0x00,0x50,0x00,0x88,0x00,0x04,0x01,0x03,0x06}, /* 父 */
    {0xBF,0x03,0xC0,0x02,0xBE,0x02,0xA2,0x03,0xBE,0x02,0xA2,0x02,0xBE,0x03,0x90,0x02,0xBE,0x02,0xD2,0x02,0x8C,0x02,0xB3,0x05}, /* 腹 */
    {0x00,0x01,0xF8,0x01,0x08,0x02,0x10,0x04,0xFE,0x03,0x02,0x02,0x22,0x02,0x22,0x02,0x22,0x02,0x58,0x00,0x86,0x01,0x01,0x06}, /* 负 */
    {0x20,0x00,0xFF,0x07,0x01,0x04,0xFE,0x03,0x00,0x00,0xFC,0x01,0x04,0x01,0xFE,0x03,0x22,0x02,0xFE,0x03,0x22,0x02,0xFE,0x03}, /* 富 */
    {0x12,0x00,0x92,0x07,0xA2,0x04,0xAF,0x04,0x62,0x05,0x22,0x05,0xAA,0x04,0xA6,0x04,0xA2,0x04,0x22,0x07,0x22,0x04,0x26,0x04}, /* 附 */
    {0x00,0x01,0x3F,0x01,0x01,0x01,0xC1,0x07,0x41,0x02,0x5F,0x02,0x41,0x02,0x81,0x04,0x81,0x02,0x01,0x01,0xBF,0x02,0x41,0x04}, /* 妇 */
    {0x0A,0x02,0x7F,0x02,0x08,0x04,0x7F,0x05,0x49,0x06,0x7F,0x02,0x49,0x04,0x49,0x07,0x02,0x00,0x7F,0x01,0x22,0x06,0x16,0x00}, /* 缚 */
    {0x22,0x00,0x22,0x07,0x42,0x05,0x5F,0x05,0xC2,0x05,0x52,0x05,0x4A,0x05,0x4A,0x05,0x42,0x07,0x42,0x05,0x42,0x00,0x46,0x00}, /* 咐 */
    {0x24,0x00,0xFF,0x00,0x24,0x07,0x7E,0x05,0x42,0x05,0x7E,0x05,0x42,0x05,0x7F,0x05,0x89,0x07,0x55,0x05,0x7D,0x00,0x03,0x00}, /* 噶 */
    {0x10,0x02,0x08,0x01,0x7F,0x00,0x10,0x00,0x22,0x07,0x7C,0x01,0x09,0x01,0x12,0x01,0x64,0x01,0x8C,0x01,0x12,0x01,0x61,0x00}, /* 该 */
    {0x10,0x00,0x90,0x07,0x90,0x00,0x9F,0x00,0xA2,0x00,0xD2,0x07,0x12,0x04,0x14,0x04,0x88,0x04,0x14,0x05,0x22,0x06,0x41,0x04}, /* 改 */
    {0x00,0x02,0xEF,0x02,0xA2,0x02,0xAA,0x07,0xEA,0x02,0xAF,0x02,0xA2,0x07,0xE4,0x06,0x86,0x02,0xCA,0x02,0xAA,0x02,0xD3,0x02}, /* 概 */
    {0x00,0x02,0x3F,0x02,0x84,0x03,0x04,0x04,0xA7,0x07,0x24,0x02,0x24,0x02,0xBF,0x07,0x01,0x02,0x81,0x02,0x01,0x03,0x06,0x02}, /* 钙 */
    {0x04,0x01,0x88,0x00,0xFE,0x03,0x20,0x00,0xFE,0x03,0x20,0x00,0xFF,0x07,0x00,0x00,0xFE,0x03,0x52,0x02,0x52,0x02,0xFF,0x07}, /* 盖 */
    {0x00,0x00,0xEF,0x04,0xA2,0x02,0xAA,0x00,0xEA,0x00,0xAF,0x04,0xA2,0x02,0xE4,0x00,0x86,0x00,0xCA,0x02,0xAA,0x04,0xD3,0x00}, /* 溉 */
    {0x00,0x00,0xFE,0x03,0x20,0x00,0x20,0x00,0x20,0x00,0x20,0x00,0xFF,0x07,0x20,0x00,0x20,0x00,0x20,0x00,0x20,0x00,0x20,0x00}, /* 干 */
    {0x04,0x01,0x04,0x01,0xFF,0x07,0x04,0x01,0x04,0x01,0x04,0x01,0xFC,0x01,0x04,0x01,0x04,0x01,0x04,0x01,0xFC,0x01,0x04,0x01}, /* 甘 */
    {0x00,0x01,0x3E,0x01,0x08,0x01,0x88,0x07,0x08,0x01,0x88,0x03,0x7F,0x03,0x08,0x05,0x08,0x01,0x08,0x01,0x08,0x01,0x08,0x01}, /* 杆 */
    {0x22,0x01,0x22,0x01,0x7F,0x01,0xA2,0x07,0x22,0x01,0xA2,0x03,0x7E,0x03,0x22,0x05,0x22,0x01,0x22,0x01,0x3E,0x01,0x22,0x01}, /* 柑 */
    {0x08,0x01,0xEF,0x01,0x94,0x02,0x42,0x04,0x00,0x00,0xFE,0x03,0x20,0x00,0x20,0x00,0xFF,0x07,0x20,0x00,0x20,0x00,0x20,0x00}, /* 竿 */
    {0x00,0x00,0xBE,0x03,0x88,0x02,0x88,0x02,0x88,0x03,0x88,0x02,0xFF,0x02,0x88,0x03,0x88,0x02,0x88,0x02,0x88,0x02,0x88,0x05}, /* 肝 */
    {0x80,0x00,0x9F,0x00,0xC4,0x03,0x84,0x00,0x84,0x00,0xE4,0x07,0x9F,0x00,0x84,0x02,0xE4,0x02,0x84,0x02,0x84,0x03,0xFF,0x04}, /* 赶 */
    {0x0A,0x00,0xFF,0x03,0x08,0x02,0xEA,0x02,0x0A,0x02,0xE4,0x02,0xA5,0x02,0xEB,0x02,0x11,0x04,0xA2,0x02,0x95,0x02,0x7D,0x04}, /* 感 */
    {0x80,0x00,0x3E,0x07,0x08,0x01,0x08,0x01,0xC8,0x07,0x08,0x01,0xBF,0x03,0x48,0x03,0x08,0x05,0x08,0x01,0x08,0x01,0x08,0x01}, /* 秆 */
    {0x08,0x00,0x88,0x03,0x88,0x00,0xEF,0x07,0x52,0x02,0xEA,0x03,0x4A,0x02,0xCA,0x03,0x6A,0x02,0xC4,0x07,0x4A,0x00,0x51,0x00}, /* 敢 */
    {0x10,0x01,0xDE,0x07,0xB2,0x02,0xCC,0x07,0xB3,0x02,0x9E,0x03,0x88,0x02,0xBF,0x03,0x22,0x01,0xEA,0x07,0x14,0x01,0x22,0x01}, /* 赣 */
    {0xFF,0x03,0x01,0x02,0x05,0x02,0xC5,0x02,0x29,0x02,0x11,0x02,0x29,0x02,0x45,0x02,0x81,0x02,0x01,0x02,0x01,0x02,0x07,0x02}, /* 冈 */
    {0x01,0x00,0xF1,0x07,0x15,0x04,0x15,0x04,0x35,0x06,0x55,0x05,0x95,0x04,0x55,0x05,0x35,0x06,0x11,0x04,0x11,0x04,0x33,0x04}, /* 刚 */
    {0x00,0x02,0x7F,0x03,0x41,0x04,0x41,0x00,0x63,0x07,0x55,0x02,0x49,0x02,0x55,0x07,0x63,0x02,0x41,0x02,0x41,0x03,0x43,0x02}, /* 钢 */
    {0x00,0x02,0x1F,0x02,0xC4,0x03,0x04,0x05,0x04,0x01,0x04,0x01,0xC4,0x07,0x04,0x01,0x44,0x05,0x44,0x05,0xC4,0x05,0x5F,0x06}, /* 缸 */
    {0x00,0x00,0xDF,0x03,0x44,0x02,0x44,0x02,0xC4,0x03,0x44,0x02,0x44,0x02,0xC4,0x03,0x44,0x02,0x44,0x02,0x44,0x02,0xDF,0x04}, /* 肛 */
    {0x00,0x02,0x7F,0x02,0x41,0x04,0x41,0x05,0x63,0x06,0x55,0x02,0x49,0x04,0x55,0x07,0x63,0x00,0x41,0x01,0x41,0x06,0x43,0x00}, /* 纲 */
    {0x20,0x00,0x22,0x02,0xFE,0x03,0x00,0x00,0xFE,0x03,0x8A,0x02,0x52,0x02,0x22,0x02,0x52,0x02,0x8A,0x02,0x02,0x02,0x06,0x02}, /* 岗 */
    {0x44,0x00,0x44,0x04,0xFE,0x02,0x44,0x00,0xFF,0x01,0x44,0x04,0x82,0x02,0x7D,0x01,0x44,0x00,0x7C,0x01,0x42,0x02,0x3E,0x04}, /* 港 */
    {0x00,0x01,0x3E,0x01,0x08,0x01,0xC8,0x07,0x08,0x01,0x08,0x03,0x88,0x03,0x48,0x05,0x08,0x01,0x08,0x01,0x08,0x01,0x7F,0x01}, /* 杠 */
    {0x20,0x00,0xFF,0x07,0x00,0x00,0xFC,0x01,0x04,0x01,0xFC,0x01,0x00,0x00,0xFF,0x07,0x01,0x04,0xF9,0x04,0x89,0x04,0xFB,0x04}, /* 高 */
    {0x20,0x00,0xFF,0x07,0x04,0x01,0xFC,0x01,0x00,0x00,0xFF,0x07,0x05,0x05,0xFC,0x01,0x04,0x01,0xFC,0x01,0x04,0x01,0x0C,0x01}, /* 膏 */
    {0x04,0x01,0x88,0x00,0xFE,0x03,0x20,0x00,0x20,0x00,0xFE,0x03,0x20,0x00,0x20,0x00,0xFF,0x07,0x00,0x00,0x92,0x02,0x49,0x04}, /* 羔 */
    {0x22,0x01,0x14,0x01,0x7F,0x05,0x88,0x03,0x08,0x01,0xBE,0x07,0x08,0x01,0x88,0x03,0x7F,0x05,0x00,0x01,0x55,0x01,0x55,0x01}, /* 糕 */
    {0x08,0x01,0x7F,0x01,0x00,0x01,0xBE,0x07,0x22,0x01,0x3E,0x01,0x80,0x01,0x7F,0x07,0x41,0x01,0x5D,0x01,0x55,0x01,0x5D,0x03}, /* 搞 */
    {0x08,0x02,0x7F,0x03,0x00,0x04,0x3E,0x00,0x22,0x07,0x3E,0x02,0x00,0x02,0x7F,0x07,0x41,0x02,0x5D,0x02,0x55,0x03,0x5D,0x02}, /* 镐 */
    {0x88,0x00,0x7F,0x07,0x00,0x01,0x3E,0x01,0xA2,0x07,0x3E,0x01,0x80,0x03,0x7F,0x03,0x41,0x05,0x5D,0x01,0x55,0x01,0x5D,0x01}, /* 稿 */
    {0x20,0x00,0x20,0x01,0xFE,0x01,0x20,0x02,0x20,0x00,0xFF,0x07,0x00,0x00,0xFE,0x03,0x02,0x02,0x02,0x02,0xFE,0x03,0x02,0x02}, /* 告 */
    {0xFF,0x07,0x02,0x00,0xF2,0x03,0x12,0x02,0xF2,0x03,0x00,0x00,0xFF,0x07,0x02,0x00,0xF2,0x03,0x12,0x02,0xF2,0x03,0x06,0x00}, /* 哥 */
    {0xE8,0x07,0x48,0x00,0x4F,0x07,0x49,0x05,0x52,0x07,0x00,0x00,0xE4,0x07,0x44,0x00,0x44,0x07,0x4A,0x05,0x4A,0x07,0xD1,0x00}, /* 歌 */
    {0x40,0x01,0x2F,0x01,0x51,0x01,0xDD,0x07,0x55,0x01,0x69,0x01,0xD5,0x01,0x63,0x07,0x5D,0x01,0x55,0x01,0x5D,0x01,0x43,0x03}, /* 搁 */
    {0x48,0x00,0x44,0x00,0x40,0x00,0x5F,0x00,0xE0,0x07,0x42,0x00,0x24,0x00,0x28,0x00,0x11,0x00,0x29,0x00,0xC5,0x00,0x03,0x03}, /* 戈 */
    {0x88,0x00,0x9E,0x00,0x52,0x01,0x3A,0x02,0x12,0x04,0xD6,0x03,0x10,0x00,0xDF,0x03,0x41,0x02,0x5D,0x02,0xC1,0x03,0x46,0x02}, /* 鸽 */
    {0x10,0x00,0x9E,0x03,0xA2,0x02,0xD4,0x02,0x88,0x03,0x94,0x02,0xE3,0x02,0xBE,0x03,0xA2,0x02,0xA2,0x02,0xBE,0x02,0xA2,0x05}, /* 胳 */
    {0x20,0x00,0x10,0x00,0xFF,0x01,0x20,0x05,0x3E,0x03,0x40,0x01,0xBE,0x01,0x04,0x03,0x18,0x05,0x20,0x01,0x41,0x02,0x3F,0x04}, /* 疙 */
    {0x81,0x00,0xF1,0x07,0x95,0x04,0xE5,0x03,0x85,0x00,0xE5,0x03,0x85,0x00,0xF5,0x07,0x85,0x00,0xE1,0x03,0x21,0x02,0xE3,0x03}, /* 割 */
    {0x04,0x01,0xFF,0x07,0x04,0x01,0xFC,0x01,0x20,0x00,0xFE,0x03,0x22,0x02,0xFE,0x03,0x20,0x00,0xFF,0x07,0x20,0x00,0x20,0x00}, /* 革 */
    {0x88,0x00,0xFF,0x07,0x88,0x00,0xFE,0x01,0x02,0x01,0xFE,0x01,0x02,0x01,0xFF,0x03,0x21,0x02,0x51,0x05,0xFD,0x01,0x03,0x00}, /* 葛 */
    {0x10,0x01,0x1E,0x01,0x22,0x01,0xD4,0x07,0x08,0x01,0x94,0x03,0x63,0x03,0x3E,0x05,0x22,0x01,0x22,0x01,0x3E,0x01,0x22,0x01}, /* 格 */
    {0x08,0x01,0x08,0x01,0x14,0x01,0xD2,0x07,0x61,0x05,0x5E,0x05,0xC0,0x07,0x1E,0x01,0x52,0x01,0xD2,0x01,0x5E,0x06,0x12,0x00}, /* 蛤 */
    {0xFF,0x04,0x41,0x02,0x79,0x00,0x89,0x04,0x51,0x05,0x21,0x04,0xD9,0x04,0x07,0x07,0xF9,0x04,0x89,0x04,0xF9,0x04,0x8B,0x04}, /* 阁 */
    {0x7F,0x07,0x00,0x05,0x3E,0x05,0x22,0x05,0x3E,0x06,0x00,0x06,0x7F,0x05,0x55,0x05,0x49,0x05,0x5D,0x06,0x49,0x04,0x4B,0x04}, /* 隔 */
    {0x10,0x02,0x1E,0x02,0xA2,0x03,0x54,0x04,0x08,0x07,0x14,0x02,0x63,0x02,0xBE,0x07,0x22,0x02,0xA2,0x02,0x3E,0x03,0x22,0x02}, /* 铬 */
    {0x20,0x00,0x20,0x00,0x50,0x00,0x88,0x00,0x24,0x01,0x23,0x06,0x20,0x00,0x20,0x00,0x20,0x00,0x20,0x00,0x20,0x00,0x20,0x00}, /* 个 */
    {0x00,0x01,0xFC,0x01,0x04,0x03,0x88,0x04,0x70,0x00,0x8C,0x01,0x03,0x06,0xFC,0x01,0x04,0x01,0x04,0x01,0xFC,0x01,0x04,0x01}, /* 各 */
    {0x08,0x01,0x08,0x01,0x14,0x02,0xA2,0x04,0x41,0x07,0x3E,0x01,0x00,0x02,0xBE,0x07,0x22,0x00,0xA2,0x01,0x3E,0x06,0x22,0x00}, /* 给 */
    {0x3E,0x01,0x22,0x01,0x22,0x01,0xBE,0x07,0x22,0x01,0x22,0x03,0xBE,0x03,0x29,0x05,0x2A,0x01,0x24,0x01,0x32,0x01,0x21,0x01}, /* 根 */
    {0xBE,0x07,0xA2,0x04,0xA2,0x04,0xBE,0x07,0x22,0x01,0x22,0x01,0xBE,0x05,0x29,0x05,0x2A,0x05,0xA4,0x05,0x32,0x06,0x21,0x00}, /* 跟 */
    {0x12,0x01,0x12,0x01,0xD2,0x07,0x3F,0x01,0x92,0x03,0x12,0x01,0xD2,0x07,0x3F,0x01,0x92,0x03,0x52,0x05,0x22,0x01,0x42,0x01}, /* 耕 */
    {0x00,0x00,0xFF,0x07,0x20,0x00,0xFE,0x03,0x22,0x02,0xFE,0x03,0x22,0x02,0xFE,0x03,0x20,0x02,0x20,0x01,0xC0,0x00,0x3F,0x07}, /* 更 */
    {0x20,0x00,0x10,0x00,0xFF,0x03,0x10,0x02,0xFE,0x02,0x12,0x02,0xFF,0x03,0x12,0x02,0xFE,0x02,0x28,0x02,0x44,0x02,0x83,0x05}, /* 庚 */
    {0x88,0x00,0xFE,0x03,0x20,0x00,0xFF,0x07,0x52,0x02,0x01,0x04,0x88,0x00,0xFE,0x03,0x20,0x00,0xFF,0x07,0x88,0x00,0x07,0x07}, /* 羹 */
    {0x00,0x02,0x7F,0x02,0x08,0x02,0x7F,0x02,0x49,0x07,0x7F,0x02,0x49,0x02,0x7F,0x02,0x28,0x02,0x10,0x03,0x28,0x06,0x47,0x00}, /* 埂 */
    {0x08,0x00,0xC8,0x07,0xA9,0x02,0xA9,0x02,0xAA,0x03,0xC8,0x02,0x88,0x03,0x94,0x02,0xD4,0x02,0xA2,0x07,0xA2,0x00,0xC1,0x00}, /* 耿 */
    {0x00,0x01,0x7F,0x01,0x08,0x01,0xFF,0x07,0x49,0x01,0x7F,0x03,0xC9,0x03,0x7F,0x05,0x28,0x01,0x10,0x01,0x28,0x01,0x47,0x01}, /* 梗 */
    {0x00,0x00,0xFE,0x03,0x20,0x00,0x20,0x00,0x20,0x00,0x20,0x00,0x20,0x00,0x20,0x00,0x20,0x00,0x20,0x00,0x20,0x00,0xFF,0x07}, /* 工 */
    {0x10,0x00,0x10,0x00,0xD0,0x07,0x1F,0x01,0x22,0x01,0x52,0x01,0x12,0x01,0x14,0x01,0xC8,0x01,0x14,0x06,0x22,0x00,0x41,0x00}, /* 攻 */
    {0x10,0x00,0x10,0x00,0xD0,0x07,0x3F,0x01,0x11,0x01,0x11,0x01,0x11,0x01,0x11,0x01,0xE1,0x01,0x21,0x06,0x41,0x00,0x86,0x00}, /* 功 */
    {0x88,0x00,0x88,0x00,0xFE,0x03,0x88,0x00,0xFF,0x07,0x88,0x00,0x44,0x01,0x42,0x02,0x69,0x04,0x54,0x01,0x54,0x02,0xC0,0x00}, /* 恭 */
    {0x48,0x00,0x44,0x00,0xFF,0x07,0x94,0x00,0x19,0x01,0x6F,0x06,0x88,0x00,0xFE,0x03,0x88,0x00,0xFF,0x07,0x04,0x01,0x02,0x02}, /* 龚 */
    {0x44,0x01,0x44,0x01,0x44,0x02,0xFE,0x02,0x44,0x06,0x44,0x02,0x44,0x02,0xFF,0x03,0x00,0x02,0x44,0x02,0x82,0x02,0x01,0x03}, /* 供 */
    {0x00,0x01,0xDF,0x03,0x41,0x02,0xC1,0x03,0x5F,0x02,0xD0,0x03,0x50,0x02,0xDF,0x07,0x41,0x01,0x41,0x02,0x41,0x04,0xC6,0x00}, /* 躬 */
    {0x88,0x00,0x88,0x00,0x88,0x00,0x04,0x01,0x24,0x01,0x22,0x02,0x41,0x04,0x40,0x00,0x88,0x00,0x04,0x01,0xFE,0x03,0x02,0x00}, /* 公 */
    {0x20,0x00,0xFF,0x07,0x01,0x04,0xFC,0x01,0x04,0x01,0x04,0x01,0xFC,0x01,0x00,0x00,0xFE,0x03,0x02,0x02,0x02,0x02,0xFE,0x03}, /* 宫 */
    {0x00,0x00,0xFE,0x03,0x02,0x00,0x02,0x00,0xFE,0x03,0x00,0x02,0x00,0x02,0xFF,0x03,0x01,0x00,0x01,0x00,0x01,0x00,0x06,0x00}, /* 弓 */
    {0x00,0x00,0x3C,0x00,0xA4,0x07,0x24,0x01,0x24,0x01,0x34,0x01,0x2C,0x01,0x24,0x01,0xA4,0x01,0x25,0x06,0x45,0x00,0x83,0x00}, /* 巩 */
    {0xFE,0x03,0x20,0x00,0x20,0x00,0xFF,0x07,0x00,0x00,0x20,0x00,0x22,0x00,0xB4,0x07,0xA8,0x00,0x24,0x01,0x23,0x06,0x60,0x00}, /* 汞 */
    {0x24,0x02,0x24,0x02,0x24,0x02,0x7E,0x07,0x24,0x02,0x24,0x02,0x24,0x03,0xFF,0x06,0x00,0x02,0x24,0x02,0x42,0x02,0x81,0x06}, /* 拱 */
    {0xFE,0x03,0x20,0x00,0x20,0x00,0xFF,0x07,0x00,0x00,0xFE,0x03,0x02,0x02,0x22,0x02,0x22,0x02,0x58,0x00,0x86,0x01,0x01,0x06}, /* 贡 */
    {0x88,0x00,0x88,0x00,0x88,0x00,0xFE,0x03,0x88,0x00,0x88,0x00,0x88,0x00,0xFF,0x07,0x00,0x00,0x88,0x00,0x04,0x01,0x02,0x02}, /* 共 */
    {0x10,0x02,0x10,0x02,0xBF,0x03,0x21,0x04,0x49,0x07,0x09,0x02,0x11,0x02,0xA5,0x07,0x3D,0x02,0x85,0x02,0x01,0x03,0x06,0x02}, /* 钩 */
    {0x80,0x00,0x80,0x00,0xFF,0x01,0x01,0x01,0x41,0x02,0x41,0x04,0x91,0x00,0x09,0x01,0xF9,0x03,0x09,0x00,0x01,0x00,0x0E,0x00}, /* 勾 */
    {0x20,0x02,0x20,0x01,0x3F,0x00,0x41,0x00,0x91,0x04,0x11,0x02,0x21,0x00,0x49,0x00,0x7D,0x01,0x05,0x02,0x01,0x04,0x06,0x00}, /* 沟 */
    {0x88,0x00,0xFF,0x07,0x88,0x00,0x00,0x01,0xFF,0x01,0x01,0x02,0xF9,0x05,0x09,0x01,0x09,0x01,0xF9,0x01,0x01,0x01,0x0E,0x00}, /* 苟 */
    {0x90,0x00,0x90,0x02,0x1F,0x01,0xA1,0x02,0xC1,0x04,0xBD,0x00,0xA5,0x01,0xA5,0x02,0xBD,0x04,0xA1,0x00,0x81,0x00,0x06,0x03}, /* 狗 */
    {0x07,0x01,0x38,0x01,0x20,0x01,0xA0,0x07,0x3F,0x01,0x20,0x01,0x20,0x01,0x3F,0x01,0xB1,0x01,0x51,0x06,0x5F,0x00,0x91,0x00}, /* 垢 */
    {0x10,0x01,0x10,0x01,0x3F,0x01,0xA1,0x07,0x49,0x01,0x09,0x03,0x91,0x03,0x25,0x05,0x3D,0x01,0x05,0x01,0x01,0x01,0x06,0x01}, /* 构 */
    {0x10,0x00,0xD0,0x07,0x5F,0x04,0x61,0x05,0x49,0x05,0x49,0x05,0x51,0x05,0x55,0x05,0x5D,0x05,0x05,0x01,0x81,0x02,0x46,0x04}, /* 购 */
    {0x08,0x02,0x0F,0x02,0xD1,0x03,0x4A,0x04,0x44,0x00,0x58,0x07,0x47,0x05,0x49,0x05,0x55,0x07,0x42,0x04,0x44,0x00,0x98,0x01}, /* 够 */
    {0x20,0x00,0xFF,0x07,0x20,0x00,0xFE,0x03,0x02,0x02,0xFE,0x03,0x20,0x00,0xFE,0x03,0x88,0x00,0xFF,0x07,0x20,0x00,0x20,0x00}, /* 辜 */
    {0x88,0x00,0xFF,0x07,0x88,0x00,0x04,0x01,0x04,0x01,0xDF,0x07,0x44,0x02,0x5F,0x04,0x91,0x02,0x11,0x01,0x9F,0x02,0x51,0x04}, /* 菇 */
    {0x08,0x00,0x08,0x00,0x88,0x07,0xFF,0x04,0x88,0x04,0x88,0x04,0xBE,0x04,0xA2,0x04,0xA2,0x07,0xA2,0x04,0x3E,0x00,0x22,0x00}, /* 咕 */
    {0x10,0x02,0xDF,0x03,0xA4,0x04,0x00,0x01,0x7F,0x01,0xC4,0x07,0x5F,0x01,0xD5,0x01,0x55,0x07,0x57,0x01,0x44,0x01,0x7F,0x03}, /* 箍 */
    {0x10,0x01,0x10,0x01,0x10,0x02,0xFF,0x03,0x10,0x06,0x10,0x02,0xFE,0x02,0x82,0x02,0x82,0x02,0x82,0x02,0xFE,0x02,0x82,0x02}, /* 估 */
    {0x10,0x02,0x10,0x01,0x10,0x00,0xFF,0x01,0x10,0x04,0x10,0x02,0xFE,0x00,0x82,0x00,0x82,0x01,0x82,0x02,0xFE,0x04,0x82,0x00}, /* 沽 */
    {0x03,0x00,0xBC,0x07,0xAA,0x00,0xAA,0x00,0x2A,0x01,0x2A,0x01,0xAA,0x01,0x2A,0x07,0x29,0x01,0x2D,0x01,0x2A,0x01,0x4E,0x03}, /* 孤 */
    {0x04,0x01,0x04,0x01,0x04,0x01,0xDF,0x07,0x44,0x02,0x44,0x02,0x5F,0x02,0x91,0x04,0x91,0x02,0x11,0x01,0x9F,0x02,0x51,0x04}, /* 姑 */
    {0x84,0x00,0xE4,0x07,0x9F,0x00,0xE4,0x03,0x04,0x00,0xFE,0x03,0x2A,0x02,0xEA,0x03,0x2A,0x02,0x44,0x01,0xEA,0x00,0x11,0x07}, /* 鼓 */
    {0x20,0x00,0x20,0x00,0x20,0x00,0xFF,0x07,0x20,0x00,0x20,0x00,0xFE,0x03,0x02,0x02,0x02,0x02,0x02,0x02,0xFE,0x03,0x02,0x02}, /* 古 */
    {0x20,0x00,0x20,0x00,0xFE,0x03,0x22,0x02,0xFE,0x03,0x21,0x00,0xFF,0x07,0x00,0x00,0xFE,0x03,0x52,0x02,0x52,0x02,0xFF,0x07}, /* 蛊 */
    {0xFC,0x01,0x04,0x01,0xF4,0x01,0x14,0x01,0xFF,0x07,0x01,0x04,0xFC,0x01,0x04,0x01,0xFC,0x01,0x04,0x01,0xFC,0x01,0x0C,0x01}, /* 骨 */
    {0x88,0x00,0x04,0x01,0x22,0x02,0x50,0x00,0x88,0x00,0x04,0x01,0x03,0x06,0xFC,0x01,0x04,0x01,0x04,0x01,0xFC,0x01,0x04,0x01}, /* 谷 */
    {0x00,0x00,0xDE,0x03,0x52,0x02,0x52,0x02,0xE3,0x03,0x40,0x02,0x7E,0x02,0xD2,0x03,0x54,0x02,0x48,0x02,0x54,0x02,0xE3,0x04}, /* 股 */
    {0x10,0x01,0x10,0x01,0x10,0x01,0xDF,0x07,0x22,0x01,0x12,0x01,0xD2,0x07,0x52,0x04,0x54,0x04,0x48,0x04,0xD4,0x07,0x63,0x04}, /* 故 */
    {0x00,0x00,0xDF,0x07,0x04,0x04,0xC8,0x05,0x5F,0x05,0x51,0x05,0x55,0x05,0xD5,0x05,0x15,0x05,0x44,0x05,0x8A,0x05,0x11,0x01}, /* 顾 */
    {0xFF,0x07,0x21,0x04,0x21,0x04,0xFD,0x05,0x21,0x04,0xF9,0x04,0x89,0x04,0x89,0x04,0xF9,0x04,0x01,0x04,0xFF,0x07,0x01,0x04}, /* 固 */
    {0x10,0x00,0xFF,0x03,0x01,0x02,0xFF,0x03,0x48,0x02,0xFF,0x02,0x88,0x03,0xFF,0x02,0x88,0x02,0xFF,0x02,0x88,0x02,0xFF,0x04}, /* 雇 */
    {0x61,0x00,0x81,0x03,0x89,0x00,0x89,0x00,0xF9,0x07,0x89,0x00,0x89,0x00,0xE9,0x03,0x29,0x02,0x21,0x02,0xE1,0x03,0x27,0x02}, /* 刮 */
    {0x0E,0x00,0xF8,0x03,0x48,0x02,0x48,0x02,0x48,0x02,0x48,0x02,0x48,0x02,0x44,0x02,0x54,0x02,0x4A,0x02,0x5A,0x02,0x69,0x04}, /* 瓜 */
    {0xE1,0x03,0x21,0x02,0x25,0x02,0xE5,0x03,0x85,0x00,0xF5,0x07,0x95,0x04,0x95,0x04,0x55,0x05,0x31,0x06,0x11,0x04,0x33,0x04}, /* 剐 */
    {0x20,0x00,0xFF,0x07,0x01,0x04,0xFE,0x03,0x40,0x00,0xFC,0x01,0x24,0x01,0xFF,0x07,0x04,0x01,0xFA,0x02,0x49,0x04,0x98,0x01}, /* 寡 */
    {0x08,0x01,0x08,0x01,0x3E,0x01,0x88,0x07,0x08,0x01,0x7F,0x01,0x80,0x01,0x08,0x07,0x3E,0x01,0x08,0x01,0x08,0x01,0x7F,0x03}, /* 挂 */
    {0x24,0x04,0x24,0x02,0x74,0x07,0x24,0x01,0xFE,0x02,0x05,0x03,0x25,0x06,0x74,0x03,0x24,0x02,0x3C,0x02,0xC4,0x02,0x04,0x02}, /* 褂 */
    {0x1C,0x00,0xE0,0x01,0x20,0x00,0xFF,0x07,0xA8,0x00,0xAA,0x00,0xAC,0x07,0xA9,0x00,0xA9,0x01,0xA7,0x06,0x20,0x00,0x20,0x00}, /* 乖 */
    {0x00,0x01,0x3F,0x01,0x21,0x01,0xA1,0x07,0x3F,0x01,0x08,0x01,0x88,0x01,0x3F,0x07,0x11,0x01,0x11,0x01,0x21,0x01,0x46,0x03}, /* 拐 */
    {0x00,0x01,0x7E,0x01,0x22,0x01,0x94,0x05,0x48,0x05,0x14,0x05,0x6B,0x05,0x08,0x01,0x3E,0x01,0x08,0x01,0x08,0x01,0x7F,0x01}, /* 怪 */
    {0x08,0x01,0x04,0x01,0x7F,0x01,0xC1,0x07,0x3E,0x01,0x22,0x03,0xBE,0x03,0x20,0x05,0x3F,0x01,0x21,0x01,0x3F,0x01,0x21,0x01}, /* 棺 */
    {0x04,0x01,0x88,0x00,0x00,0x00,0xFE,0x03,0x20,0x00,0x20,0x00,0xFF,0x07,0x20,0x00,0x50,0x00,0x88,0x00,0x04,0x01,0x03,0x06}, /* 关 */
    {0x40,0x00,0x20,0x00,0xFF,0x07,0x01,0x04,0xFC,0x01,0x04,0x01,0xFC,0x01,0x00,0x01,0xFE,0x01,0x02,0x01,0xFE,0x01,0x02,0x01}, /* 官 */
    {0x00,0x00,0xFF,0x07,0x01,0x04,0x82,0x03,0x1F,0x00,0x02,0x00,0xD2,0x07,0x8A,0x02,0x82,0x02,0x86,0x02,0x81,0x02,0x7F,0x04}, /* 冠 */
    {0x00,0x00,0x3E,0x00,0xA2,0x07,0xA2,0x00,0xAA,0x04,0xAA,0x02,0xAA,0x02,0x2A,0x01,0x14,0x01,0x95,0x02,0xA5,0x04,0x43,0x00}, /* 观 */
    {0x10,0x02,0xDF,0x03,0xA4,0x04,0xFF,0x07,0x01,0x04,0xFC,0x01,0x04,0x01,0xFC,0x01,0x00,0x01,0xFE,0x01,0x02,0x01,0xFE,0x01}, /* 管 */
    {0x08,0x02,0x04,0x02,0x7F,0x03,0x41,0x05,0x3E,0x00,0x22,0x02,0x3E,0x02,0x20,0x02,0x3F,0x02,0x21,0x02,0x3F,0x03,0x21,0x02}, /* 馆 */
    {0x22,0x02,0x7F,0x02,0xA2,0x03,0x77,0x05,0x55,0x01,0x77,0x01,0xA8,0x07,0x7F,0x01,0xA4,0x05,0x3F,0x05,0xA4,0x05,0x3F,0x06}, /* 罐 */
    {0x3E,0x01,0x2A,0x01,0x7F,0x01,0xAA,0x05,0x3E,0x05,0x00,0x05,0x3E,0x05,0x22,0x01,0x2A,0x01,0x2A,0x01,0x14,0x01,0x62,0x01}, /* 惯 */
    {0x44,0x00,0xFF,0x04,0x44,0x02,0xEE,0x00,0xAA,0x00,0xEE,0x04,0x50,0x02,0xFF,0x00,0x48,0x01,0x7E,0x02,0x48,0x04,0x7F,0x00}, /* 灌 */
    {0xFE,0x03,0x22,0x02,0xFF,0x07,0x22,0x02,0xFE,0x03,0x00,0x00,0xFE,0x03,0x22,0x02,0x22,0x02,0x58,0x00,0x86,0x01,0x01,0x06}, /* 贯 */
    {0x20,0x00,0x22,0x02,0x24,0x01,0xA8,0x00,0x20,0x00,0xFF,0x07,0x88,0x00,0x88,0x00,0x88,0x00,0x09,0x01,0x09,0x02,0x07,0x04}, /* 光 */
    {0x20,0x00,0x10,0x00,0xFF,0x03,0x00,0x02,0x00,0x02,0x00,0x02,0x00,0x02,0x00,0x02,0x00,0x02,0x00,0x02,0x00,0x02,0x00,0x04}, /* 广 */
    {0xA0,0x04,0x5F,0x02,0xA4,0x00,0x24,0x00,0x24,0x06,0x6E,0x02,0xA4,0x02,0x24,0x02,0x24,0x02,0xDF,0x02,0x00,0x02,0xFF,0x05}, /* 逛 */
    {0x08,0x00,0x10,0x07,0x7E,0x02,0x4A,0x02,0x7E,0x02,0x52,0x07,0x7E,0x02,0x14,0x02,0x2A,0x02,0x2E,0x03,0x49,0x06,0x87,0x00}, /* 瑰 */
    {0x00,0x01,0x3E,0x01,0x22,0x01,0xA2,0x03,0x2A,0x01,0x2A,0x01,0xEA,0x07,0x2A,0x01,0x14,0x01,0x95,0x02,0xA5,0x02,0x43,0x04}, /* 规 */
    {0x20,0x00,0x20,0x00,0xFE,0x03,0x20,0x00,0x20,0x00,0xFF,0x07,0x00,0x00,0x20,0x00,0xFE,0x03,0x20,0x00,0x20,0x00,0xFF,0x07}, /* 圭 */
    {0x08,0x00,0x88,0x07,0x3E,0x01,0x08,0x01,0x08,0x02,0xBF,0x03,0x80,0x06,0x88,0x02,0xBE,0x02,0x88,0x03,0x88,0x02,0x7F,0x00}, /* 硅 */
    {0x80,0x00,0xBF,0x00,0x81,0x04,0x81,0x04,0x81,0x04,0x9F,0x04,0x81,0x04,0x81,0x04,0x81,0x04,0x01,0x01,0x3F,0x01,0x01,0x02}, /* 归 */
    {0x80,0x00,0xF8,0x00,0x08,0x01,0x10,0x02,0xFE,0x07,0x22,0x02,0xFE,0x03,0x22,0x02,0xFE,0x03,0x20,0x02,0x21,0x00,0x1F,0x00}, /* 龟 */
    {0xFF,0x04,0x01,0x02,0x21,0x00,0xF9,0x04,0x21,0x04,0xFD,0x05,0x21,0x04,0xF9,0x04,0x21,0x04,0xFD,0x05,0x01,0x04,0x03,0x04}, /* 闺 */
    {0x10,0x01,0x10,0x01,0xD0,0x07,0x3C,0x02,0x14,0x05,0x14,0x05,0xD4,0x07,0x14,0x01,0xD4,0x01,0x25,0x07,0x25,0x01,0x43,0x01}, /* 轨 */
    {0x20,0x00,0x40,0x00,0xFE,0x03,0x22,0x02,0xFE,0x03,0x22,0x02,0xFE,0x03,0x44,0x00,0x6A,0x00,0xBE,0x00,0x21,0x01,0x1F,0x06}, /* 鬼 */
    {0x20,0x02,0x3E,0x01,0x42,0x00,0x84,0x00,0x7F,0x06,0x40,0x02,0x5E,0x02,0x52,0x02,0x56,0x02,0x50,0x03,0x51,0x02,0x8F,0x00}, /* 诡 */
    {0xC8,0x03,0x4A,0x00,0x84,0x02,0x05,0x01,0x02,0x02,0xFD,0x05,0x20,0x00,0x20,0x00,0xFE,0x03,0x48,0x00,0x84,0x00,0x02,0x03}, /* 癸 */
    {0x08,0x01,0x08,0x01,0x3E,0x01,0x88,0x07,0x08,0x01,0x7F,0x03,0x80,0x03,0x08,0x05,0x3E,0x01,0x08,0x01,0x08,0x01,0x7F,0x01}, /* 桂 */
    {0x00,0x01,0x3F,0x01,0x20,0x01,0xE0,0x07,0x3F,0x01,0x21,0x03,0xA1,0x03,0x61,0x05,0x3F,0x01,0x20,0x01,0x20,0x01,0x3F,0x01}, /* 柜 */
    {0x10,0x00,0x9E,0x07,0xA2,0x04,0xC4,0x04,0xBF,0x07,0x20,0x01,0xAF,0x01,0x29,0x05,0x2B,0x05,0xA8,0x05,0x29,0x06,0x47,0x00}, /* 跪 */
    {0x20,0x00,0xFE,0x03,0x22,0x02,0xFE,0x03,0x20,0x00,0xFF,0x07,0x00,0x00,0xFE,0x03,0x22,0x02,0x22,0x02,0xDC,0x00,0x03,0x07}, /* 贵 */
    {0x81,0x00,0x41,0x01,0x29,0x02,0x09,0x04,0xC9,0x03,0x09,0x00,0xE9,0x07,0x09,0x01,0x49,0x01,0x21,0x02,0xE1,0x03,0x27,0x00}, /* 刽 */
    {0x3F,0x01,0x21,0x01,0xBF,0x07,0x21,0x02,0x3F,0x05,0x80,0x07,0x24,0x01,0xB5,0x01,0x26,0x07,0x24,0x01,0x35,0x01,0x23,0x01}, /* 辊 */
    {0x08,0x00,0xFF,0x04,0x42,0x02,0x91,0x00,0x24,0x00,0x42,0x04,0xFF,0x02,0x29,0x00,0x4A,0x00,0xC4,0x02,0x52,0x05,0x61,0x00}, /* 滚 */
    {0x3F,0x01,0x21,0x01,0x3F,0x01,0xA1,0x07,0x3F,0x01,0x00,0x03,0xA4,0x03,0x35,0x05,0x26,0x01,0x24,0x01,0x35,0x01,0x23,0x01}, /* 棍 */
    {0x3E,0x02,0x22,0x02,0xA2,0x03,0x3E,0x04,0x88,0x07,0x7F,0x02,0x49,0x02,0xC9,0x07,0x55,0x02,0xE3,0x02,0x41,0x03,0x43,0x02}, /* 锅 */
    {0x80,0x00,0xEF,0x07,0x09,0x00,0xE9,0x03,0x2A,0x02,0xEA,0x03,0x09,0x00,0xC9,0x03,0x49,0x00,0xEE,0x07,0x88,0x00,0x88,0x01}, /* 郭 */
    {0xFF,0x07,0x01,0x04,0xFD,0x05,0x21,0x04,0x21,0x04,0xFD,0x05,0x29,0x04,0x25,0x04,0xFF,0x07,0x01,0x04,0xFF,0x07,0x01,0x04}, /* 国 */
    {0x00,0x00,0xFE,0x03,0x22,0x02,0xFE,0x03,0x22,0x02,0xFE,0x03,0x20,0x00,0xFF,0x07,0xA8,0x00,0x24,0x01,0x23,0x06,0x20,0x00}, /* 果 */
    {0x20,0x00,0xFF,0x07,0x22,0x02,0xFE,0x03,0x22,0x02,0xFE,0x03,0x20,0x00,0xFF,0x07,0x24,0x01,0x52,0x02,0x8C,0x01,0xC3,0x06}, /* 裹 */
    {0x02,0x02,0x02,0x01,0x02,0x00,0x7F,0x00,0x02,0x07,0x22,0x01,0x12,0x01,0x12,0x01,0x02,0x01,0x0E,0x01,0x80,0x02,0x7F,0x04}, /* 过 */
    {0x08,0x00,0x08,0x00,0x94,0x07,0xA2,0x04,0xC1,0x04,0xBE,0x04,0x80,0x04,0xBE,0x04,0xA2,0x07,0xA2,0x04,0x3E,0x00,0x22,0x00}, /* 哈 */
    {0xC8,0x03,0x44,0x02,0x5F,0x02,0xE8,0x07,0x31,0x04,0xDE,0x03,0x44,0x02,0xC9,0x03,0x52,0x02,0xC4,0x03,0x4A,0x02,0xD1,0x02}, /* 骸 */
    {0x08,0x00,0x84,0x07,0xBF,0x00,0x88,0x00,0x11,0x01,0x3E,0x01,0x84,0x01,0x09,0x07,0x32,0x01,0x04,0x01,0x0A,0x01,0x71,0x03}, /* 孩 */
    {0x40,0x04,0x7F,0x02,0x80,0x00,0x7E,0x01,0x42,0x04,0x52,0x02,0xFF,0x01,0x82,0x00,0x92,0x00,0xFF,0x02,0x02,0x04,0x0C,0x00}, /* 海 */
    {0x40,0x00,0x20,0x00,0xFF,0x07,0x80,0x00,0x08,0x01,0xF0,0x03,0x24,0x00,0xC8,0x00,0x10,0x03,0x28,0x00,0xC4,0x00,0x02,0x07}, /* 亥 */
    {0x20,0x00,0xFF,0x07,0x21,0x04,0xFE,0x03,0x20,0x00,0xFE,0x03,0x20,0x00,0xFF,0x07,0x20,0x00,0xFE,0x03,0x02,0x02,0xFE,0x03}, /* 害 */
    {0x08,0x00,0x84,0x07,0xBF,0x00,0x88,0x02,0x91,0x02,0xBE,0x02,0xC4,0x03,0x49,0x00,0x72,0x01,0x44,0x06,0x4A,0x00,0xB1,0x01}, /* 骇 */
    {0x12,0x00,0xD2,0x07,0x3F,0x01,0xD2,0x07,0x52,0x05,0x52,0x05,0xDE,0x06,0x52,0x04,0xD2,0x07,0x52,0x04,0xDE,0x07,0x52,0x04}, /* 酣 */
    {0x88,0x03,0x88,0x00,0xEF,0x07,0x52,0x02,0xEA,0x03,0x4A,0x02,0xC4,0x03,0x6A,0x02,0xD1,0x07,0x40,0x00,0xAA,0x02,0x79,0x04}, /* 憨 */
    {0x40,0x02,0x4F,0x02,0xE9,0x07,0x49,0x02,0x4A,0x02,0x4A,0x02,0xC9,0x03,0x49,0x02,0x49,0x02,0x4E,0x02,0xC8,0x03,0x48,0x02}, /* 邯 */
    {0x08,0x01,0xC8,0x07,0x3F,0x01,0xC8,0x07,0x5E,0x04,0xC8,0x07,0x7F,0x04,0xC9,0x07,0x09,0x01,0xCB,0x07,0x08,0x01,0x08,0x01}, /* 韩 */
    {0x20,0x00,0x50,0x00,0x88,0x00,0x44,0x01,0x23,0x06,0xF8,0x01,0x08,0x00,0x10,0x00,0xFE,0x03,0x02,0x02,0x02,0x02,0xFE,0x03}, /* 含 */
    {0xFC,0x04,0x04,0x02,0x08,0x00,0x11,0x01,0x55,0x05,0x39,0x03,0x11,0x01,0x39,0x01,0x55,0x01,0x11,0x03,0x31,0x05,0xFF,0x01}, /* 涵 */
    {0x20,0x00,0xFF,0x07,0x89,0x04,0xFE,0x03,0x88,0x00,0xFE,0x03,0x88,0x00,0xFF,0x07,0x24,0x01,0x12,0x02,0xC1,0x04,0x30,0x00}, /* 寒 */
    {0xFC,0x03,0x08,0x00,0x11,0x04,0x25,0x05,0xA9,0x04,0x21,0x04,0xA9,0x04,0x25,0x05,0x21,0x04,0x61,0x04,0x01,0x04,0xFF,0x07}, /* 函 */
    {0x05,0x00,0x04,0x00,0x7F,0x07,0x44,0x05,0x74,0x05,0x45,0x05,0x75,0x05,0x56,0x05,0x56,0x07,0x75,0x05,0x4B,0x00,0x91,0x00}, /* 喊 */
    {0x00,0x00,0xFF,0x07,0x89,0x04,0x04,0x01,0x02,0x02,0xFC,0x01,0x20,0x00,0x20,0x00,0xFF,0x07,0x20,0x00,0x20,0x00,0x20,0x00}, /* 罕 */
    {0x10,0x02,0x28,0x07,0x44,0x02,0x83,0x07,0x6E,0x05,0x22,0x07,0xAA,0x05,0x66,0x07,0x66,0x02,0xAA,0x07,0x22,0x02,0x66,0x02}, /* 翰 */
    {0x05,0x02,0x7F,0x02,0x44,0x02,0x75,0x07,0x45,0x02,0x76,0x02,0x55,0x03,0x7B,0x06,0x51,0x02,0x88,0x02,0x22,0x02,0x5D,0x06}, /* 撼 */
    {0x3E,0x01,0x22,0x01,0x3E,0x01,0xA2,0x07,0x3E,0x01,0x00,0x01,0xBE,0x01,0x08,0x07,0x7F,0x01,0x08,0x01,0x08,0x01,0x08,0x03}, /* 捍 */
    {0xFE,0x03,0x02,0x02,0xFE,0x03,0x02,0x02,0xFE,0x03,0x00,0x00,0xFE,0x03,0x20,0x00,0xFF,0x07,0x20,0x00,0x20,0x00,0x20,0x00}, /* 旱 */
    {0x05,0x01,0x7F,0x01,0xC4,0x01,0x75,0x05,0x45,0x05,0x76,0x05,0x55,0x05,0x7B,0x01,0x51,0x01,0x88,0x01,0x22,0x01,0x5D,0x01}, /* 憾 */
    {0x3E,0x01,0x22,0x01,0x3E,0x01,0xA2,0x05,0x7E,0x05,0x00,0x05,0x3E,0x05,0x08,0x01,0x7F,0x01,0x08,0x01,0x08,0x01,0x08,0x01}, /* 悍 */
    {0x3E,0x01,0x22,0x01,0x7E,0x01,0xA2,0x05,0x3E,0x05,0x00,0x05,0x3E,0x05,0x08,0x01,0x7F,0x01,0x88,0x02,0x48,0x02,0x08,0x04}, /* 焊 */
    {0x00,0x04,0xFE,0x02,0x10,0x00,0x10,0x00,0x10,0x04,0x10,0x02,0xFF,0x01,0x10,0x00,0x10,0x01,0x10,0x02,0x10,0x04,0x10,0x00}, /* 汗 */
    {0x00,0x04,0xFE,0x02,0x42,0x00,0x42,0x00,0x42,0x04,0x44,0x02,0x24,0x00,0x28,0x00,0x10,0x01,0x28,0x02,0x44,0x04,0x83,0x01}, /* 汉 */
    {0x10,0x01,0x08,0x01,0x7F,0x01,0x80,0x07,0x00,0x01,0x3C,0x03,0xA4,0x03,0x24,0x05,0x24,0x01,0x25,0x01,0x45,0x01,0x83,0x01}, /* 杭 */
    {0x08,0x01,0xC4,0x03,0x7F,0x02,0x40,0x03,0xC0,0x02,0x5C,0x02,0xD4,0x07,0x54,0x02,0x54,0x03,0xD5,0x02,0x65,0x02,0xC3,0x04}, /* 航 */
    {0x10,0x02,0xFF,0x02,0x00,0x02,0x7E,0x07,0x42,0x02,0xFF,0x02,0x81,0x02,0x7E,0x02,0x30,0x03,0xDD,0x06,0x2A,0x00,0xD9,0x00}, /* 壕 */
    {0x10,0x00,0xFF,0x00,0x00,0x07,0x7E,0x05,0x42,0x05,0xFF,0x05,0x81,0x05,0x7E,0x05,0x30,0x07,0xDD,0x05,0x2A,0x00,0xD9,0x00}, /* 嚎 */
    {0x20,0x00,0xFF,0x07,0x00,0x00,0xFC,0x01,0x04,0x01,0xFF,0x07,0x01,0x04,0xFE,0x03,0xC0,0x00,0x2A,0x03,0x54,0x00,0xB3,0x03}, /* 豪 */
    {0x20,0x00,0xFF,0x07,0x00,0x00,0xFC,0x01,0x04,0x01,0xFF,0x07,0x19,0x04,0xE0,0x01,0x3C,0x00,0xE0,0x01,0x39,0x00,0xDF,0x03}, /* 毫 */
    {0x80,0x00,0x8F,0x00,0xE9,0x03,0x89,0x00,0x8A,0x00,0xFA,0x07,0x49,0x01,0x69,0x03,0x59,0x05,0x5E,0x01,0x48,0x02,0xC8,0x04}, /* 郝 */
    {0x00,0x01,0x3E,0x01,0x02,0x01,0xC4,0x07,0x48,0x02,0x48,0x02,0x7F,0x02,0x88,0x04,0x88,0x02,0x08,0x01,0x88,0x02,0x58,0x04}, /* 好 */
    {0x06,0x01,0x38,0x01,0xC8,0x07,0x0E,0x01,0xB8,0x03,0x08,0x01,0xCF,0x07,0x38,0x01,0x88,0x03,0x49,0x05,0x09,0x01,0x07,0x01}, /* 耗 */
    {0xFC,0x01,0x04,0x01,0x04,0x01,0xFC,0x01,0x00,0x00,0xFF,0x07,0x80,0x00,0x00,0x01,0xFE,0x01,0x02,0x00,0x02,0x00,0x0C,0x00}, /* 号 */
    {0x08,0x00,0x48,0x04,0x7E,0x02,0x88,0x00,0x08,0x00,0xFF,0x04,0x00,0x02,0x7E,0x00,0x42,0x01,0x42,0x02,0x7E,0x04,0x42,0x00}, /* 浩 */
    {0x00,0x00,0x7F,0x07,0x02,0x05,0x02,0x05,0x7A,0x05,0x4A,0x05,0x4A,0x05,0x4A,0x05,0x7A,0x07,0x42,0x05,0x02,0x00,0x0E,0x00}, /* 呵 */
    {0x7E,0x00,0x42,0x07,0x7E,0x05,0x42,0x05,0x7E,0x05,0x20,0x05,0x7F,0x05,0x89,0x05,0x15,0x07,0x41,0x05,0x79,0x00,0x03,0x00}, /* 喝 */
    {0x88,0x00,0xFF,0x07,0x88,0x00,0x7F,0x01,0x02,0x01,0x7A,0x02,0x4A,0x06,0x4A,0x02,0x7A,0x02,0x42,0x02,0x02,0x02,0x0E,0x02}, /* 荷 */
    {0x88,0x00,0xFF,0x07,0x88,0x00,0x00,0x04,0xFF,0x02,0x02,0x00,0xFA,0x04,0x8A,0x02,0x8A,0x00,0xFA,0x00,0x82,0x02,0x0E,0x04}, /* 菏 */
    {0x10,0x01,0x08,0x01,0x7F,0x01,0x90,0x07,0x22,0x01,0x7C,0x03,0x89,0x03,0x12,0x05,0x64,0x01,0x0C,0x01,0x12,0x01,0x61,0x01}, /* 核 */
    {0x1C,0x00,0xE0,0x01,0x20,0x00,0x20,0x00,0xFF,0x07,0x70,0x00,0xA8,0x00,0xA8,0x00,0x24,0x01,0x22,0x02,0x21,0x04,0x20,0x00}, /* 禾 */
    {0x40,0x00,0x80,0x03,0x9F,0x00,0x91,0x00,0xF1,0x07,0x91,0x00,0xD1,0x01,0xB1,0x02,0x91,0x04,0x9F,0x00,0x91,0x00,0x80,0x00}, /* 和 */
    {0x00,0x01,0x7F,0x01,0x02,0x02,0x02,0x02,0x7A,0x06,0x4A,0x02,0x4A,0x02,0x4A,0x02,0x7A,0x02,0x42,0x02,0x02,0x02,0x0E,0x02}, /* 何 */
    {0x20,0x00,0x50,0x00,0x88,0x00,0x04,0x01,0x03,0x06,0xFC,0x01,0x00,0x00,0xFE,0x03,0x02,0x02,0x02,0x02,0xFE,0x03,0x02,0x02}, /* 合 */
    {0x20,0x00,0x50,0x00,0x8C,0x01,0xFB,0x06,0x00,0x00,0xFC,0x01,0x04,0x01,0xFC,0x01,0x00,0x00,0xFE,0x03,0x52,0x02,0xFF,0x07}, /* 盒 */
    {0x10,0x01,0x1E,0x02,0x22,0x05,0xD4,0x02,0x08,0x01,0x94,0x06,0xE3,0x01,0xBE,0x06,0xA2,0x01,0xA2,0x06,0xBE,0x00,0x22,0x03}, /* 貉 */
    {0xFF,0x04,0x21,0x02,0x11,0x00,0xFD,0x05,0x41,0x04,0x91,0x04,0xE5,0x04,0x49,0x04,0x91,0x05,0x69,0x04,0x85,0x05,0x03,0x04}, /* 阂 */
    {0x00,0x00,0x7F,0x02,0x02,0x01,0x02,0x00,0x7A,0x04,0x4A,0x02,0x4A,0x00,0x4A,0x00,0x7A,0x01,0x42,0x02,0x02,0x04,0x0E,0x00}, /* 河 */
    {0xFF,0x04,0x91,0x02,0x91,0x00,0xFF,0x00,0x91,0x04,0xBD,0x02,0xA5,0x00,0xA5,0x00,0xBD,0x00,0x81,0x02,0xFF,0x04,0x81,0x00}, /* 涸 */
    {0x04,0x01,0x04,0x01,0xDF,0x07,0x04,0x01,0x04,0x01,0xDF,0x07,0x8A,0x02,0xDA,0x06,0xAB,0x02,0x8A,0x02,0x8A,0x02,0x96,0x05}, /* 赫 */
    {0x3E,0x02,0x22,0x01,0xBE,0x07,0xA2,0x00,0x3E,0x01,0x90,0x01,0x1F,0x03,0xA9,0x05,0x55,0x01,0x21,0x01,0x3D,0x01,0x06,0x01}, /* 褐 */
    {0x84,0x00,0xEF,0x07,0x29,0x05,0x8D,0x02,0xE9,0x03,0x8B,0x06,0xE8,0x03,0x8F,0x02,0xE1,0x03,0x8F,0x02,0xE1,0x03,0x06,0x02}, /* 鹤 */
    {0x00,0x01,0xEF,0x07,0x29,0x01,0x29,0x02,0xCF,0x04,0x00,0x00,0xFE,0x03,0x22,0x02,0x22,0x02,0x58,0x00,0x86,0x01,0x01,0x06}, /* 贺 */
    {0x7F,0x00,0x49,0x07,0x6B,0x05,0x49,0x05,0x7F,0x05,0x08,0x05,0x7F,0x05,0x08,0x05,0x7F,0x07,0x00,0x05,0x55,0x00,0x55,0x00}, /* 嘿 */
    {0xFE,0x03,0x22,0x02,0xAA,0x02,0x22,0x02,0xFE,0x03,0x20,0x00,0xFE,0x03,0x20,0x00,0xFF,0x07,0x00,0x00,0x92,0x02,0x49,0x04}, /* 黑 */
    {0x10,0x00,0xFF,0x01,0x00,0x01,0x7E,0x05,0x42,0x03,0x7E,0x01,0x42,0x01,0x7E,0x03,0x51,0x05,0x4A,0x01,0x64,0x02,0x43,0x04}, /* 痕 */
    {0xBE,0x00,0x22,0x01,0x22,0x02,0xBE,0x04,0x22,0x01,0x22,0x03,0x3E,0x05,0x29,0x01,0x2A,0x01,0x24,0x01,0x32,0x01,0x21,0x01}, /* 很 */
    {0xBE,0x00,0xA2,0x02,0x22,0x01,0xBE,0x02,0xA2,0x04,0xA2,0x00,0xBE,0x01,0xA9,0x02,0xAA,0x04,0xA4,0x00,0xB2,0x00,0x21,0x03}, /* 狠 */
    {0x3E,0x01,0x22,0x01,0x22,0x01,0xBE,0x05,0x62,0x05,0x22,0x05,0x3E,0x05,0x29,0x01,0x2A,0x01,0x24,0x01,0x32,0x01,0x21,0x01}, /* 恨 */
    {0x20,0x00,0xFF,0x07,0x00,0x00,0xFC,0x01,0x04,0x01,0xFC,0x01,0x00,0x00,0xFE,0x03,0x0C,0x00,0x30,0x00,0x20,0x00,0xE0,0x00}, /* 亨 */
    {0x22,0x01,0x7F,0x01,0xA2,0x07,0x7F,0x01,0x08,0x01,0xFF,0x03,0x49,0x03,0x7F,0x05,0x49,0x01,0x7F,0x01,0x22,0x01,0x41,0x01}, /* 横 */
    {0x40,0x01,0x77,0x02,0x90,0x04,0xF8,0x01,0xAF,0x02,0xFA,0x06,0xAA,0x02,0xFA,0x02,0x22,0x02,0xFA,0x02,0x52,0x02,0x8E,0x02}, /* 衡 */
    {0x00,0x01,0x7F,0x01,0x00,0x01,0xBE,0x05,0x62,0x05,0x22,0x05,0x3E,0x05,0x22,0x01,0x22,0x01,0x3E,0x01,0x00,0x01,0x7F,0x01}, /* 恒 */
    {0x40,0x00,0xFE,0x03,0xA0,0x00,0xFC,0x01,0x20,0x00,0xFF,0x07,0x20,0x00,0xDE,0x03,0x52,0x00,0x52,0x01,0x8C,0x00,0x53,0x03}, /* 轰 */
    {0x24,0x00,0x24,0x07,0x24,0x05,0x7E,0x05,0x24,0x05,0x24,0x05,0x24,0x05,0xFF,0x05,0x00,0x07,0x24,0x05,0x42,0x00,0x81,0x00}, /* 哄 */
    {0x14,0x01,0x14,0x01,0x54,0x01,0xBE,0x05,0x14,0x05,0x14,0x05,0x14,0x05,0x7F,0x01,0x00,0x01,0x94,0x02,0xA2,0x02,0x41,0x04}, /* 烘 */
    {0x00,0x01,0x3E,0x01,0x08,0x01,0xC8,0x07,0x48,0x05,0x48,0x05,0xC8,0x07,0x08,0x01,0x48,0x01,0xC8,0x01,0x08,0x06,0x7F,0x00}, /* 虹 */
    {0x08,0x00,0xDE,0x05,0x92,0x02,0x9A,0x00,0x92,0x00,0x96,0x04,0x90,0x02,0x9F,0x00,0x81,0x00,0xDD,0x02,0x81,0x05,0x06,0x00}, /* 鸿 */
    {0x24,0x02,0x24,0x01,0x24,0x00,0x7E,0x00,0x24,0x04,0x24,0x02,0x24,0x00,0xFF,0x00,0x00,0x01,0x24,0x02,0x42,0x04,0x81,0x00}, /* 洪 */
    {0x40,0x00,0x20,0x00,0xFF,0x07,0x41,0x04,0x40,0x00,0xFF,0x07,0x80,0x00,0x90,0x00,0x10,0x01,0x24,0x01,0x42,0x02,0xFF,0x04}, /* 宏 */
    {0x08,0x00,0x88,0x07,0x88,0x00,0x88,0x00,0x88,0x07,0x10,0x04,0x10,0x04,0x90,0x07,0x92,0x00,0xA1,0x00,0xBF,0x00,0x01,0x03}, /* 弘 */
    {0x00,0x01,0x3E,0x01,0x08,0x02,0x88,0x04,0x08,0x07,0x08,0x01,0x08,0x02,0x88,0x07,0x08,0x00,0x88,0x01,0x08,0x06,0x7F,0x00}, /* 红 */
    {0x20,0x00,0x2E,0x00,0x42,0x07,0x5F,0x05,0xC8,0x05,0x4F,0x05,0x54,0x05,0x44,0x05,0x5F,0x07,0x44,0x05,0x4A,0x00,0x51,0x00}, /* 喉 */
    {0x80,0x00,0xBC,0x00,0x04,0x01,0x7F,0x01,0x20,0x03,0x3E,0x05,0x48,0x01,0x08,0x01,0x7F,0x01,0x14,0x01,0x22,0x01,0x41,0x01}, /* 侯 */
    {0x20,0x01,0x2E,0x05,0x42,0x02,0x5F,0x05,0xC8,0x01,0x4F,0x01,0x54,0x03,0x44,0x05,0x5F,0x01,0x44,0x01,0x4A,0x01,0x51,0x06}, /* 猴 */
    {0x04,0x00,0x74,0x00,0x14,0x07,0x24,0x05,0x2C,0x05,0x34,0x05,0x24,0x05,0xE4,0x05,0x24,0x07,0x25,0x05,0x25,0x00,0x63,0x00}, /* 吼 */
    {0xFF,0x03,0x82,0x02,0xFE,0x02,0x82,0x02,0xFE,0x02,0x00,0x02,0xFE,0x02,0x0C,0x02,0x10,0x02,0xFF,0x03,0x10,0x02,0x30,0x04}, /* 厚 */
    {0x80,0x00,0x9E,0x00,0x42,0x01,0x7F,0x01,0x50,0x03,0x5E,0x05,0x64,0x01,0x44,0x01,0x5F,0x01,0x44,0x01,0x0A,0x01,0x31,0x01}, /* 候 */
    {0x0E,0x00,0xF0,0x01,0x00,0x01,0x00,0x01,0xFF,0x01,0x00,0x01,0x00,0x01,0x7F,0x01,0x41,0x01,0x41,0x02,0x7F,0x02,0x41,0x04}, /* 后 */
    {0x07,0x00,0x78,0x07,0x08,0x05,0x49,0x05,0x2A,0x05,0x08,0x05,0x7F,0x05,0x08,0x05,0x08,0x07,0x08,0x05,0x08,0x00,0x38,0x00}, /* 呼 */
    {0x1E,0x00,0xE0,0x03,0x20,0x00,0x22,0x02,0x24,0x01,0x20,0x00,0xFF,0x07,0x20,0x00,0x20,0x00,0x20,0x00,0x20,0x00,0xE0,0x00}, /* 乎 */
    {0x00,0x01,0xFF,0x01,0x49,0x02,0x49,0x04,0x91,0x00,0x21,0x01,0x4E,0x02,0x00,0x00,0x22,0x00,0x91,0x02,0x85,0x02,0x7C,0x04}, /* 忽 */
    {0x20,0x00,0x27,0x07,0x75,0x02,0x25,0x02,0x27,0x02,0x75,0x07,0x55,0x02,0x57,0x02,0x55,0x02,0x75,0x03,0x45,0x06,0x0B,0x00}, /* 瑚 */
    {0x20,0x00,0xFF,0x07,0x20,0x00,0xFE,0x03,0x00,0x00,0xFF,0x07,0x01,0x04,0x50,0x00,0x52,0x02,0x54,0x01,0x50,0x00,0xFF,0x07}, /* 壶 */
    {0x88,0x00,0xFF,0x07,0x88,0x00,0x00,0x01,0x1F,0x01,0xD1,0x07,0x1F,0x01,0xD1,0x07,0x5F,0x04,0x51,0x04,0xD1,0x07,0x23,0x04}, /* 葫 */
    {0x00,0x01,0x1F,0x01,0xD1,0x07,0x11,0x01,0x1F,0x01,0xD1,0x07,0x51,0x04,0x5F,0x04,0x51,0x04,0xD1,0x07,0x21,0x04,0x47,0x00}, /* 胡 */
    {0x20,0x01,0x27,0x01,0x75,0x01,0xA5,0x07,0x27,0x05,0x75,0x05,0xD5,0x07,0x57,0x01,0x55,0x01,0xF5,0x01,0x45,0x06,0x0B,0x00}, /* 蝴 */
    {0x06,0x01,0x78,0x05,0x54,0x02,0x54,0x05,0x54,0x01,0x54,0x01,0x54,0x03,0x54,0x05,0x52,0x01,0x5A,0x01,0x55,0x01,0x9C,0x06}, /* 狐 */
    {0x27,0x01,0x25,0x01,0x75,0x05,0xA7,0x03,0x25,0x01,0xF5,0x07,0x55,0x01,0xD7,0x03,0x55,0x05,0x75,0x01,0x49,0x01,0x13,0x01}, /* 糊 */
    {0x40,0x00,0x4F,0x04,0xE9,0x02,0x49,0x00,0x4F,0x00,0xE9,0x04,0xA9,0x02,0xAF,0x00,0xA9,0x00,0xE9,0x02,0x89,0x04,0x13,0x00}, /* 湖 */
    {0x06,0x00,0x78,0x07,0x54,0x01,0x54,0x01,0x54,0x07,0x54,0x04,0x54,0x04,0x54,0x07,0x52,0x01,0x5A,0x01,0x55,0x01,0x9C,0x06}, /* 弧 */
    {0x20,0x00,0x3E,0x00,0x20,0x00,0xFF,0x03,0x21,0x02,0x3C,0x02,0xE1,0x03,0x1F,0x02,0x00,0x02,0x7C,0x02,0x45,0x02,0x83,0x05}, /* 虎 */
    {0x08,0x00,0x0E,0x00,0x08,0x07,0x7F,0x05,0x49,0x05,0x4E,0x05,0x79,0x05,0x47,0x05,0x5C,0x07,0x54,0x05,0x55,0x00,0xA3,0x00}, /* 唬 */
    {0x08,0x01,0x04,0x01,0x3F,0x01,0xA1,0x07,0x21,0x01,0x21,0x01,0xBF,0x01,0x21,0x07,0x20,0x01,0x20,0x01,0x20,0x01,0x40,0x03}, /* 护 */
    {0x00,0x00,0xFF,0x07,0x00,0x01,0x00,0x01,0xFC,0x01,0x04,0x01,0x04,0x02,0x04,0x02,0xF8,0x03,0x08,0x00,0x08,0x00,0xFF,0x07}, /* 互 */
    {0x10,0x02,0x08,0x01,0x7F,0x00,0x41,0x00,0x41,0x04,0x41,0x02,0x7F,0x00,0x41,0x00,0x40,0x01,0x80,0x02,0x80,0x04,0x00,0x01}, /* 沪 */
    {0x20,0x00,0x10,0x00,0xFF,0x01,0x01,0x01,0x01,0x01,0x01,0x01,0xFF,0x01,0x01,0x01,0x00,0x01,0x00,0x02,0x00,0x02,0x00,0x04}, /* 户 */
    {0x88,0x00,0xFF,0x07,0x88,0x00,0x00,0x00,0x90,0x00,0x12,0x01,0x14,0x03,0x18,0x05,0x10,0x01,0x31,0x01,0x51,0x01,0x0F,0x01}, /* 花 */
    {0x14,0x00,0x25,0x07,0x66,0x05,0xA4,0x05,0x2D,0x05,0x35,0x05,0x23,0x05,0x08,0x05,0x7F,0x07,0x08,0x05,0x08,0x00,0x08,0x00}, /* 哗 */
    {0x90,0x00,0x92,0x00,0x14,0x01,0x18,0x03,0x71,0x05,0x11,0x01,0x0F,0x01,0x20,0x00,0xFF,0x07,0x20,0x00,0x20,0x00,0x20,0x00}, /* 华 */
    {0x7E,0x01,0x42,0x05,0x7A,0x02,0x4A,0x05,0xFF,0x01,0x81,0x01,0x7E,0x03,0x42,0x05,0x7E,0x01,0x42,0x01,0x7E,0x01,0x46,0x06}, /* 猾 */
    {0xFE,0x04,0x82,0x02,0xF2,0x00,0x92,0x00,0xFF,0x05,0x01,0x03,0xFE,0x00,0x82,0x00,0xFE,0x00,0x82,0x02,0xFE,0x04,0x86,0x00}, /* 滑 */
    {0xFF,0x07,0x00,0x00,0xFD,0x05,0x25,0x05,0x25,0x05,0xFD,0x05,0x25,0x05,0x25,0x05,0xFD,0x05,0x01,0x04,0xFF,0x07,0x01,0x00}, /* 画 */
    {0x41,0x01,0x21,0x01,0x05,0x01,0xF5,0x01,0x05,0x07,0x25,0x01,0x25,0x01,0x45,0x01,0x95,0x00,0x51,0x01,0x31,0x02,0x13,0x04}, /* 划 */
    {0x90,0x00,0x90,0x00,0x11,0x01,0x12,0x01,0x14,0x03,0x18,0x05,0x10,0x01,0x30,0x01,0x50,0x01,0x11,0x01,0x11,0x01,0x0F,0x01}, /* 化 */
    {0x07,0x02,0x78,0x01,0x08,0x00,0x08,0x00,0xFF,0x06,0x08,0x02,0x08,0x02,0x7F,0x02,0xC1,0x02,0x41,0x03,0x7F,0x02,0x41,0x00}, /* 话 */
    {0x08,0x01,0x10,0x01,0x7E,0x01,0xCA,0x07,0x7E,0x01,0x52,0x03,0xFE,0x03,0x54,0x05,0x2A,0x01,0x2E,0x01,0x49,0x01,0x87,0x01}, /* 槐 */
    {0x80,0x00,0x7F,0x01,0x41,0x02,0xC1,0x04,0x5D,0x01,0x55,0x03,0x55,0x05,0x5D,0x01,0x41,0x01,0x41,0x01,0x7F,0x01,0x41,0x01}, /* 徊 */
    {0x00,0x01,0x3F,0x01,0x04,0x01,0x84,0x05,0x48,0x05,0x0A,0x05,0x19,0x05,0x29,0x01,0x49,0x01,0x08,0x01,0x08,0x01,0x08,0x01}, /* 怀 */
    {0x28,0x02,0x24,0x01,0x7F,0x00,0x48,0x00,0xC8,0x04,0x7E,0x02,0x48,0x00,0x48,0x00,0x7E,0x01,0x48,0x02,0x48,0x04,0x7F,0x00}, /* 淮 */
    {0x00,0x01,0x3F,0x01,0x04,0x01,0x08,0x01,0x88,0x07,0x1A,0x01,0x29,0x01,0x49,0x01,0x08,0x01,0x88,0x01,0x08,0x06,0x08,0x00}, /* 坏 */
    {0x10,0x00,0xD0,0x07,0x5F,0x00,0x61,0x04,0xC2,0x02,0x88,0x02,0x08,0x01,0x08,0x01,0x94,0x02,0x94,0x02,0x22,0x04,0x41,0x00}, /* 欢 */
    {0x00,0x00,0xBF,0x07,0x04,0x01,0x08,0x01,0x08,0x01,0x9A,0x07,0x29,0x01,0x49,0x01,0x08,0x01,0x88,0x01,0x08,0x06,0x08,0x00}, /* 环 */
    {0x00,0x01,0x7F,0x01,0x00,0x01,0xBE,0x07,0x22,0x01,0x22,0x03,0xBE,0x03,0x22,0x05,0x22,0x01,0x3E,0x01,0x00,0x01,0x7F,0x01}, /* 桓 */
    {0x00,0x02,0x7F,0x01,0x04,0x00,0x08,0x00,0x1A,0x07,0x29,0x01,0x49,0x01,0x08,0x01,0x08,0x01,0x08,0x01,0x80,0x02,0x7F,0x04}, /* 还 */
    {0x03,0x01,0x7C,0x01,0x51,0x02,0xAA,0x04,0x7F,0x07,0x08,0x01,0x7F,0x02,0x10,0x07,0x3E,0x00,0x52,0x01,0x8C,0x06,0x73,0x00}, /* 缓 */
    {0x10,0x01,0x1C,0x01,0x24,0x01,0xC8,0x07,0x3E,0x01,0x2A,0x01,0xAA,0x01,0x2A,0x07,0x7F,0x01,0x14,0x01,0x22,0x01,0x41,0x03}, /* 换 */
    {0x20,0x00,0xFC,0x01,0x24,0x01,0xFC,0x01,0x20,0x00,0xFE,0x03,0x22,0x02,0xFE,0x03,0x22,0x00,0x91,0x02,0x85,0x02,0x7C,0x04}, /* 患 */
    {0x20,0x00,0x3C,0x07,0x44,0x05,0x88,0x05,0x7E,0x05,0x52,0x05,0x52,0x05,0x52,0x05,0xFF,0x07,0x28,0x05,0x44,0x00,0x83,0x00}, /* 唤 */
    {0x10,0x00,0xFF,0x01,0x20,0x01,0x3C,0x05,0x44,0x03,0xFE,0x01,0x52,0x01,0x52,0x03,0xFF,0x05,0x28,0x01,0x44,0x02,0x83,0x05}, /* 痪 */
    {0x24,0x01,0xFE,0x03,0x40,0x00,0xFF,0x07,0x04,0x01,0xFA,0x02,0x41,0x04,0xA4,0x01,0x58,0x00,0xB4,0x03,0x52,0x00,0xB0,0x03}, /* 豢 */
    {0x10,0x01,0x1C,0x01,0xA4,0x01,0x48,0x05,0x3E,0x05,0x2A,0x05,0x2A,0x05,0x2A,0x01,0x7F,0x01,0x94,0x02,0xA2,0x02,0x41,0x04}, /* 焕 */
    {0x40,0x00,0x7C,0x04,0x84,0x02,0x08,0x01,0xFE,0x00,0x92,0x04,0x92,0x02,0x92,0x00,0xFF,0x01,0x28,0x02,0x44,0x04,0x83,0x01}, /* 涣 */
    {0x20,0x00,0xFF,0x07,0x01,0x04,0xFE,0x03,0x20,0x02,0xFE,0x03,0x02,0x02,0x02,0x02,0xFE,0x03,0x20,0x02,0x20,0x02,0xFF,0x03}, /* 宦 */
    {0x00,0x01,0x3F,0x01,0x01,0x02,0x41,0x02,0x41,0x04,0x81,0x07,0x81,0x00,0x01,0x01,0x41,0x02,0xE1,0x07,0x21,0x00,0x06,0x00}, /* 幻 */
    {0x04,0x01,0xFF,0x07,0x24,0x01,0x10,0x00,0xFF,0x07,0x00,0x01,0xFE,0x01,0x00,0x00,0x24,0x01,0x24,0x01,0x25,0x02,0x23,0x04}, /* 荒 */
    {0x24,0x02,0xFF,0x02,0x24,0x02,0x10,0x03,0xFF,0x06,0x40,0x06,0x7E,0x02,0x00,0x02,0x54,0x02,0x54,0x02,0x55,0x02,0x83,0x02}, /* 慌 */
    {0x88,0x00,0xFE,0x03,0x88,0x00,0xFF,0x07,0x20,0x00,0xFE,0x03,0x22,0x02,0xFE,0x03,0x22,0x02,0xFE,0x03,0x04,0x01,0x02,0x02}, /* 黄 */
    {0x14,0x00,0xBE,0x07,0x14,0x01,0x7F,0x01,0x08,0x02,0xBE,0x03,0xAA,0x06,0xBE,0x02,0xAA,0x02,0xBE,0x03,0x94,0x02,0x22,0x00}, /* 磺 */
    {0x08,0x01,0x1F,0x01,0x11,0x01,0xDF,0x07,0x51,0x05,0x5F,0x05,0xC0,0x07,0x1F,0x01,0x44,0x01,0xDF,0x01,0x44,0x06,0x1F,0x00}, /* 蝗 */
    {0x10,0x02,0xDF,0x03,0xA8,0x04,0xFE,0x03,0x88,0x00,0xFF,0x07,0x22,0x02,0xFE,0x03,0x22,0x02,0xFE,0x03,0x04,0x01,0x02,0x02}, /* 簧 */
    {0x40,0x00,0xFE,0x03,0x02,0x02,0xFE,0x03,0x02,0x02,0xFE,0x03,0x00,0x00,0xFE,0x03,0x20,0x00,0xFC,0x01,0x20,0x00,0xFF,0x07}, /* 皇 */
    {0xFE,0x03,0x22,0x02,0xFA,0x02,0x8A,0x02,0xFA,0x02,0x8A,0x02,0xFE,0x03,0x22,0x02,0xFA,0x02,0x22,0x02,0xFB,0x02,0x01,0x04}, /* 凰 */
    {0x10,0x01,0x3E,0x01,0x22,0x01,0xBE,0x05,0x62,0x05,0x3E,0x05,0x00,0x05,0x7F,0x01,0x08,0x01,0x3E,0x01,0x08,0x01,0x7F,0x01}, /* 惶 */
    {0x10,0x01,0x3E,0x01,0x22,0x01,0x7E,0x05,0xA2,0x05,0x3E,0x05,0x00,0x05,0x7F,0x01,0x08,0x01,0xBE,0x02,0x08,0x02,0x7F,0x04}, /* 煌 */
    {0xFE,0x03,0x02,0x02,0xFE,0x03,0x02,0x02,0xFE,0x03,0x20,0x00,0x22,0x02,0x24,0x01,0xFF,0x07,0x90,0x00,0x11,0x01,0x0F,0x06}, /* 晃 */
    {0x3E,0x01,0x22,0x01,0xFE,0x07,0x62,0x05,0x7E,0x05,0x48,0x05,0x6A,0x05,0x5C,0x05,0x7F,0x05,0xD4,0x05,0x25,0x01,0x43,0x01}, /* 幌 */
    {0x08,0x01,0x08,0x01,0x49,0x01,0xAA,0x05,0x08,0x05,0x7F,0x05,0x14,0x05,0x14,0x01,0x14,0x01,0x25,0x01,0x25,0x01,0x43,0x01}, /* 恍 */
    {0x24,0x04,0xFF,0x02,0x24,0x00,0x10,0x00,0xFF,0x06,0x40,0x02,0x7E,0x02,0x00,0x02,0x54,0x02,0x54,0x03,0x55,0x02,0x83,0x00}, /* 谎 */
    {0x00,0x01,0x00,0x01,0xFF,0x07,0x00,0x01,0x10,0x01,0x52,0x01,0x52,0x01,0x54,0x01,0x90,0x02,0x28,0x02,0x44,0x04,0x83,0x01}, /* 灰 */
    {0x00,0x02,0x7F,0x02,0x41,0x02,0x08,0x07,0x7E,0x02,0x10,0x02,0x28,0x03,0x3E,0x06,0x08,0x02,0x7F,0x02,0x08,0x02,0x08,0x06}, /* 挥 */
    {0x3F,0x01,0x29,0x01,0x48,0x05,0xBF,0x03,0x08,0x01,0xD4,0x07,0x9F,0x02,0x84,0x02,0x84,0x02,0xBF,0x02,0xC4,0x02,0x84,0x04}, /* 辉 */
    {0x22,0x01,0xAA,0x02,0xFB,0x04,0x45,0x01,0x99,0x02,0xE5,0x06,0x45,0x02,0xF5,0x02,0x22,0x02,0xB2,0x02,0x2D,0x03,0x69,0x02}, /* 徽 */
    {0x20,0x01,0x20,0x01,0x7F,0x01,0xA0,0x05,0x24,0x05,0x25,0x05,0x56,0x05,0x54,0x01,0x44,0x01,0x4A,0x01,0x92,0x01,0x21,0x01}, /* 恢 */
    {0x00,0x01,0x7F,0x01,0x41,0x01,0xC1,0x07,0x5D,0x05,0x55,0x05,0xD5,0x07,0x5D,0x01,0x41,0x01,0xC1,0x01,0x7F,0x06,0x41,0x00}, /* 蛔 */
    {0x00,0x00,0xFF,0x03,0x01,0x02,0x01,0x02,0x79,0x02,0x49,0x02,0x49,0x02,0x79,0x02,0x01,0x02,0x01,0x02,0xFF,0x03,0x01,0x02}, /* 回 */
    {0x00,0x02,0xDE,0x04,0x52,0x04,0xD2,0x06,0x63,0x04,0xC0,0x07,0x1E,0x00,0xD2,0x07,0x12,0x01,0x0C,0x01,0xD2,0x01,0x21,0x07}, /* 毁 */
    {0x20,0x01,0x3F,0x01,0x40,0x01,0xBE,0x05,0x22,0x05,0x2A,0x05,0xFF,0x05,0x42,0x01,0x4A,0x01,0x7F,0x01,0x02,0x01,0x0C,0x01}, /* 悔 */
    {0x04,0x01,0xDF,0x07,0x04,0x01,0xDF,0x07,0x04,0x01,0xFF,0x07,0x02,0x00,0xFE,0x03,0x20,0x00,0x92,0x02,0x85,0x02,0x7D,0x04}, /* 慧 */
    {0x20,0x00,0x20,0x00,0xFF,0x07,0x20,0x00,0x24,0x01,0x24,0x01,0x04,0x01,0xFF,0x07,0x04,0x01,0x04,0x01,0x04,0x02,0x04,0x04}, /* 卉 */
    {0x20,0x00,0xFF,0x07,0x20,0x00,0xFC,0x01,0x24,0x01,0xFC,0x01,0x25,0x01,0xFF,0x07,0x20,0x00,0x92,0x02,0x85,0x02,0x7D,0x04}, /* 惠 */
    {0x20,0x00,0x3F,0x07,0x40,0x05,0xBE,0x05,0x22,0x05,0x2A,0x07,0xFF,0x05,0x42,0x05,0x4A,0x05,0x7F,0x07,0x02,0x05,0x0C,0x00}, /* 晦 */
    {0x08,0x00,0xC8,0x07,0x7F,0x04,0x50,0x05,0x5F,0x05,0x71,0x05,0x5F,0x05,0x51,0x05,0x5F,0x05,0x11,0x01,0x91,0x02,0x53,0x04}, /* 贿 */
    {0x88,0x00,0x49,0x07,0x49,0x01,0x7F,0x01,0x90,0x07,0x1F,0x01,0xA1,0x03,0x51,0x03,0x0A,0x05,0x04,0x01,0x18,0x01,0x60,0x01}, /* 秽 */
    {0x20,0x00,0x50,0x00,0x88,0x00,0x04,0x01,0xFB,0x06,0x00,0x00,0x00,0x00,0xFF,0x07,0x80,0x00,0x04,0x01,0xFE,0x03,0x02,0x00}, /* 会 */
    {0x08,0x01,0x14,0x01,0xA2,0x01,0x41,0x05,0x3E,0x05,0x00,0x05,0x00,0x05,0x7F,0x01,0x10,0x01,0xA2,0x02,0xBF,0x02,0x01,0x04}, /* 烩 */
    {0x00,0x04,0xFF,0x02,0x80,0x00,0x80,0x00,0x80,0x04,0x80,0x02,0x80,0x00,0x80,0x00,0x80,0x01,0x80,0x02,0x80,0x04,0xFF,0x00}, /* 汇 */
    {0x08,0x02,0x08,0x01,0x7F,0x00,0x08,0x00,0x3E,0x07,0x08,0x01,0x7F,0x01,0x09,0x01,0x49,0x01,0x8B,0x01,0x08,0x01,0x08,0x00}, /* 讳 */
    {0x20,0x02,0x3F,0x01,0x40,0x00,0xBE,0x00,0x22,0x06,0x2A,0x02,0xFF,0x02,0x42,0x02,0x4A,0x02,0x7F,0x03,0x02,0x02,0x0C,0x00}, /* 诲 */
    {0x08,0x01,0x14,0x01,0x22,0x02,0xC1,0x04,0x3E,0x07,0x00,0x01,0x00,0x02,0x7F,0x07,0x10,0x00,0x22,0x01,0x7F,0x06,0x01,0x00}, /* 绘 */
    {0x88,0x00,0xFF,0x07,0x88,0x00,0xFF,0x07,0x41,0x04,0xFE,0x03,0xA0,0x00,0xFC,0x01,0x20,0x00,0xFF,0x07,0x20,0x00,0x20,0x00}, /* 荤 */
    {0x0E,0x00,0xF0,0x03,0x10,0x02,0xFF,0x03,0x08,0x02,0x85,0x02,0x03,0x03,0xFE,0x01,0x02,0x01,0xFE,0x01,0x02,0x01,0xFE,0x01}, /* 昏 */
    {0x02,0x01,0x3C,0x01,0x24,0x01,0xBE,0x07,0xA5,0x02,0xBB,0x02,0x81,0x02,0xBE,0x04,0xA2,0x02,0x3E,0x01,0xA2,0x02,0xBE,0x04}, /* 婚 */
    {0x10,0x00,0x7E,0x07,0x4A,0x00,0x7E,0x00,0x52,0x07,0x7E,0x02,0x14,0x02,0x24,0x04,0x3A,0x05,0x5E,0x07,0x51,0x01,0x8F,0x00}, /* 魂 */
    {0xFF,0x04,0x91,0x02,0x10,0x00,0xFF,0x00,0x20,0x04,0x48,0x02,0x7E,0x00,0x08,0x00,0x08,0x01,0xFF,0x02,0x08,0x04,0x08,0x00}, /* 浑 */
    {0x7E,0x02,0x42,0x01,0x7E,0x00,0x42,0x00,0x7E,0x04,0x00,0x02,0x44,0x00,0x45,0x00,0x76,0x01,0x44,0x02,0x55,0x04,0x63,0x00}, /* 混 */
    {0x8A,0x00,0xF1,0x07,0x90,0x04,0xE4,0x03,0x8A,0x00,0xF1,0x03,0x80,0x00,0xFE,0x07,0x8A,0x00,0xEA,0x03,0x2E,0x02,0xEA,0x03}, /* 豁 */
    {0x0E,0x00,0xF0,0x04,0x10,0x02,0x10,0x00,0xFF,0x01,0x10,0x04,0x10,0x02,0xFE,0x00,0x82,0x01,0x82,0x02,0xFE,0x04,0x82,0x00}, /* 活 */
    {0x88,0x00,0x88,0x00,0x29,0x01,0x29,0x01,0x2A,0x03,0x48,0x05,0x08,0x01,0x14,0x01,0x14,0x01,0x22,0x01,0x22,0x01,0x41,0x01}, /* 伙 */
    {0x20,0x00,0x20,0x00,0x22,0x01,0x22,0x01,0x24,0x01,0x20,0x02,0x50,0x00,0x50,0x00,0x88,0x00,0x88,0x00,0x04,0x01,0x03,0x06}, /* 火 */
    {0x04,0x01,0xFF,0x07,0x04,0x01,0x42,0x04,0x89,0x02,0x08,0x01,0xFF,0x06,0x88,0x00,0x94,0x01,0x94,0x06,0xA2,0x00,0x41,0x03}, /* 获 */
    {0x14,0x00,0x12,0x00,0xFF,0x07,0x10,0x00,0xD2,0x03,0x52,0x02,0x54,0x02,0xD4,0x03,0x09,0x00,0xD5,0x00,0x23,0x07,0x41,0x00}, /* 或 */
    {0x12,0x00,0xFF,0x07,0x10,0x00,0xD2,0x03,0x52,0x02,0xD4,0x03,0x09,0x00,0xD5,0x00,0x23,0x07,0x40,0x00,0xAA,0x02,0x79,0x04}, /* 惑 */
    {0xFE,0x03,0x20,0x00,0xFF,0x07,0x25,0x05,0x90,0x00,0xFF,0x01,0x10,0x03,0xFE,0x05,0x10,0x01,0xFE,0x01,0x10,0x01,0xFF,0x01}, /* 霍 */
    {0x92,0x00,0x14,0x01,0x18,0x03,0x11,0x05,0x6F,0x01,0x00,0x01,0xFE,0x03,0x22,0x02,0x22,0x02,0x58,0x00,0x86,0x01,0x01,0x06}, /* 货 */
    {0x3E,0x02,0x22,0x01,0xA2,0x07,0xBE,0x00,0x08,0x01,0x7F,0x01,0xC9,0x03,0x49,0x05,0x55,0x01,0x63,0x01,0x41,0x01,0x43,0x01}, /* 祸 */
    {0x20,0x00,0x20,0x00,0xFE,0x03,0x20,0x00,0x20,0x00,0xFF,0x07,0x20,0x00,0x22,0x02,0x22,0x02,0x22,0x02,0xFE,0x03,0x02,0x00}, /* 击 */
    {0x00,0x01,0x7E,0x01,0x22,0x01,0xA2,0x07,0x24,0x01,0x27,0x01,0x21,0x01,0x31,0x01,0xAA,0x01,0x44,0x06,0x4A,0x00,0x91,0x00}, /* 圾 */
    {0x04,0x01,0xFF,0x07,0x04,0x01,0xFC,0x01,0x04,0x01,0xFC,0x01,0x04,0x01,0xFF,0x07,0x22,0x02,0xFD,0x05,0x20,0x00,0xFF,0x07}, /* 基 */
    {0x00,0x01,0x3C,0x01,0x24,0x01,0xA4,0x07,0x24,0x01,0xA4,0x03,0x64,0x03,0x24,0x05,0x24,0x01,0x25,0x01,0x45,0x01,0x83,0x01}, /* 机 */
    {0x04,0x00,0xDF,0x07,0x4A,0x05,0x51,0x05,0x7F,0x05,0xC1,0x07,0x5D,0x05,0x55,0x05,0x55,0x05,0xDD,0x07,0x51,0x04,0x03,0x00}, /* 畸 */
    {0x94,0x00,0x7E,0x07,0x29,0x01,0x47,0x01,0xBC,0x07,0x21,0x01,0x9F,0x03,0x7E,0x03,0x22,0x05,0x3E,0x01,0x22,0x01,0x3E,0x01}, /* 稽 */
    {0x80,0x00,0x3E,0x07,0x22,0x01,0x22,0x01,0xA2,0x07,0x22,0x01,0x22,0x03,0xBE,0x03,0x00,0x05,0x14,0x01,0x22,0x01,0x41,0x01}, /* 积 */
    {0x10,0x02,0xDF,0x03,0x24,0x05,0xFF,0x07,0x04,0x01,0xFC,0x01,0x04,0x01,0xFC,0x01,0x04,0x01,0xFF,0x07,0x04,0x01,0x02,0x02}, /* 箕 */
    {0x00,0x00,0xDC,0x03,0x54,0x02,0x54,0x02,0xD4,0x03,0x54,0x02,0x54,0x02,0xD4,0x03,0x54,0x02,0x55,0x02,0x65,0x02,0xC3,0x04}, /* 肌 */
    {0x00,0x02,0x3C,0x02,0xA4,0x03,0xA4,0x04,0x24,0x01,0x24,0x02,0x24,0x02,0x24,0x02,0xA4,0x02,0x25,0x03,0x45,0x02,0x83,0x00}, /* 饥 */
    {0x10,0x04,0x08,0x02,0xFF,0x00,0x24,0x00,0x24,0x06,0xA6,0x02,0xA5,0x02,0x25,0x03,0x44,0x02,0x8C,0x02,0x00,0x02,0xFF,0x05}, /* 迹 */
    {0x44,0x00,0xE4,0x04,0xA8,0x02,0xEF,0x00,0xB2,0x00,0xEA,0x04,0x4A,0x02,0xEA,0x01,0x84,0x00,0xE4,0x02,0xAA,0x04,0x71,0x01}, /* 激 */
    {0x00,0x02,0x7C,0x01,0x44,0x00,0x44,0x00,0x44,0x06,0x44,0x02,0x44,0x02,0x44,0x02,0x44,0x02,0x45,0x03,0x85,0x02,0x03,0x01}, /* 讥 */
    {0x10,0x00,0xBE,0x07,0xA2,0x00,0xAA,0x04,0xA6,0x02,0xA0,0x02,0x3F,0x01,0x01,0x01,0x81,0x02,0xFD,0x02,0x81,0x04,0x06,0x00}, /* 鸡 */
    {0x00,0x01,0x3F,0x01,0x24,0x01,0xA4,0x07,0xAF,0x02,0xA9,0x02,0xA9,0x02,0xA9,0x04,0xAF,0x02,0x24,0x01,0xA4,0x02,0xBF,0x04}, /* 姬 */
    {0x08,0x01,0x7F,0x01,0x08,0x02,0xBE,0x04,0x08,0x07,0x7F,0x01,0x00,0x02,0x7F,0x07,0x49,0x00,0x49,0x01,0x16,0x06,0x61,0x00}, /* 绩 */
    {0x3E,0x01,0x22,0x01,0x3E,0x02,0x80,0x04,0x7F,0x07,0x22,0x01,0x3E,0x02,0xA2,0x07,0x3E,0x00,0xA3,0x01,0x7E,0x06,0x02,0x00}, /* 缉 */
    {0x20,0x00,0x20,0x00,0xFF,0x07,0x20,0x00,0x20,0x00,0xFE,0x03,0x00,0x00,0xFE,0x03,0x02,0x02,0x02,0x02,0xFE,0x03,0x02,0x02}, /* 吉 */
    {0x00,0x01,0x7E,0x01,0x22,0x01,0xA2,0x07,0x24,0x01,0x27,0x03,0xA1,0x03,0x31,0x05,0x2A,0x01,0x44,0x01,0x4A,0x01,0x91,0x01}, /* 极 */
    {0x04,0x01,0x04,0x01,0xDF,0x07,0x04,0x01,0xDF,0x07,0x55,0x05,0xD7,0x05,0x04,0x01,0x8E,0x03,0x55,0x05,0x04,0x01,0x04,0x01}, /* 棘 */
    {0x3E,0x01,0x22,0x01,0xBE,0x07,0x00,0x02,0x7F,0x03,0x22,0x05,0xBE,0x07,0x22,0x01,0xBE,0x01,0x23,0x07,0x7E,0x01,0x02,0x01}, /* 辑 */
    {0xDF,0x03,0xA2,0x04,0x14,0x01,0xBE,0x07,0x14,0x01,0xBF,0x03,0x00,0x01,0xBE,0x07,0x22,0x01,0xBE,0x03,0x62,0x05,0x3E,0x01}, /* 籍 */
    {0x90,0x00,0xFF,0x01,0x10,0x03,0xFE,0x05,0x10,0x01,0xFE,0x01,0x10,0x01,0xFF,0x01,0x20,0x00,0xFF,0x07,0x24,0x01,0x23,0x06}, /* 集 */
    {0x00,0x00,0xFE,0x03,0x82,0x00,0x84,0x00,0x88,0x00,0xCF,0x00,0x41,0x01,0x22,0x01,0x14,0x01,0x08,0x02,0x34,0x02,0xC3,0x04}, /* 及 */
    {0x00,0x01,0xF8,0x01,0x08,0x02,0xFE,0x05,0x02,0x00,0xFE,0x01,0x02,0x00,0xFE,0x03,0x20,0x00,0x92,0x02,0x85,0x02,0x7D,0x04}, /* 急 */
    {0x20,0x00,0x10,0x00,0xFF,0x01,0x00,0x05,0x20,0x03,0x3E,0x01,0x48,0x01,0x08,0x03,0x7F,0x05,0x14,0x01,0x22,0x02,0x41,0x04}, /* 疾 */
    {0x00,0x00,0xFC,0x04,0x44,0x02,0x44,0x00,0x48,0x00,0x4E,0x04,0x42,0x02,0x62,0x00,0x54,0x00,0x88,0x02,0x94,0x04,0x23,0x01}, /* 汲 */
    {0x00,0x00,0xEF,0x03,0x29,0x02,0xE9,0x03,0x29,0x02,0xE9,0x03,0x09,0x02,0x89,0x02,0x49,0x02,0xAB,0x02,0x28,0x03,0x08,0x02}, /* 即 */
    {0x08,0x01,0x04,0x01,0x3F,0x01,0xA8,0x07,0xE8,0x02,0xAF,0x02,0xB4,0x02,0xE4,0x04,0xBF,0x02,0x24,0x01,0xCA,0x02,0x91,0x04}, /* 嫉 */
    {0x00,0x01,0x7E,0x01,0x22,0x02,0xA2,0x04,0x24,0x07,0x27,0x01,0x21,0x02,0xB1,0x07,0x2A,0x00,0xC4,0x01,0x4A,0x06,0x91,0x00}, /* 级 */
    {0x08,0x01,0x04,0x01,0x3F,0x01,0x92,0x07,0x0C,0x01,0x12,0x01,0xA1,0x01,0x12,0x07,0x12,0x01,0x12,0x01,0x12,0x01,0x22,0x03}, /* 挤 */
    {0x00,0x00,0xF8,0x01,0x08,0x01,0x08,0x01,0x08,0x01,0x08,0x01,0x08,0x01,0x08,0x01,0x08,0x01,0x09,0x01,0x09,0x02,0x07,0x04}, /* 几 */
    {0x22,0x02,0x24,0x01,0x52,0x02,0x89,0x04,0x04,0x01,0xFE,0x03,0x05,0x05,0xFC,0x01,0x04,0x01,0xFC,0x01,0x04,0x01,0x0C,0x01}, /* 脊 */
    {0x00,0x00,0xFE,0x03,0x02,0x00,0x02,0x00,0x02,0x00,0xFE,0x03,0x00,0x02,0x00,0x02,0x01,0x02,0x01,0x02,0x01,0x02,0xFF,0x01}, /* 己 */
    {0x08,0x01,0x08,0x01,0x7F,0x01,0x88,0x07,0x08,0x01,0x7E,0x01,0xA2,0x01,0x22,0x07,0x14,0x01,0x08,0x01,0x14,0x01,0x63,0x03}, /* 技 */
    {0x92,0x00,0x9C,0x07,0x91,0x00,0x8F,0x07,0xFC,0x01,0x24,0x01,0xFC,0x01,0x24,0x01,0xFE,0x03,0x88,0x00,0xFF,0x07,0x04,0x01}, /* 冀 */
    {0x1C,0x00,0xE0,0x01,0x20,0x00,0xFF,0x07,0xA8,0x00,0x24,0x01,0xFB,0x06,0x10,0x00,0x20,0x00,0xFF,0x07,0x20,0x00,0xE0,0x00}, /* 季 */
    {0x10,0x01,0xDF,0x03,0x51,0x05,0x8A,0x02,0x04,0x01,0xFA,0x02,0x01,0x04,0xFE,0x03,0x20,0x00,0x24,0x01,0x22,0x02,0x61,0x04}, /* 祭 */
    {0x01,0x01,0x81,0x00,0xF5,0x07,0x25,0x00,0x45,0x03,0xC5,0x00,0x25,0x01,0x15,0x06,0x25,0x01,0x21,0x01,0x21,0x01,0x23,0x02}, /* 剂 */
    {0x10,0x00,0x08,0x04,0xFF,0x02,0x24,0x00,0x18,0x00,0x24,0x04,0xC3,0x02,0x24,0x00,0x24,0x00,0x24,0x02,0x44,0x04,0x84,0x00}, /* 济 */
    {0x20,0x00,0xFF,0x07,0x21,0x04,0xFE,0x03,0x88,0x00,0x04,0x01,0xFF,0x07,0x04,0x00,0xE4,0x03,0x24,0x02,0xE4,0x03,0x0C,0x00}, /* 寄 */
    {0x20,0x00,0xFF,0x07,0x01,0x04,0x00,0x01,0xDE,0x01,0x12,0x01,0xD2,0x07,0x12,0x01,0x94,0x03,0x48,0x05,0x14,0x01,0x23,0x03}, /* 寂 */
    {0x08,0x02,0x08,0x01,0x08,0x00,0x08,0x00,0x08,0x07,0x7F,0x01,0x08,0x01,0x08,0x01,0x48,0x01,0x88,0x01,0x08,0x01,0x08,0x00}, /* 计 */
    {0x00,0x02,0x3E,0x01,0x02,0x00,0x02,0x00,0x02,0x07,0x3E,0x01,0x20,0x01,0x20,0x01,0x60,0x01,0xA1,0x01,0x21,0x01,0x1F,0x00}, /* 记 */
    {0x00,0x00,0xBE,0x07,0x88,0x04,0xA8,0x07,0xA8,0x04,0xBF,0x07,0x08,0x04,0x08,0x05,0x94,0x04,0x54,0x05,0x25,0x06,0x43,0x04}, /* 既 */
    {0x00,0x00,0xFE,0x03,0x02,0x00,0x02,0x00,0xFE,0x03,0x00,0x02,0x01,0x02,0xFF,0x01,0x20,0x00,0x92,0x02,0x85,0x02,0x7D,0x04}, /* 忌 */
    {0x00,0x00,0xBE,0x07,0x80,0x04,0x80,0x04,0x7F,0x05,0x08,0x05,0x88,0x04,0xAA,0x04,0xA9,0x04,0x49,0x07,0x08,0x04,0x18,0x04}, /* 际 */
    {0x08,0x01,0x08,0x01,0x3F,0x01,0x88,0x07,0x88,0x02,0xFE,0x02,0xA2,0x02,0xA2,0x04,0x94,0x02,0x08,0x01,0x94,0x02,0x63,0x04}, /* 妓 */
    {0x04,0x01,0x24,0x01,0x35,0x02,0xAE,0x04,0x24,0x07,0x3F,0x01,0x24,0x02,0xAE,0x07,0x35,0x00,0xA4,0x01,0x24,0x06,0x3F,0x00}, /* 继 */
    {0x00,0x01,0x3E,0x01,0x02,0x02,0x82,0x04,0x02,0x07,0x3E,0x01,0x20,0x02,0xA0,0x07,0x20,0x00,0xA1,0x01,0x21,0x06,0x1F,0x00}, /* 纪 */
    {0x20,0x00,0xFF,0x07,0x20,0x00,0xFE,0x03,0x04,0x01,0xFC,0x01,0x88,0x00,0xFF,0x07,0x00,0x01,0xEF,0x07,0x29,0x01,0x6F,0x06}, /* 嘉 */
    {0x40,0x02,0x40,0x02,0x47,0x02,0xF5,0x07,0x55,0x02,0x55,0x02,0x55,0x07,0x55,0x06,0x55,0x02,0x55,0x02,0x97,0x02,0x35,0x03}, /* 枷 */
    {0x20,0x00,0x20,0x00,0xFE,0x03,0x20,0x00,0x24,0x01,0xA8,0x00,0x20,0x00,0xFF,0x07,0x50,0x00,0x88,0x00,0x04,0x01,0x03,0x06}, /* 夹 */
    {0x88,0x00,0x88,0x00,0x3E,0x01,0x08,0x01,0x08,0x03,0x7F,0x05,0x00,0x01,0x08,0x01,0x3E,0x01,0x08,0x01,0x08,0x01,0x7F,0x01}, /* 佳 */
    {0x20,0x00,0xFF,0x07,0x01,0x04,0xFE,0x03,0x40,0x00,0xA2,0x00,0x54,0x03,0x98,0x00,0x34,0x03,0xD3,0x00,0x10,0x07,0x60,0x00}, /* 家 */
    {0x00,0x01,0x00,0x01,0x0F,0x01,0xE9,0x07,0x29,0x01,0x29,0x01,0x29,0x01,0x29,0x01,0x29,0x01,0x29,0x02,0x2F,0x02,0xC9,0x04}, /* 加 */
    {0x88,0x00,0xFF,0x07,0x88,0x00,0x20,0x00,0xFE,0x03,0x20,0x00,0x24,0x01,0xA8,0x00,0xFF,0x07,0x50,0x00,0x8C,0x01,0x03,0x06}, /* 荚 */
    {0x00,0x01,0x1F,0x01,0xC4,0x07,0x08,0x01,0x5F,0x05,0x91,0x03,0x15,0x01,0xD5,0x07,0x15,0x01,0x84,0x02,0x4A,0x02,0x11,0x04}, /* 颊 */
    {0xFF,0x07,0x88,0x00,0xFF,0x07,0x89,0x04,0xFF,0x07,0x00,0x00,0xFE,0x03,0x22,0x02,0x22,0x02,0x58,0x00,0x86,0x01,0x01,0x06}, /* 贾 */
    {0xFE,0x03,0x22,0x02,0x22,0x02,0xFE,0x03,0x22,0x02,0x22,0x02,0x22,0x02,0xFE,0x03,0x22,0x02,0x20,0x00,0x20,0x00,0x20,0x00}, /* 甲 */
    {0x00,0x02,0x7F,0x03,0x49,0x04,0x49,0x00,0x7F,0x07,0x49,0x02,0x49,0x02,0x7F,0x07,0x49,0x02,0x08,0x02,0x08,0x03,0x08,0x02}, /* 钾 */
    {0x00,0x01,0xEF,0x01,0xA1,0x02,0xA1,0x02,0xEF,0x06,0x80,0x02,0xEF,0x02,0x89,0x02,0xE9,0x02,0x86,0x02,0x8A,0x02,0x91,0x02}, /* 假 */
    {0x88,0x00,0x7F,0x07,0x41,0x01,0x3E,0x01,0x90,0x07,0x29,0x01,0x56,0x03,0xAC,0x03,0x56,0x05,0x25,0x01,0x44,0x01,0x18,0x01}, /* 稼 */
    {0x88,0x00,0x88,0x00,0x14,0x01,0x22,0x01,0x41,0x03,0x22,0x05,0x22,0x01,0x22,0x01,0x22,0x01,0x22,0x01,0x22,0x01,0x42,0x01}, /* 价 */
    {0x00,0x01,0xEF,0x07,0x29,0x01,0x29,0x01,0x29,0x02,0xCF,0x04,0x20,0x00,0xFF,0x07,0xA8,0x00,0x24,0x01,0x23,0x06,0x20,0x00}, /* 架 */
    {0x00,0x01,0xEF,0x07,0x29,0x01,0x29,0x02,0xCF,0x04,0x00,0x00,0xFC,0x03,0x04,0x01,0xFF,0x01,0x01,0x00,0xF1,0x07,0x06,0x00}, /* 驾 */
    {0x08,0x01,0x7F,0x01,0x41,0x01,0xBE,0x07,0x90,0x02,0xA9,0x02,0xCE,0x02,0x94,0x04,0xAE,0x02,0x15,0x01,0xA4,0x02,0x98,0x04}, /* 嫁 */
    {0x03,0x00,0xDC,0x07,0x04,0x01,0x04,0x01,0xC4,0x01,0x7F,0x02,0x44,0x02,0x44,0x05,0x84,0x00,0x04,0x01,0x04,0x02,0x04,0x04}, /* 歼 */
    {0x48,0x00,0x48,0x02,0x4F,0x02,0x50,0x02,0x64,0x02,0x42,0x00,0x00,0x00,0xFE,0x03,0x52,0x02,0x52,0x02,0x52,0x02,0xFF,0x07}, /* 监 */
    {0x80,0x00,0xBE,0x04,0xA2,0x04,0x94,0x04,0x88,0x04,0x94,0x04,0xA3,0x00,0x20,0x00,0xFE,0x03,0x20,0x00,0x20,0x00,0xFF,0x07}, /* 坚 */
    {0x20,0x00,0x24,0x01,0x22,0x01,0x21,0x02,0x21,0x04,0x00,0x00,0x20,0x00,0xFF,0x07,0x50,0x00,0x88,0x00,0x04,0x01,0x03,0x06}, /* 尖 */
    {0x08,0x02,0xCF,0x03,0x14,0x05,0x92,0x00,0x48,0x00,0x7E,0x00,0xC0,0x03,0x5F,0x00,0xE4,0x07,0x28,0x00,0x31,0x00,0xCF,0x03}, /* 笺 */
    {0x7F,0x02,0x01,0x01,0x01,0x00,0xFD,0x02,0x85,0x02,0x85,0x02,0xFD,0x02,0x85,0x02,0x85,0x02,0xFD,0x02,0x01,0x02,0x07,0x02}, /* 间 */
    {0x88,0x00,0xFF,0x07,0x00,0x00,0xE2,0x03,0x2A,0x02,0xEA,0x03,0x2A,0x02,0xEA,0x03,0x2A,0x02,0x66,0x02,0x00,0x00,0x52,0x02}, /* 煎 */
    {0x04,0x01,0x88,0x00,0xFF,0x07,0x50,0x00,0xFE,0x03,0x52,0x00,0xFF,0x07,0x52,0x00,0xFE,0x03,0x54,0x01,0x52,0x02,0x51,0x04}, /* 兼 */
    {0x10,0x00,0xFF,0x03,0x01,0x02,0xFF,0x03,0x00,0x02,0xFF,0x02,0x81,0x02,0xFF,0x02,0x81,0x02,0xFF,0x02,0x81,0x02,0x83,0x04}, /* 肩 */
    {0x3E,0x00,0xA2,0x07,0xA2,0x00,0xBE,0x04,0xA2,0x02,0xA2,0x02,0x3E,0x01,0x29,0x01,0xAA,0x02,0xA4,0x02,0xB2,0x04,0x21,0x00}, /* 艰 */
    {0x00,0x01,0x3E,0x01,0x08,0x01,0x88,0x07,0x88,0x02,0x88,0x02,0xFF,0x02,0x88,0x04,0x88,0x02,0x08,0x01,0x88,0x02,0x88,0x04}, /* 奸 */
    {0x88,0x00,0xFF,0x07,0x88,0x00,0x20,0x00,0xFE,0x03,0x22,0x02,0x22,0x02,0xFE,0x03,0x20,0x00,0x22,0x00,0xFF,0x07,0x01,0x00}, /* 茧 */
    {0x08,0x01,0x08,0x01,0x14,0x01,0xA2,0x07,0x41,0x01,0x3E,0x03,0x80,0x03,0x12,0x05,0x4A,0x01,0x2A,0x01,0x24,0x01,0x7F,0x01}, /* 检 */
    {0x20,0x00,0xFF,0x07,0x20,0x00,0xFE,0x03,0x22,0x02,0xAA,0x02,0x72,0x02,0xFE,0x03,0xA8,0x00,0x24,0x01,0x23,0x06,0x20,0x00}, /* 柬 */
    {0x05,0x00,0x04,0x07,0x7F,0x02,0x44,0x02,0x74,0x04,0x45,0x07,0x75,0x05,0x56,0x05,0x56,0x05,0x75,0x07,0x4B,0x05,0x91,0x00}, /* 碱 */
    {0x08,0x01,0x08,0x01,0x7F,0x01,0x90,0x07,0x78,0x01,0x28,0x01,0xBF,0x01,0x08,0x07,0x2A,0x01,0x29,0x01,0x49,0x01,0x18,0x03}, /* 拣 */
    {0x08,0x01,0x08,0x01,0x14,0x01,0xA2,0x07,0x41,0x01,0x3E,0x01,0x80,0x01,0x12,0x07,0x4A,0x01,0x2A,0x01,0x24,0x01,0x7F,0x03}, /* 捡 */
    {0x10,0x02,0xDF,0x03,0xA4,0x04,0x7E,0x02,0x02,0x01,0xFA,0x00,0x8A,0x02,0xFA,0x02,0x8A,0x02,0xFA,0x02,0x02,0x02,0x0E,0x02}, /* 简 */
    {0x88,0x00,0x88,0x00,0x14,0x01,0x22,0x01,0x41,0x03,0x3E,0x05,0x00,0x01,0x12,0x01,0x4A,0x01,0x2A,0x01,0x24,0x01,0x7F,0x01}, /* 俭 */
    {0x88,0x00,0xFF,0x07,0x22,0x02,0xEA,0x03,0x2A,0x02,0xEA,0x03,0x22,0x02,0x66,0x02,0x00,0x00,0xFE,0x03,0x82,0x00,0x0C,0x07}, /* 剪 */
    {0x05,0x00,0x04,0x00,0xFF,0x05,0x04,0x03,0x74,0x01,0x05,0x01,0x75,0x01,0x56,0x01,0x56,0x03,0x75,0x05,0x0B,0x01,0x11,0x02}, /* 减 */
    {0x04,0x01,0xFF,0x07,0x04,0x01,0x40,0x00,0xFF,0x07,0x80,0x00,0x3E,0x01,0x04,0x03,0x08,0x05,0x7F,0x01,0x08,0x01,0x18,0x01}, /* 荐 */
    {0x14,0x01,0x54,0x01,0x57,0x01,0xD8,0x07,0x52,0x01,0x11,0x03,0x80,0x03,0x7F,0x05,0x55,0x01,0x55,0x01,0x55,0x01,0xFF,0x01}, /* 槛 */
    {0x90,0x00,0x9F,0x02,0xA4,0x02,0xD2,0x02,0x8C,0x01,0x03,0x06,0xFC,0x01,0x20,0x00,0xFE,0x03,0x24,0x01,0xA8,0x00,0xFF,0x07}, /* 鉴 */
    {0x0A,0x00,0x89,0x07,0x8F,0x04,0xB8,0x04,0x88,0x07,0x0F,0x01,0x38,0x01,0x8A,0x05,0x0C,0x05,0x09,0x05,0x95,0x05,0x63,0x06}, /* 践 */
    {0x0A,0x00,0xC9,0x07,0x4F,0x04,0x78,0x05,0x48,0x05,0x4F,0x05,0x78,0x05,0x4A,0x05,0x4C,0x05,0x09,0x01,0x95,0x02,0x63,0x04}, /* 贱 */
    {0x00,0x00,0xFE,0x03,0x02,0x02,0x22,0x02,0x22,0x02,0x22,0x02,0x22,0x02,0x52,0x02,0x50,0x00,0x91,0x00,0x11,0x01,0x0F,0x06}, /* 见 */
    {0x08,0x02,0x1E,0x03,0xCA,0x04,0x7F,0x00,0x4A,0x07,0x9E,0x02,0xC8,0x02,0x7E,0x07,0x48,0x02,0xFF,0x02,0x48,0x03,0xBF,0x02}, /* 键 */
    {0x10,0x02,0xDF,0x03,0xA4,0x04,0x00,0x01,0x88,0x00,0xFF,0x07,0x22,0x02,0xEA,0x03,0x2A,0x02,0xEA,0x03,0x22,0x02,0x66,0x02}, /* 箭 */
    {0x08,0x01,0x48,0x01,0x48,0x02,0x7F,0x02,0x88,0x06,0x08,0x02,0x08,0x02,0xFF,0x02,0x08,0x02,0x08,0x02,0x08,0x02,0x08,0x02}, /* 件 */
    {0x08,0x01,0x1E,0x01,0xCA,0x02,0x7F,0x02,0x4A,0x06,0x9E,0x02,0xC8,0x02,0x7E,0x02,0x48,0x02,0xFF,0x02,0x48,0x02,0xBF,0x02}, /* 健 */
    {0x00,0x01,0xDF,0x03,0x51,0x02,0x55,0x03,0xD5,0x02,0x55,0x02,0xD5,0x07,0x55,0x02,0x48,0x03,0xCC,0x02,0x55,0x02,0xE3,0x04}, /* 舰 */
    {0x41,0x00,0x41,0x00,0xA5,0x00,0x15,0x01,0x0D,0x02,0xF5,0x05,0x85,0x00,0x55,0x02,0x55,0x01,0x21,0x01,0x71,0x00,0x83,0x07}, /* 剑 */
    {0x14,0x02,0x12,0x02,0x97,0x03,0xF8,0x04,0x10,0x01,0x17,0x02,0xF8,0x02,0x12,0x02,0x0C,0x02,0x89,0x02,0x35,0x03,0xC3,0x02}, /* 饯 */
    {0x41,0x00,0x4E,0x04,0xE8,0x03,0x88,0x00,0x4F,0x01,0xEA,0x05,0x4A,0x02,0x6A,0x00,0xCA,0x01,0x4A,0x02,0x4A,0x04,0x52,0x00}, /* 渐 */
    {0x05,0x00,0xF4,0x05,0x17,0x03,0x5C,0x01,0x57,0x01,0x5C,0x05,0x55,0x03,0x55,0x01,0x56,0x01,0x45,0x02,0xAB,0x04,0x11,0x01}, /* 溅 */
    {0x80,0x00,0x5F,0x04,0x01,0x02,0xBD,0x00,0xA5,0x00,0xA5,0x04,0xBD,0x02,0xA5,0x00,0xA5,0x00,0xBD,0x02,0x81,0x04,0x87,0x00}, /* 涧 */
    {0x10,0x00,0x7E,0x07,0x12,0x01,0xFF,0x02,0x12,0x04,0x7E,0x07,0x10,0x01,0x7E,0x01,0x10,0x05,0xFF,0x02,0x10,0x03,0xFF,0x04}, /* 建 */
    {0x00,0x01,0xFF,0x01,0x52,0x02,0x7E,0x02,0x52,0x06,0x7E,0x02,0x00,0x02,0xFF,0x02,0x52,0x02,0x7E,0x02,0x52,0x02,0xFF,0x02}, /* 僵 */
    {0x04,0x01,0x88,0x00,0xFE,0x03,0x20,0x00,0xFE,0x03,0x20,0x00,0xFF,0x07,0x40,0x00,0xFF,0x07,0x88,0x01,0x70,0x00,0x8E,0x07}, /* 姜 */
    {0x10,0x01,0x1E,0x01,0x22,0x05,0x54,0x03,0x08,0x01,0x32,0x01,0xFF,0x01,0x02,0x03,0x22,0x05,0x12,0x01,0x02,0x01,0x0E,0x01}, /* 将 */
    {0x88,0x00,0x8F,0x04,0x91,0x02,0xAA,0x00,0x84,0x02,0xB8,0x04,0x22,0x00,0xB4,0x07,0xA8,0x00,0x24,0x01,0x23,0x06,0x60,0x00}, /* 浆 */
    {0x00,0x00,0xFE,0x04,0x10,0x02,0x10,0x00,0x10,0x00,0x10,0x04,0x10,0x02,0x10,0x00,0x10,0x01,0x10,0x02,0x10,0x04,0xFF,0x01}, /* 江 */
    {0x00,0x00,0xFF,0x07,0xAA,0x00,0xBE,0x07,0x2A,0x04,0xBE,0x07,0x80,0x02,0xFF,0x07,0xAA,0x02,0xBE,0x07,0xAA,0x00,0x7F,0x03}, /* 疆 */
    {0x88,0x00,0xFF,0x07,0x88,0x00,0x20,0x01,0x7E,0x05,0xA4,0x03,0x18,0x01,0x64,0x01,0xFF,0x03,0x44,0x05,0x24,0x01,0x0C,0x01}, /* 蒋 */
    {0x88,0x00,0x8F,0x04,0x91,0x02,0xAA,0x00,0x84,0x02,0x98,0x04,0x20,0x00,0xFF,0x07,0xA8,0x00,0x24,0x01,0x23,0x06,0x20,0x00}, /* 桨 */
    {0x88,0x00,0x8F,0x04,0x91,0x02,0xAA,0x00,0x84,0x02,0x88,0x04,0x90,0x00,0x20,0x00,0xFF,0x07,0x50,0x00,0x8C,0x01,0x03,0x06}, /* 奖 */
    {0x24,0x02,0x24,0x01,0x24,0x00,0xFF,0x00,0x24,0x06,0x24,0x02,0x24,0x02,0xFF,0x02,0x24,0x02,0x24,0x03,0x44,0x02,0x84,0x00}, /* 讲 */
    {0xFF,0x03,0x00,0x02,0x06,0x02,0x78,0x02,0x40,0x02,0x40,0x02,0x7F,0x02,0x44,0x02,0x44,0x02,0x44,0x02,0x84,0x02,0xFF,0x03}, /* 匠 */
    {0x88,0x02,0x9F,0x01,0xB2,0x00,0x8C,0x01,0xB0,0x02,0xFF,0x07,0x88,0x00,0xFE,0x03,0x8A,0x02,0x76,0x03,0x02,0x02,0xFE,0x03}, /* 酱 */
    {0x10,0x00,0x9E,0x07,0xB2,0x04,0x8C,0x04,0x33,0x05,0x08,0x05,0xBE,0x04,0x88,0x04,0xA8,0x04,0x3F,0x07,0x08,0x04,0x08,0x04}, /* 降 */
    {0x88,0x00,0xFF,0x07,0xA8,0x00,0xFF,0x01,0x10,0x03,0xFE,0x05,0x10,0x01,0xFE,0x01,0x10,0x01,0xFF,0x01,0x92,0x02,0x49,0x04}, /* 蕉 */
    {0x20,0x01,0x2F,0x01,0x35,0x01,0xA5,0x07,0x7D,0x01,0x05,0x03,0xA5,0x03,0x25,0x05,0x72,0x01,0xAA,0x01,0x25,0x01,0x69,0x01}, /* 椒 */
    {0x14,0x00,0x92,0x07,0x3F,0x01,0x64,0x01,0x3F,0x02,0xA4,0x03,0xBF,0x06,0xA4,0x02,0xBF,0x02,0xA0,0x03,0x55,0x02,0x55,0x00}, /* 礁 */
    {0x90,0x00,0x08,0x01,0xFF,0x03,0x10,0x05,0xFE,0x01,0x10,0x01,0xFE,0x01,0x10,0x01,0xFF,0x01,0x00,0x01,0x92,0x02,0x49,0x04}, /* 焦 */
    {0x10,0x00,0x88,0x03,0xBF,0x02,0x80,0x02,0x94,0x03,0xA2,0x02,0xD5,0x02,0x94,0x03,0x94,0x02,0x88,0x02,0x94,0x02,0xA3,0x05}, /* 胶 */
    {0x40,0x00,0x20,0x00,0xFF,0x07,0x00,0x00,0x88,0x00,0x04,0x01,0x8A,0x02,0x50,0x00,0x20,0x00,0x50,0x00,0x8C,0x01,0x03,0x06}, /* 交 */
    {0x00,0x01,0x8F,0x00,0xE9,0x07,0x09,0x00,0x4A,0x02,0x2A,0x02,0x09,0x04,0x49,0x01,0x89,0x00,0x4E,0x01,0x28,0x02,0x08,0x04}, /* 郊 */
    {0x10,0x00,0x1F,0x04,0xF2,0x02,0x14,0x00,0x09,0x00,0x77,0x04,0x00,0x02,0xFF,0x00,0x24,0x00,0x24,0x02,0x45,0x04,0x83,0x00}, /* 浇 */
    {0x06,0x00,0xB8,0x07,0x88,0x00,0xBF,0x02,0x94,0x02,0xA2,0x02,0xC1,0x03,0x52,0x00,0x52,0x01,0x52,0x06,0x52,0x00,0xA2,0x01}, /* 骄 */
    {0x06,0x01,0x38,0x01,0x08,0x01,0xBF,0x07,0x94,0x02,0xA2,0x02,0xC1,0x02,0x92,0x04,0x92,0x02,0x12,0x01,0x92,0x02,0xA2,0x04}, /* 娇 */
    {0x07,0x00,0x78,0x07,0x2A,0x05,0x7F,0x05,0x55,0x05,0x7F,0x05,0x02,0x05,0x77,0x05,0x52,0x07,0x76,0x05,0x52,0x00,0x6E,0x00}, /* 嚼 */
    {0x51,0x01,0x2A,0x01,0x7F,0x01,0xC1,0x07,0x3E,0x01,0x22,0x01,0xAA,0x01,0x2A,0x07,0x2A,0x01,0x15,0x01,0x25,0x01,0x43,0x03}, /* 搅 */
    {0x06,0x02,0x38,0x02,0x88,0x03,0x3F,0x05,0x14,0x01,0x22,0x01,0xC1,0x07,0x12,0x01,0x12,0x01,0x92,0x02,0x92,0x02,0x22,0x04}, /* 矫 */
    {0x10,0x01,0x1F,0x01,0xF2,0x02,0x14,0x02,0x09,0x06,0x77,0x02,0x00,0x02,0xFF,0x02,0x24,0x02,0x24,0x02,0x45,0x02,0x83,0x02}, /* 侥 */
    {0x20,0x00,0x27,0x07,0x75,0x05,0x25,0x05,0x25,0x07,0x75,0x05,0x25,0x05,0x45,0x07,0x55,0x05,0x77,0x05,0x04,0x05,0x04,0x03}, /* 脚 */
    {0x90,0x00,0x88,0x02,0x7F,0x01,0x80,0x02,0x94,0x04,0xA2,0x00,0xD5,0x01,0x94,0x02,0x94,0x04,0x88,0x00,0x94,0x00,0x63,0x03}, /* 狡 */
    {0x00,0x01,0xF8,0x01,0x08,0x02,0x10,0x04,0xFE,0x03,0x22,0x02,0xFE,0x03,0x22,0x02,0xFE,0x03,0x22,0x02,0x22,0x02,0x06,0x04}, /* 角 */
    {0x10,0x02,0x08,0x02,0xBF,0x03,0x80,0x04,0x14,0x01,0x22,0x02,0x55,0x02,0x14,0x02,0x14,0x02,0x88,0x02,0x14,0x03,0x63,0x02}, /* 饺 */
    {0x24,0x01,0x74,0x01,0x54,0x02,0xF7,0x04,0x5A,0x07,0x72,0x01,0x2A,0x02,0xFA,0x07,0x4A,0x00,0x74,0x01,0x5A,0x06,0xB1,0x00}, /* 缴 */
    {0x10,0x01,0x08,0x01,0x3F,0x02,0x80,0x04,0x14,0x07,0x22,0x01,0x55,0x02,0x94,0x07,0x14,0x00,0x88,0x01,0x14,0x06,0x63,0x00}, /* 绞 */
    {0xA1,0x02,0x41,0x05,0xA5,0x02,0xE5,0x03,0xA5,0x02,0xE5,0x03,0xA5,0x02,0xE5,0x03,0x85,0x00,0xF1,0x07,0xA1,0x02,0x93,0x04}, /* 剿 */
    {0x08,0x01,0xA8,0x03,0x48,0x01,0xEF,0x07,0x12,0x01,0xCA,0x07,0x4A,0x02,0x8A,0x04,0xEA,0x00,0x84,0x07,0x8A,0x00,0x91,0x01}, /* 教 */
    {0x08,0x00,0xDD,0x07,0x0A,0x01,0xFF,0x07,0x48,0x05,0x7E,0x05,0xD2,0x06,0x64,0x04,0xDF,0x07,0x44,0x04,0xC4,0x07,0x4C,0x04}, /* 酵 */
    {0x06,0x01,0x38,0x01,0x88,0x07,0x7F,0x02,0x14,0x03,0x22,0x05,0xC1,0x07,0x22,0x01,0xA2,0x01,0x22,0x07,0x22,0x01,0x42,0x01}, /* 轿 */
    {0x10,0x01,0x08,0x01,0xBF,0x07,0x00,0x02,0x14,0x03,0x22,0x05,0xD5,0x07,0x14,0x01,0x94,0x01,0x08,0x07,0x14,0x01,0x63,0x01}, /* 较 */
    {0x02,0x00,0xA2,0x07,0xA2,0x04,0xA2,0x04,0xA2,0x04,0xA2,0x04,0xA2,0x04,0xA6,0x04,0xBA,0x07,0xA2,0x04,0x02,0x00,0x02,0x00}, /* 叫 */
    {0x20,0x00,0xFF,0x07,0x05,0x05,0x22,0x02,0x20,0x01,0xFE,0x01,0x20,0x02,0xFF,0x07,0x00,0x00,0xFE,0x03,0x02,0x02,0xFE,0x03}, /* 窖 */
    {0x7E,0x02,0x42,0x02,0x7E,0x02,0x42,0x07,0x7E,0x02,0x20,0x02,0x7F,0x03,0x89,0x06,0x15,0x02,0x41,0x02,0x79,0x02,0x03,0x06}, /* 揭 */
    {0x10,0x01,0x08,0x01,0x7F,0x01,0xA2,0x07,0x14,0x01,0x7F,0x01,0x88,0x01,0x7F,0x07,0x12,0x01,0x32,0x01,0x0C,0x01,0x73,0x03}, /* 接 */
    {0x12,0x02,0xD4,0x03,0x18,0x02,0xD1,0x02,0x0F,0x03,0x40,0x00,0xFE,0x03,0x02,0x02,0xFE,0x03,0x02,0x02,0xFE,0x03,0x02,0x02}, /* 皆 */
    {0x88,0x00,0x08,0x07,0x7F,0x01,0x08,0x01,0x88,0x07,0x3E,0x01,0x00,0x03,0xBE,0x03,0x22,0x05,0x22,0x01,0x3E,0x01,0x22,0x01}, /* 秸 */
    {0x20,0x01,0x27,0x02,0x70,0x04,0x20,0x01,0x27,0x02,0xFA,0x06,0x02,0x02,0x22,0x02,0x72,0x02,0x22,0x02,0x3A,0x02,0xC6,0x02}, /* 街 */
    {0x08,0x00,0x88,0x07,0x94,0x04,0xA2,0x04,0x41,0x05,0x12,0x05,0x92,0x04,0x92,0x04,0x92,0x04,0x22,0x07,0x22,0x04,0x42,0x04}, /* 阶 */
    {0x8A,0x00,0xE9,0x03,0x88,0x00,0xFF,0x07,0x48,0x01,0xFA,0x03,0x4A,0x06,0xFA,0x03,0x44,0x02,0xF5,0x03,0x4B,0x02,0xF1,0x03}, /* 截 */
    {0x88,0x00,0x88,0x00,0xE8,0x03,0x9F,0x00,0x89,0x00,0xF9,0x07,0x89,0x00,0x09,0x01,0x51,0x02,0xD1,0x03,0x21,0x00,0x46,0x00}, /* 劫 */
    {0x88,0x00,0x88,0x00,0xFF,0x07,0x88,0x00,0x00,0x00,0xFE,0x07,0x42,0x00,0x42,0x00,0x42,0x00,0x46,0x00,0x40,0x00,0x40,0x00}, /* 节 */
    {0x08,0x01,0x08,0x01,0x7F,0x01,0x88,0x07,0x08,0x01,0xBE,0x03,0x40,0x03,0x3E,0x05,0x22,0x01,0x22,0x01,0x3E,0x01,0x22,0x01}, /* 桔 */
    {0x20,0x00,0x20,0x00,0xFF,0x07,0x20,0x00,0x70,0x00,0xA8,0x00,0x24,0x01,0x23,0x06,0x20,0x00,0x00,0x00,0x92,0x02,0x49,0x04}, /* 杰 */
    {0x08,0x01,0x3F,0x01,0x08,0x01,0xBE,0x07,0x0A,0x01,0x3F,0x01,0x8A,0x01,0x3E,0x07,0x08,0x01,0x2F,0x01,0x28,0x01,0x5F,0x03}, /* 捷 */
    {0x10,0x00,0x7F,0x07,0x10,0x05,0x7E,0x05,0x12,0x07,0xFF,0x05,0x12,0x05,0x7E,0x07,0x10,0x05,0x5E,0x05,0x50,0x07,0xBF,0x05}, /* 睫 */
    {0x3E,0x02,0x22,0x01,0x3E,0x00,0xA2,0x07,0x3E,0x00,0x90,0x04,0xBF,0x02,0xC9,0x02,0x15,0x00,0xA1,0x01,0x39,0x06,0x06,0x00}, /* 竭 */
    {0x10,0x00,0x10,0x04,0xFF,0x02,0x10,0x00,0x10,0x00,0xFE,0x04,0x00,0x02,0xFE,0x00,0x82,0x00,0x82,0x02,0xFE,0x04,0x82,0x00}, /* 洁 */
    {0x08,0x01,0x08,0x01,0x7F,0x02,0x88,0x04,0x08,0x07,0x3E,0x01,0x00,0x02,0xBE,0x07,0x22,0x00,0xA2,0x01,0x3E,0x06,0x22,0x00}, /* 结 */
    {0x1F,0x01,0xC9,0x01,0x49,0x02,0x93,0x04,0xE0,0x03,0xAA,0x02,0xEF,0x03,0xB2,0x02,0xE2,0x03,0xAF,0x02,0xA2,0x02,0x62,0x04}, /* 解 */
    {0x00,0x01,0x3E,0x01,0x22,0x01,0xA2,0x07,0xBE,0x02,0xA2,0x02,0xA2,0x02,0xBE,0x04,0xA2,0x02,0x22,0x01,0xA2,0x02,0x7F,0x04}, /* 姐 */
    {0x0A,0x00,0x08,0x00,0xFF,0x07,0x08,0x00,0x49,0x01,0x49,0x01,0xFA,0x07,0x4A,0x01,0x44,0x01,0x45,0x01,0x4B,0x02,0x51,0x04}, /* 戒 */
    {0x88,0x00,0xFF,0x07,0x14,0x01,0xBE,0x07,0x14,0x01,0xBF,0x03,0x00,0x01,0xBE,0x07,0x22,0x01,0xBE,0x03,0x62,0x05,0x3E,0x01}, /* 藉 */
    {0x88,0x00,0xFF,0x07,0x88,0x00,0x20,0x00,0x50,0x00,0x8C,0x01,0x03,0x06,0x88,0x00,0x88,0x00,0x88,0x00,0x08,0x01,0x08,0x02}, /* 芥 */
    {0xFE,0x03,0x22,0x02,0xFE,0x03,0x22,0x02,0xFE,0x03,0x20,0x00,0xD8,0x00,0x07,0x07,0x88,0x00,0x88,0x00,0x08,0x01,0x08,0x02}, /* 界 */
    {0x24,0x01,0x24,0x01,0x7E,0x02,0x24,0x02,0xFF,0x06,0x00,0x02,0x7E,0x02,0x42,0x02,0x7E,0x02,0x42,0x02,0x7E,0x02,0x42,0x02}, /* 借 */
    {0x20,0x00,0x20,0x00,0x50,0x00,0x88,0x00,0x04,0x01,0x03,0x06,0x88,0x00,0x88,0x00,0x88,0x00,0x08,0x01,0x08,0x01,0x08,0x02}, /* 介 */
    {0x20,0x00,0x10,0x00,0xFF,0x01,0x10,0x05,0x28,0x03,0x44,0x01,0x83,0x01,0x24,0x03,0x24,0x05,0x24,0x01,0x44,0x02,0x84,0x04}, /* 疥 */
    {0x05,0x04,0x04,0x02,0xFF,0x00,0x04,0x00,0x54,0x06,0x55,0x02,0xFD,0x02,0x56,0x02,0x56,0x02,0x55,0x03,0x8B,0x02,0x11,0x00}, /* 诫 */
    {0xFF,0x03,0x01,0x02,0xFF,0x03,0x10,0x02,0x10,0x02,0xFF,0x02,0x91,0x02,0x91,0x02,0xFF,0x02,0x91,0x02,0x91,0x02,0xFF,0x04}, /* 届 */
    {0x20,0x00,0x20,0x00,0xFE,0x03,0x22,0x02,0x22,0x02,0x22,0x02,0x22,0x02,0x22,0x02,0x22,0x02,0x26,0x02,0x20,0x00,0x20,0x00}, /* 巾 */
    {0x08,0x02,0xCF,0x03,0x14,0x05,0x82,0x00,0xC8,0x03,0x5F,0x02,0xC9,0x03,0x49,0x02,0xC9,0x03,0x51,0x02,0x51,0x02,0xE6,0x04}, /* 筋 */
    {0x0E,0x00,0xF0,0x03,0x00,0x02,0x00,0x02,0x00,0x02,0xFF,0x03,0x08,0x02,0x08,0x02,0x08,0x02,0x08,0x02,0x08,0x02,0x08,0x04}, /* 斤 */
    {0x20,0x00,0x50,0x00,0x88,0x00,0x04,0x01,0xFB,0x06,0x20,0x00,0x20,0x00,0xFE,0x03,0x20,0x00,0x24,0x01,0xA8,0x00,0xFF,0x07}, /* 金 */
    {0x20,0x00,0x50,0x00,0x88,0x00,0x04,0x01,0x43,0x06,0x20,0x00,0x00,0x00,0xFC,0x03,0x04,0x00,0x08,0x00,0x10,0x00,0x20,0x00}, /* 今 */
    {0x10,0x00,0x7E,0x04,0x12,0x02,0xFF,0x00,0x12,0x00,0x7E,0x04,0x10,0x02,0x7E,0x00,0x10,0x01,0xFF,0x02,0x10,0x04,0x10,0x00}, /* 津 */
    {0x24,0x02,0x7F,0x01,0xA4,0x07,0xEE,0x00,0x35,0x01,0x80,0x01,0x3E,0x03,0x80,0x05,0x7F,0x01,0x2A,0x01,0x49,0x01,0x18,0x01}, /* 襟 */
    {0xBE,0x00,0x92,0x04,0x8C,0x04,0xB2,0x04,0x41,0x00,0x88,0x00,0xF0,0x01,0x44,0x00,0xFE,0x03,0x20,0x00,0x24,0x01,0x62,0x02}, /* 紧 */
    {0x08,0x02,0xBE,0x03,0x22,0x04,0x3E,0x00,0xA2,0x07,0x3E,0x02,0x88,0x07,0x7F,0x02,0xC9,0x02,0x49,0x03,0x4B,0x02,0x08,0x00}, /* 锦 */
    {0x80,0x00,0xFF,0x00,0x21,0x01,0x21,0x01,0x21,0x03,0x22,0x05,0x12,0x01,0x14,0x01,0x08,0x01,0x14,0x01,0x22,0x01,0x41,0x01}, /* 仅 */
    {0x22,0x02,0x7F,0x01,0x22,0x00,0x3E,0x00,0x08,0x07,0x7F,0x01,0x49,0x01,0x7F,0x01,0x08,0x01,0x7F,0x01,0x88,0x01,0x7F,0x01}, /* 谨 */
    {0x24,0x02,0x24,0x01,0x7E,0x00,0x24,0x00,0x24,0x07,0x24,0x01,0xFF,0x01,0x24,0x01,0x24,0x01,0x44,0x01,0x80,0x02,0x7F,0x04}, /* 进 */
    {0x83,0x02,0xDC,0x07,0x90,0x02,0x90,0x03,0x1F,0x01,0xD2,0x07,0x52,0x05,0xD2,0x07,0x12,0x01,0xD2,0x07,0x22,0x01,0x42,0x01}, /* 靳 */
    {0xFE,0x03,0x50,0x00,0x52,0x02,0x54,0x01,0xFF,0x07,0x00,0x00,0xFE,0x03,0x02,0x02,0xFE,0x03,0x02,0x02,0xFE,0x03,0x02,0x02}, /* 晋 */
    {0x04,0x01,0xDF,0x07,0x04,0x01,0x8E,0x03,0x55,0x05,0x04,0x01,0xFE,0x03,0x00,0x00,0xFF,0x07,0x20,0x00,0x24,0x01,0x62,0x02}, /* 禁 */
    {0x06,0x02,0x38,0x01,0x20,0x00,0x20,0x00,0x3F,0x07,0x24,0x01,0x24,0x01,0x24,0x01,0x24,0x01,0x44,0x01,0x80,0x02,0x7F,0x04}, /* 近 */
    {0x00,0x01,0x3E,0x01,0x62,0x01,0xA2,0x05,0x3E,0x05,0x28,0x05,0x24,0x05,0x4A,0x01,0x85,0x01,0x90,0x02,0x48,0x02,0x04,0x04}, /* 烬 */
    {0x7E,0x04,0x02,0x02,0x3E,0x00,0x02,0x00,0x7E,0x04,0x00,0x02,0xFF,0x00,0x81,0x00,0x7E,0x00,0x22,0x02,0x1C,0x04,0xE3,0x00}, /* 浸 */
    {0x00,0x00,0xFE,0x01,0x02,0x01,0x02,0x01,0xFE,0x01,0x08,0x01,0x68,0x01,0x14,0x01,0x02,0x02,0xC1,0x04,0x30,0x00,0x08,0x00}, /* 尽 */
    {0x08,0x00,0xC8,0x07,0x88,0x00,0x1F,0x01,0x89,0x02,0x49,0x04,0x29,0x00,0xC9,0x07,0x09,0x01,0x11,0x01,0xD1,0x01,0x26,0x06}, /* 劲 */
    {0x21,0x01,0xF9,0x07,0x25,0x01,0x05,0x00,0xF5,0x03,0x25,0x01,0x25,0x01,0xFD,0x07,0x25,0x01,0x21,0x01,0x21,0x02,0x23,0x04}, /* 荆 */
    {0x04,0x01,0x04,0x01,0xDF,0x07,0x04,0x01,0xDF,0x07,0x51,0x04,0x51,0x04,0xDF,0x07,0x84,0x02,0x8C,0x02,0xD5,0x02,0xA3,0x04}, /* 兢 */
    {0x88,0x00,0xFF,0x07,0x88,0x00,0xFE,0x03,0x0C,0x00,0x30,0x00,0xCC,0x00,0x03,0x07,0xFC,0x01,0x20,0x00,0x20,0x00,0xFF,0x07}, /* 茎 */
    {0x08,0x00,0x7F,0x07,0x08,0x05,0x3E,0x05,0x08,0x07,0x7F,0x05,0x22,0x05,0x3E,0x07,0x22,0x05,0x3E,0x05,0x22,0x07,0x26,0x05}, /* 睛 */
    {0xFC,0x01,0x04,0x01,0xFC,0x01,0x04,0x01,0xFC,0x01,0x00,0x00,0xDF,0x07,0x51,0x04,0xDF,0x07,0x51,0x04,0xDF,0x07,0x51,0x04}, /* 晶 */
    {0x08,0x02,0x84,0x03,0xBF,0x04,0x00,0x01,0xDF,0x07,0x51,0x05,0xD1,0x07,0x5F,0x05,0xC4,0x07,0x16,0x00,0xA5,0x01,0x0C,0x06}, /* 鲸 */
    {0x40,0x00,0x20,0x00,0xFF,0x07,0x00,0x00,0xFE,0x03,0x02,0x02,0x02,0x02,0xFE,0x03,0x20,0x00,0x24,0x01,0x22,0x02,0x61,0x04}, /* 京 */
    {0x10,0x01,0x08,0x01,0x7F,0x01,0x80,0x05,0x3E,0x05,0x22,0x05,0x22,0x05,0x3E,0x01,0x08,0x01,0x2A,0x01,0x49,0x01,0x18,0x01}, /* 惊 */
    {0x08,0x01,0x7F,0x01,0x88,0x05,0x3E,0x03,0x08,0x01,0xFF,0x07,0x22,0x01,0x3E,0x03,0xA2,0x05,0x3E,0x01,0x22,0x01,0x26,0x01}, /* 精 */
    {0x00,0x01,0x7F,0x01,0x88,0x05,0x7F,0x03,0x49,0x01,0xFF,0x07,0x49,0x01,0x7F,0x03,0xA8,0x05,0x10,0x01,0x28,0x01,0x47,0x01}, /* 粳 */
    {0x00,0x01,0x3E,0x01,0x04,0x02,0x88,0x04,0x14,0x07,0x22,0x01,0x41,0x02,0xBE,0x07,0x08,0x00,0x88,0x01,0x08,0x06,0x7F,0x00}, /* 经 */
    {0x88,0x00,0x88,0x00,0x88,0x00,0xFE,0x03,0x88,0x00,0x88,0x00,0x88,0x00,0xFF,0x07,0x88,0x00,0x88,0x00,0x08,0x01,0x08,0x02}, /* 井 */
    {0x48,0x02,0xEF,0x07,0x52,0x02,0xEA,0x03,0xA4,0x06,0xAA,0x03,0x51,0x00,0xFF,0x07,0x00,0x00,0xFE,0x03,0x04,0x01,0xFC,0x01}, /* 警 */
    {0xFC,0x01,0x04,0x01,0xFC,0x01,0x04,0x01,0xFC,0x01,0x20,0x00,0xFF,0x07,0x04,0x01,0xFC,0x01,0x20,0x00,0x24,0x01,0x62,0x02}, /* 景 */
    {0x00,0x00,0xDF,0x07,0x84,0x00,0x08,0x01,0x9F,0x02,0x51,0x04,0x35,0x00,0xD5,0x07,0x15,0x01,0x04,0x01,0xCA,0x01,0x11,0x06}, /* 颈 */
    {0x10,0x01,0xDC,0x07,0x24,0x01,0xC8,0x03,0x3E,0x01,0xCA,0x07,0xBF,0x02,0x8A,0x03,0xBE,0x02,0x8A,0x03,0x88,0x02,0x98,0x02}, /* 静 */
    {0x10,0x02,0x7E,0x02,0x24,0x02,0xFF,0x02,0x00,0x07,0x7E,0x02,0x42,0x02,0x7E,0x02,0x42,0x02,0x7E,0x03,0x25,0x06,0xC7,0x00}, /* 境 */
    {0x48,0x02,0xE8,0x07,0x48,0x02,0x0F,0x01,0xF2,0x03,0x2A,0x04,0xAA,0x03,0xAA,0x02,0xAA,0x02,0xA4,0x03,0x2A,0x02,0xD1,0x00}, /* 敬 */
    {0x10,0x02,0x7E,0x03,0x24,0x04,0xFF,0x00,0x00,0x07,0x7E,0x02,0x42,0x02,0x7E,0x07,0x42,0x02,0x7E,0x02,0x25,0x03,0xC7,0x02}, /* 镜 */
    {0x80,0x00,0x3E,0x01,0x04,0x02,0x88,0x04,0x14,0x01,0x22,0x03,0x41,0x05,0x3E,0x01,0x08,0x01,0x08,0x01,0x08,0x01,0x7F,0x01}, /* 径 */
    {0x20,0x00,0x10,0x00,0xFF,0x01,0x00,0x05,0x7E,0x03,0x04,0x01,0x1A,0x01,0x61,0x03,0x3E,0x05,0x08,0x01,0x08,0x02,0x7F,0x04}, /* 痉 */
    {0x08,0x02,0x7F,0x01,0x08,0x00,0xBE,0x07,0x08,0x00,0xFF,0x04,0xA2,0x02,0xBE,0x02,0x22,0x00,0xBE,0x01,0x22,0x06,0x26,0x00}, /* 靖 */
    {0x20,0x00,0xFE,0x03,0x88,0x00,0xFF,0x07,0x00,0x00,0xFE,0x03,0x02,0x02,0xFE,0x03,0x02,0x02,0xFE,0x03,0x89,0x00,0x07,0x07}, /* 竟 */
    {0x20,0x00,0xFE,0x03,0x04,0x01,0x88,0x00,0xFF,0x07,0x00,0x00,0xFE,0x03,0x02,0x02,0xFE,0x03,0x90,0x00,0x11,0x01,0x0F,0x06}, /* 竞 */
    {0x40,0x00,0x7C,0x00,0x84,0x04,0x08,0x02,0xFE,0x00,0x12,0x00,0xFF,0x01,0x12,0x00,0xFE,0x02,0x12,0x04,0x10,0x00,0x70,0x00}, /* 净 */
    {0x00,0x01,0x7F,0x01,0x41,0x01,0xC1,0x05,0x5D,0x05,0x55,0x05,0x55,0x05,0x55,0x01,0x5D,0x01,0xC1,0x02,0x41,0x02,0x43,0x04}, /* 炯 */
    {0x20,0x00,0xFF,0x07,0x05,0x05,0xFE,0x03,0x44,0x00,0xFF,0x07,0x84,0x00,0xFC,0x03,0x00,0x01,0xFE,0x03,0x02,0x05,0xFE,0x01}, /* 窘 */
    {0x14,0x01,0x64,0x01,0x25,0x01,0xAD,0x07,0x76,0x01,0x24,0x01,0xB4,0x01,0x64,0x07,0xAA,0x01,0x2A,0x01,0x2A,0x01,0x31,0x03}, /* 揪 */
    {0x40,0x00,0x20,0x00,0xFF,0x07,0x89,0x04,0x04,0x01,0x42,0x02,0x40,0x00,0xF8,0x03,0x48,0x00,0x88,0x00,0x09,0x01,0x07,0x06}, /* 究 */
    {0x02,0x01,0x22,0x01,0x22,0x02,0xA2,0x04,0x22,0x07,0x22,0x01,0x22,0x02,0xA6,0x07,0x3A,0x00,0xA2,0x01,0x02,0x06,0x02,0x00}, /* 纠 */
    {0x10,0x00,0x90,0x07,0x1E,0x01,0x22,0x01,0x22,0x01,0xC4,0x07,0x04,0x01,0x08,0x01,0x08,0x01,0x94,0x01,0x22,0x06,0x41,0x00}, /* 玖 */
    {0x88,0x00,0x88,0x00,0x8F,0x07,0x88,0x00,0x88,0x00,0x8F,0x07,0x88,0x00,0x88,0x00,0x8F,0x07,0x88,0x00,0x88,0x00,0xFF,0x07}, /* 韭 */
    {0x00,0x01,0x00,0x01,0xFC,0x01,0x04,0x01,0x08,0x02,0x08,0x02,0x10,0x04,0x20,0x00,0x50,0x00,0x88,0x00,0x04,0x01,0x03,0x06}, /* 久 */
    {0x80,0x00,0x80,0x00,0x80,0x00,0xF8,0x07,0x88,0x00,0x88,0x00,0x88,0x00,0x88,0x00,0x08,0x01,0x09,0x01,0x09,0x02,0x07,0x04}, /* 九 */
    {0x00,0x00,0xFF,0x05,0x28,0x02,0xFE,0x00,0xAA,0x00,0xAA,0x04,0xC6,0x02,0x82,0x00,0xFE,0x00,0x82,0x02,0xFE,0x04,0x82,0x00}, /* 酒 */
    {0x10,0x01,0x50,0x01,0x10,0x01,0xDF,0x07,0x22,0x01,0x52,0x05,0x92,0x03,0x14,0x01,0x88,0x03,0x54,0x05,0x22,0x01,0x41,0x03}, /* 救 */
    {0x00,0x00,0x7F,0x02,0x41,0x02,0x41,0x02,0x41,0x02,0x7F,0x02,0x41,0x02,0x41,0x02,0x41,0x02,0x41,0x02,0x7F,0x02,0x41,0x02}, /* 旧 */
    {0x20,0x00,0xC0,0x00,0x0F,0x03,0x01,0x02,0x01,0x02,0x01,0x02,0xCF,0x03,0x01,0x02,0x01,0x02,0x01,0x02,0xFF,0x03,0x01,0x02}, /* 臼 */
    {0x40,0x00,0x9E,0x03,0x02,0x02,0xDE,0x03,0x02,0x02,0xFE,0x03,0x24,0x01,0xFC,0x01,0x24,0x01,0xFF,0x07,0x81,0x00,0x06,0x07}, /* 舅 */
    {0x10,0x02,0x14,0x01,0xD2,0x07,0x3F,0x00,0xD4,0x07,0x54,0x04,0x54,0x04,0xD4,0x07,0x14,0x01,0x95,0x05,0x55,0x05,0x23,0x03}, /* 就 */
    {0x90,0x02,0xDF,0x07,0xA1,0x02,0x89,0x03,0x2B,0x01,0xC9,0x07,0x7F,0x05,0xC9,0x07,0x1D,0x01,0xEB,0x07,0x09,0x01,0x06,0x01}, /* 鞠 */
    {0x10,0x01,0x10,0x01,0x1F,0x01,0xA1,0x07,0x41,0x01,0x3D,0x01,0xA5,0x01,0x25,0x07,0x3D,0x01,0x21,0x01,0x01,0x01,0x06,0x03}, /* 拘 */
    {0x80,0x00,0xBE,0x02,0x22,0x01,0xA2,0x02,0xBE,0x04,0xA2,0x00,0xA2,0x01,0xBE,0x02,0xA2,0x04,0xA2,0x00,0xA2,0x00,0x7F,0x03}, /* 狙 */
    {0x10,0x00,0xFF,0x01,0x00,0x01,0x7E,0x05,0x42,0x03,0x42,0x01,0x7E,0x01,0x42,0x03,0x7E,0x05,0x42,0x01,0x42,0x02,0xFF,0x04}, /* 疽 */
    {0xFE,0x03,0x02,0x02,0x02,0x02,0xFE,0x03,0x10,0x02,0xFF,0x03,0x10,0x02,0xFE,0x02,0x82,0x02,0x82,0x02,0xFE,0x02,0x82,0x04}, /* 居 */
    {0x08,0x00,0x88,0x07,0x8F,0x00,0x91,0x02,0xA1,0x02,0x9D,0x02,0xD5,0x03,0x55,0x00,0x5D,0x01,0x51,0x06,0x41,0x00,0x86,0x01}, /* 驹 */
    {0x88,0x00,0xFF,0x07,0x88,0x02,0xFE,0x03,0x42,0x04,0x4A,0x02,0x52,0x01,0xFA,0x07,0x52,0x01,0x4A,0x02,0x42,0x04,0x5C,0x00}, /* 菊 */
    {0xFE,0x03,0x02,0x02,0xFE,0x03,0x00,0x02,0xFF,0x03,0x01,0x02,0xFD,0x02,0x85,0x02,0x85,0x02,0xFD,0x02,0x81,0x02,0x0E,0x04}, /* 局 */
    {0x00,0x00,0x3E,0x00,0xA2,0x07,0xA2,0x04,0xBE,0x04,0xA2,0x04,0xA2,0x04,0xBE,0x04,0xA2,0x07,0xA2,0x04,0x22,0x00,0x7F,0x00}, /* 咀 */
    {0x00,0x02,0x3F,0x02,0xA0,0x03,0x20,0x05,0x3F,0x01,0x21,0x01,0xE1,0x07,0x21,0x01,0x3F,0x01,0xA0,0x02,0xA0,0x02,0x3F,0x04}, /* 矩 */
    {0x40,0x00,0x22,0x02,0x04,0x01,0xFF,0x07,0x88,0x00,0x24,0x01,0x23,0x06,0xFE,0x03,0x20,0x00,0xFF,0x07,0x20,0x00,0x20,0x00}, /* 举 */
    {0x00,0x00,0x7E,0x02,0x42,0x01,0x42,0x00,0x7E,0x04,0x42,0x02,0x42,0x00,0x7E,0x00,0x42,0x01,0x42,0x02,0x42,0x04,0xFF,0x01}, /* 沮 */
    {0xEF,0x07,0x41,0x02,0xC5,0x03,0x72,0x02,0xCD,0x07,0x40,0x00,0x1E,0x00,0xE0,0x03,0x31,0x01,0x6A,0x06,0xA4,0x00,0x23,0x07}, /* 聚 */
    {0x00,0x01,0x3F,0x01,0x20,0x01,0xA0,0x07,0x3F,0x01,0x21,0x01,0xA1,0x01,0x21,0x07,0x3F,0x01,0x20,0x01,0x20,0x01,0x3F,0x03}, /* 拒 */
    {0x00,0x01,0x3F,0x01,0x21,0x01,0xBF,0x07,0x24,0x01,0x3F,0x01,0xA4,0x01,0x3F,0x07,0x31,0x01,0x51,0x01,0x5F,0x01,0x91,0x03}, /* 据 */
    {0x00,0x00,0xFF,0x03,0x00,0x02,0x00,0x02,0xFE,0x03,0x02,0x02,0x02,0x02,0x02,0x02,0xFE,0x03,0x00,0x02,0x00,0x02,0xFF,0x03}, /* 巨 */
    {0xFC,0x01,0x04,0x01,0xFC,0x01,0x04,0x01,0xFC,0x01,0x04,0x01,0xFC,0x01,0x04,0x01,0xFF,0x07,0x00,0x00,0x04,0x01,0x02,0x02}, /* 具 */
    {0x00,0x00,0xDF,0x03,0x50,0x02,0x50,0x02,0xDF,0x03,0x91,0x00,0x91,0x00,0xD1,0x02,0x9F,0x02,0x90,0x02,0xD0,0x02,0x1F,0x07}, /* 距 */
    {0xBF,0x07,0xA1,0x04,0xA1,0x04,0xBF,0x07,0x24,0x01,0x2F,0x01,0xA4,0x05,0x2F,0x05,0x29,0x05,0xA9,0x05,0x4F,0x06,0x89,0x00}, /* 踞 */
    {0x00,0x02,0x3F,0x02,0xA1,0x03,0x3F,0x04,0xA4,0x07,0x3F,0x02,0x24,0x02,0xBF,0x07,0x31,0x02,0x51,0x02,0x5F,0x03,0x91,0x02}, /* 锯 */
    {0x7E,0x01,0x42,0x01,0x7E,0x02,0x42,0x02,0x7E,0x06,0x42,0x02,0x7E,0x02,0x42,0x02,0xFF,0x02,0x00,0x02,0x24,0x02,0x42,0x02}, /* 俱 */
    {0x00,0x01,0xFF,0x01,0x01,0x02,0x01,0x04,0xF9,0x01,0x09,0x01,0x09,0x01,0x09,0x01,0xF9,0x01,0x01,0x01,0x01,0x00,0x0E,0x00}, /* 句 */
    {0x7E,0x01,0x42,0x01,0x7E,0x01,0xC2,0x05,0x7E,0x05,0x42,0x05,0x7E,0x05,0x42,0x01,0xFF,0x01,0x00,0x01,0x24,0x01,0x42,0x01}, /* 惧 */
    {0x00,0x01,0x3F,0x01,0x60,0x01,0xA0,0x05,0x3F,0x05,0x21,0x05,0x21,0x05,0x21,0x01,0x3F,0x01,0xA0,0x02,0xA0,0x02,0x3F,0x04}, /* 炬 */
    {0xF1,0x03,0x11,0x02,0x15,0x02,0xF5,0x03,0x45,0x02,0xF5,0x03,0x45,0x02,0xF5,0x03,0x15,0x03,0x11,0x05,0xF1,0x01,0x13,0x01}, /* 剧 */
    {0x3F,0x01,0x21,0x01,0x3F,0x01,0x80,0x07,0x3F,0x01,0x21,0x01,0xBF,0x01,0x21,0x07,0x3F,0x01,0x21,0x01,0x21,0x01,0x23,0x03}, /* 捐 */
    {0x08,0x00,0xDE,0x07,0x52,0x04,0xDA,0x07,0x12,0x00,0xD6,0x07,0x50,0x04,0xDF,0x07,0x41,0x04,0xDD,0x07,0x41,0x04,0xC6,0x04}, /* 鹃 */
    {0x3F,0x01,0x21,0x01,0x3F,0x01,0x80,0x07,0xBF,0x02,0xA1,0x02,0xBF,0x02,0xA1,0x04,0xBF,0x02,0x21,0x01,0xA1,0x02,0xA3,0x04}, /* 娟 */
    {0x92,0x01,0x54,0x01,0xFE,0x02,0x20,0x02,0xFF,0x07,0x44,0x02,0x82,0x02,0x7D,0x03,0x44,0x02,0x4C,0x02,0x42,0x02,0x3E,0x02}, /* 倦 */
    {0x24,0x01,0xFE,0x03,0x40,0x00,0xFF,0x07,0x04,0x01,0xFE,0x03,0x05,0x05,0xFC,0x01,0x04,0x01,0xFC,0x01,0x04,0x01,0xFC,0x01}, /* 眷 */
    {0x24,0x01,0xA8,0x00,0xFE,0x03,0x40,0x00,0xFF,0x07,0x04,0x01,0x02,0x02,0xF9,0x05,0x08,0x01,0x30,0x01,0x02,0x01,0xFE,0x00}, /* 卷 */
    {0x3F,0x01,0x21,0x01,0x3F,0x02,0x80,0x04,0x3F,0x07,0x21,0x01,0x3F,0x02,0xA1,0x07,0x3F,0x00,0xA1,0x01,0x21,0x06,0x23,0x00}, /* 绢 */
    {0x00,0x02,0x7F,0x02,0x42,0x02,0x6A,0x07,0x53,0x02,0x7D,0x02,0x52,0x03,0x56,0x06,0x7E,0x02,0x52,0x02,0x55,0x02,0xA9,0x06}, /* 撅 */
    {0x77,0x02,0x55,0x02,0x77,0x02,0x55,0x07,0x77,0x02,0x24,0x02,0x7F,0x03,0xA4,0x06,0x3F,0x02,0x22,0x02,0x1C,0x02,0x63,0x06}, /* 攫 */
    {0x10,0x02,0x10,0x02,0x7E,0x02,0x12,0x07,0x12,0x02,0x12,0x02,0xFF,0x02,0x10,0x03,0x28,0x06,0x28,0x02,0x44,0x02,0x83,0x06}, /* 抉 */
    {0x00,0x02,0x7F,0x02,0x41,0x02,0x7F,0x07,0x44,0x02,0x55,0x02,0x55,0x03,0x5F,0x06,0x44,0x02,0x55,0x02,0x55,0x02,0x9F,0x06}, /* 掘 */
    {0x00,0x01,0xFF,0x01,0x81,0x02,0xFF,0x02,0x88,0x06,0xAA,0x02,0xAA,0x02,0xBE,0x02,0x88,0x02,0xC9,0x02,0x49,0x03,0x7F,0x02}, /* 倔 */
    {0x1F,0x00,0xE2,0x07,0x24,0x01,0xFE,0x03,0x52,0x02,0xFE,0x03,0x00,0x00,0xE2,0x03,0xBF,0x02,0xE2,0x03,0x8A,0x02,0x46,0x03}, /* 爵 */
    {0x42,0x02,0x24,0x01,0xFF,0x07,0x01,0x04,0xFD,0x05,0x04,0x01,0x24,0x01,0x24,0x01,0x24,0x01,0x50,0x00,0x91,0x01,0x0F,0x06}, /* 觉 */
    {0x10,0x00,0x10,0x00,0xFE,0x04,0x12,0x02,0x12,0x00,0x12,0x00,0xFF,0x01,0x10,0x00,0x28,0x02,0x28,0x04,0x44,0x00,0x83,0x01}, /* 决 */
    {0x10,0x02,0x10,0x01,0x7E,0x00,0x12,0x00,0x12,0x06,0x12,0x02,0xFF,0x02,0x10,0x02,0x28,0x02,0x28,0x03,0x44,0x02,0x83,0x00}, /* 诀 */
    {0x10,0x01,0x1E,0x01,0x22,0x02,0xC4,0x04,0x3F,0x07,0x29,0x01,0x29,0x02,0xBF,0x07,0x20,0x00,0xA1,0x01,0x21,0x06,0x1F,0x00}, /* 绝 */
    {0x10,0x01,0x10,0x01,0x1F,0x01,0xA1,0x07,0x51,0x01,0x09,0x01,0x03,0x01,0x05,0x01,0x89,0x01,0x31,0x06,0x01,0x00,0x06,0x00}, /* 均 */
    {0x88,0x00,0xFF,0x07,0x88,0x00,0xFE,0x03,0x0A,0x02,0xF2,0x02,0x22,0x02,0xFE,0x03,0xAA,0x02,0x26,0x03,0x22,0x02,0xFE,0x03}, /* 菌 */
    {0x10,0x01,0x10,0x01,0xDF,0x01,0x21,0x02,0x51,0x04,0x89,0x03,0x03,0x01,0xC5,0x07,0x09,0x01,0x51,0x01,0xA1,0x01,0x06,0x01}, /* 钧 */
    {0xFF,0x07,0x41,0x04,0x40,0x00,0xFE,0x03,0x80,0x00,0x20,0x01,0xFC,0x01,0x20,0x00,0x20,0x00,0xFF,0x07,0x20,0x00,0x20,0x00}, /* 军 */
    {0x00,0x00,0xFE,0x03,0x42,0x00,0xFF,0x07,0x42,0x00,0xFE,0x03,0x80,0x00,0xFE,0x01,0x02,0x03,0x02,0x05,0xFE,0x01,0x02,0x01}, /* 君 */
    {0x08,0x01,0x12,0x01,0x1F,0x01,0x41,0x05,0x52,0x05,0x69,0x05,0x4E,0x05,0x52,0x05,0x6A,0x05,0xC4,0x05,0x4A,0x06,0x11,0x00}, /* 峻 */
    {0x90,0x00,0xA2,0x00,0x7F,0x01,0x01,0x01,0x22,0x03,0x51,0x05,0x1E,0x01,0x22,0x01,0x54,0x01,0x08,0x01,0x14,0x01,0x63,0x01}, /* 俊 */
    {0x10,0x04,0x22,0x02,0x7F,0x00,0x01,0x07,0x22,0x00,0x51,0x05,0x1E,0x05,0x22,0x05,0x54,0x02,0x08,0x01,0x14,0x06,0x63,0x00}, /* 竣 */
    {0x20,0x00,0x42,0x04,0xFF,0x02,0x25,0x00,0x42,0x00,0xA1,0x04,0x3C,0x02,0x44,0x00,0xA8,0x00,0x10,0x02,0x6C,0x04,0x83,0x01}, /* 浚 */
    {0x00,0x00,0xEF,0x07,0x29,0x01,0xF9,0x07,0x2A,0x01,0xEA,0x07,0x09,0x02,0xE9,0x07,0x29,0x02,0x2E,0x02,0xE8,0x03,0x28,0x02}, /* 郡 */
    {0x10,0x00,0x22,0x07,0x7F,0x01,0x01,0x05,0x22,0x05,0x51,0x05,0x9E,0x07,0xA2,0x00,0xD4,0x01,0x88,0x06,0x94,0x00,0x63,0x03}, /* 骏 */
    {0x08,0x00,0x7F,0x07,0x51,0x05,0x1E,0x05,0x22,0x05,0x1C,0x05,0x63,0x05,0x3E,0x05,0x22,0x07,0x22,0x05,0x3E,0x00,0x22,0x00}, /* 喀 */
    {0x40,0x00,0x40,0x00,0x47,0x07,0xF5,0x05,0x55,0x05,0x55,0x05,0x55,0x05,0x55,0x05,0x55,0x07,0x55,0x04,0x97,0x00,0x35,0x01}, /* 咖 */
    {0x40,0x00,0x40,0x00,0x7E,0x00,0x40,0x00,0x40,0x00,0xFF,0x07,0x40,0x00,0x70,0x00,0x4C,0x00,0x42,0x00,0x40,0x00,0x40,0x00}, /* 卡 */
    {0x20,0x00,0x3E,0x07,0x42,0x05,0xA4,0x05,0x18,0x05,0xE7,0x05,0x00,0x05,0x7E,0x05,0x42,0x07,0x42,0x05,0x7E,0x00,0x42,0x00}, /* 咯 */
    {0x00,0x00,0xFE,0x03,0x88,0x00,0x88,0x00,0x88,0x00,0x88,0x00,0xFF,0x07,0x88,0x00,0x88,0x00,0x08,0x01,0x08,0x01,0x08,0x02}, /* 开 */
    {0x45,0x01,0x76,0x01,0x44,0x01,0xD5,0x07,0x63,0x01,0x08,0x01,0xFF,0x01,0x41,0x07,0x7F,0x01,0x41,0x01,0x7F,0x01,0x41,0x03}, /* 揩 */
    {0x25,0x01,0x3E,0x01,0x24,0x01,0xAD,0x07,0x33,0x01,0x88,0x03,0x7F,0x03,0x21,0x05,0x3F,0x01,0x21,0x01,0x3F,0x01,0x21,0x01}, /* 楷 */
    {0x00,0x01,0x5C,0x05,0x54,0x05,0xD4,0x07,0x14,0x00,0xD4,0x07,0x54,0x00,0xD4,0x07,0x14,0x04,0x55,0x04,0xA5,0x05,0x43,0x06}, /* 凯 */
    {0x00,0x02,0xEF,0x02,0xA2,0x02,0xAA,0x03,0xEA,0x06,0xAF,0x06,0xA2,0x02,0xE4,0x02,0x86,0x02,0xCA,0x02,0xAA,0x02,0xD3,0x02}, /* 慨 */
    {0x01,0x00,0xE1,0x03,0x89,0x00,0x89,0x00,0x89,0x00,0xF9,0x07,0x89,0x00,0x89,0x00,0x89,0x00,0x81,0x00,0x81,0x00,0x87,0x00}, /* 刊 */
    {0x22,0x02,0x7F,0x02,0x22,0x02,0x3E,0x02,0x22,0x07,0x3E,0x02,0x22,0x02,0xFF,0x02,0x54,0x02,0x62,0x03,0x40,0x06,0x7F,0x00}, /* 堪 */
    {0x24,0x01,0xF4,0x03,0x24,0x01,0xEF,0x01,0x25,0x01,0xE5,0x01,0x25,0x01,0xF5,0x07,0xA5,0x02,0x19,0x03,0x09,0x02,0xF6,0x03}, /* 勘 */
    {0x10,0x01,0x10,0x01,0x1F,0x01,0xA1,0x07,0x22,0x01,0x48,0x01,0x08,0x01,0x08,0x01,0x94,0x01,0x14,0x06,0x22,0x00,0x41,0x00}, /* 坎 */
    {0x10,0x00,0x90,0x07,0x1F,0x01,0x21,0x01,0x22,0x02,0xC8,0x03,0x88,0x06,0x88,0x02,0x94,0x02,0x94,0x03,0xA2,0x02,0x41,0x00}, /* 砍 */
    {0x1E,0x00,0xE0,0x03,0x20,0x00,0xFE,0x03,0x40,0x00,0xFF,0x07,0x02,0x01,0xFE,0x03,0x02,0x05,0xFE,0x01,0x02,0x01,0xFE,0x01}, /* 看 */
    {0x20,0x00,0xFF,0x03,0x10,0x02,0xFE,0x02,0x12,0x02,0xFF,0x03,0x12,0x02,0xFE,0x02,0x10,0x02,0xBA,0x02,0x54,0x02,0xB3,0x04}, /* 康 */
    {0x08,0x02,0xFF,0x02,0x88,0x02,0xBE,0x03,0x8A,0x06,0xFF,0x06,0x8A,0x02,0xBE,0x02,0xAA,0x02,0x9C,0x02,0xAA,0x02,0x59,0x03}, /* 慷 */
    {0x08,0x01,0x7F,0x01,0xC8,0x05,0x5E,0x03,0x4A,0x01,0xFF,0x07,0x4A,0x01,0x5E,0x03,0xEA,0x05,0x5C,0x01,0x6A,0x01,0x99,0x01}, /* 糠 */
    {0x00,0x01,0x3E,0x01,0x08,0x01,0xC8,0x07,0x08,0x01,0x08,0x01,0xC8,0x01,0x08,0x07,0x08,0x01,0x08,0x01,0x08,0x01,0x7F,0x03}, /* 扛 */
    {0x10,0x01,0x08,0x01,0x7F,0x01,0x80,0x07,0x00,0x01,0x3C,0x01,0xA4,0x01,0x24,0x07,0x24,0x01,0x25,0x01,0x45,0x01,0x83,0x03}, /* 抗 */
    {0x40,0x00,0x20,0x00,0xFF,0x07,0x00,0x00,0x00,0x00,0xF8,0x01,0x08,0x01,0x08,0x01,0x08,0x01,0x09,0x01,0x09,0x02,0x07,0x04}, /* 亢 */
    {0x10,0x01,0x08,0x01,0x7F,0x01,0x40,0x05,0x80,0x05,0x3C,0x05,0x24,0x05,0x24,0x01,0x24,0x01,0xA5,0x02,0x45,0x02,0x83,0x04}, /* 炕 */
    {0x40,0x00,0x44,0x00,0xF8,0x03,0x50,0x00,0xFF,0x07,0x40,0x00,0xFE,0x00,0x80,0x01,0xFE,0x02,0x02,0x04,0x02,0x00,0x0C,0x00}, /* 考 */
    {0x10,0x02,0x11,0x02,0x7A,0x02,0x14,0x07,0x7F,0x02,0x10,0x02,0x3E,0x03,0x60,0x06,0xBE,0x02,0x02,0x02,0x02,0x02,0x0C,0x06}, /* 拷 */
    {0x10,0x01,0x11,0x01,0x7A,0x01,0x94,0x05,0x7F,0x05,0x10,0x05,0x3E,0x05,0x60,0x01,0xBE,0x01,0x82,0x02,0x42,0x02,0x0C,0x04}, /* 烤 */
    {0x20,0x01,0xFE,0x01,0x20,0x02,0xFF,0x07,0x04,0x01,0xFC,0x01,0x50,0x00,0xDF,0x07,0x50,0x00,0xDF,0x07,0x50,0x00,0x50,0x00}, /* 靠 */
    {0x00,0x02,0xFF,0x02,0x02,0x02,0x02,0x02,0x7A,0x07,0x4A,0x02,0x4A,0x02,0x4A,0x02,0x7A,0x02,0x42,0x03,0x02,0x06,0x0E,0x00}, /* 坷 */
    {0x88,0x00,0xFF,0x07,0x88,0x00,0x00,0x00,0xFF,0x07,0x04,0x00,0xE4,0x03,0x24,0x02,0x24,0x02,0xE4,0x03,0x04,0x02,0x1C,0x00}, /* 苛 */
    {0x00,0x01,0x7F,0x01,0x02,0x01,0x82,0x07,0x3A,0x01,0xAA,0x03,0x6A,0x03,0x2A,0x05,0x3A,0x01,0x22,0x01,0x02,0x01,0x06,0x01}, /* 柯 */
    {0x3E,0x01,0x2A,0x01,0x3E,0x01,0xAA,0x07,0x3E,0x01,0x88,0x03,0x7F,0x03,0x08,0x05,0x1C,0x01,0x2A,0x01,0x49,0x01,0x08,0x01}, /* 棵 */
    {0x08,0x00,0xBE,0x07,0x08,0x01,0x3E,0x01,0x08,0x02,0x92,0x03,0xBE,0x06,0x80,0x02,0xBE,0x02,0xAA,0x03,0xAA,0x02,0x7F,0x00}, /* 磕 */
    {0x00,0x00,0xDF,0x07,0x44,0x05,0xC8,0x07,0x5F,0x05,0xD1,0x07,0x15,0x01,0xD5,0x07,0x15,0x01,0x84,0x03,0x4A,0x05,0x11,0x01}, /* 颗 */
    {0x84,0x00,0x24,0x07,0x14,0x01,0x04,0x01,0xE4,0x07,0x14,0x01,0x84,0x03,0x47,0x03,0x3C,0x05,0x04,0x01,0x04,0x01,0x04,0x01}, /* 科 */
    {0x20,0x00,0xFF,0x07,0x20,0x00,0xFE,0x03,0x00,0x00,0xFF,0x07,0x01,0x04,0xF8,0x00,0x88,0x00,0x88,0x00,0x09,0x01,0x07,0x06}, /* 壳 */
    {0x10,0x00,0x08,0x00,0x7F,0x07,0x10,0x05,0x22,0x05,0x7C,0x05,0x09,0x05,0x12,0x05,0x64,0x07,0x0C,0x05,0x12,0x00,0x61,0x00}, /* 咳 */
    {0x00,0x00,0xFF,0x07,0x02,0x00,0x02,0x00,0xF2,0x03,0x12,0x02,0x12,0x02,0x12,0x02,0xF2,0x03,0x02,0x02,0x02,0x00,0x0E,0x00}, /* 可 */
    {0x7E,0x04,0x42,0x02,0x7E,0x00,0x42,0x00,0x7E,0x04,0x20,0x02,0x7F,0x00,0x89,0x00,0x15,0x00,0x41,0x02,0x79,0x04,0x03,0x00}, /* 渴 */
    {0x20,0x00,0x20,0x00,0xFF,0x07,0x20,0x00,0xFE,0x03,0x02,0x02,0x02,0x02,0xFE,0x03,0x88,0x00,0x88,0x00,0x09,0x01,0x07,0x06}, /* 克 */
    {0x81,0x00,0x41,0x00,0xF5,0x03,0x85,0x00,0x15,0x01,0xE5,0x03,0x45,0x00,0x95,0x00,0x25,0x03,0x41,0x00,0xA1,0x00,0x13,0x07}, /* 刻 */
    {0x20,0x00,0xFF,0x07,0x81,0x04,0xFC,0x00,0x04,0x01,0x88,0x02,0x70,0x00,0x8F,0x07,0xFC,0x01,0x04,0x01,0xFC,0x01,0x04,0x01}, /* 客 */
    {0xFE,0x04,0x92,0x02,0xFE,0x00,0x92,0x00,0xFE,0x06,0x10,0x02,0xFF,0x03,0x10,0x02,0x38,0x02,0x54,0x03,0x93,0x02,0x10,0x00}, /* 课 */
    {0x20,0x00,0x3E,0x01,0x20,0x01,0xFF,0x07,0x00,0x00,0xFE,0x03,0x02,0x02,0xFE,0x03,0x02,0x02,0xFE,0x03,0x02,0x02,0x06,0x02}, /* 肯 */
    {0x08,0x00,0x4E,0x07,0x48,0x05,0xFF,0x05,0x00,0x05,0x7E,0x05,0x42,0x05,0x7E,0x05,0x42,0x07,0x7E,0x05,0x42,0x00,0x46,0x00}, /* 啃 */
    {0xFE,0x03,0x02,0x02,0xFE,0x03,0x02,0x02,0xFE,0x03,0x21,0x02,0x92,0x02,0x0C,0x03,0x23,0x00,0xFE,0x03,0x20,0x00,0xFF,0x07}, /* 垦 */
    {0xFE,0x03,0x02,0x02,0xFE,0x03,0x02,0x02,0xFE,0x03,0x21,0x02,0x92,0x02,0x0C,0x03,0x23,0x00,0x92,0x02,0x85,0x02,0x7D,0x04}, /* 恳 */
    {0x10,0x02,0x08,0x02,0x7F,0x02,0x00,0x02,0x00,0x07,0x3C,0x02,0x24,0x02,0x24,0x02,0x24,0x02,0x25,0x03,0x45,0x06,0x83,0x00}, /* 坑 */
    {0x10,0x00,0x08,0x00,0x7F,0x07,0x00,0x05,0x00,0x05,0x3C,0x05,0x24,0x05,0x24,0x05,0x24,0x07,0x25,0x05,0x45,0x00,0x83,0x00}, /* 吭 */
    {0x40,0x00,0x20,0x00,0xFF,0x07,0x89,0x04,0x04,0x01,0x02,0x02,0x00,0x00,0xFE,0x03,0x20,0x00,0x20,0x00,0x20,0x00,0xFF,0x07}, /* 空 */
    {0xBC,0x07,0x24,0x01,0x34,0x01,0x2C,0x01,0xA5,0x01,0x45,0x07,0x83,0x00,0x20,0x00,0x92,0x02,0x91,0x02,0x85,0x04,0x7C,0x00}, /* 恐 */
    {0x08,0x00,0xE8,0x03,0x28,0x00,0x48,0x00,0x88,0x00,0x88,0x00,0xE8,0x00,0x88,0x07,0x88,0x00,0x89,0x00,0x89,0x00,0x87,0x03}, /* 孔 */
    {0x10,0x02,0x08,0x02,0x7F,0x02,0x41,0x07,0x14,0x02,0x22,0x02,0x41,0x03,0x3E,0x06,0x08,0x02,0x08,0x02,0x08,0x02,0x7F,0x06}, /* 控 */
    {0x00,0x02,0x7F,0x02,0x40,0x02,0x52,0x07,0x4A,0x02,0x4A,0x02,0x44,0x03,0x44,0x06,0x4A,0x02,0x52,0x02,0x40,0x02,0x7F,0x06}, /* 抠 */
    {0x00,0x00,0xFE,0x03,0x02,0x02,0x02,0x02,0x02,0x02,0x02,0x02,0x02,0x02,0x02,0x02,0x02,0x02,0xFE,0x03,0x02,0x02,0x00,0x00}, /* 口 */
    {0x00,0x01,0x00,0x01,0x3F,0x01,0xA1,0x07,0x21,0x01,0x21,0x01,0xA1,0x01,0x21,0x07,0x21,0x01,0x21,0x01,0x3F,0x01,0x21,0x03}, /* 扣 */
    {0x20,0x00,0xFF,0x07,0x09,0x04,0x0E,0x00,0x88,0x03,0x3E,0x00,0x02,0x00,0xD4,0x07,0x88,0x02,0x94,0x02,0xA5,0x02,0x7F,0x04}, /* 寇 */
    {0x08,0x01,0x08,0x01,0x08,0x01,0xBF,0x07,0x08,0x01,0x08,0x03,0xBE,0x03,0x22,0x05,0x22,0x01,0x22,0x01,0x3E,0x01,0x22,0x01}, /* 枯 */
    {0xDE,0x03,0x52,0x02,0x52,0x02,0xDE,0x03,0x24,0x00,0x22,0x00,0xFF,0x07,0x20,0x00,0x50,0x00,0x88,0x00,0x04,0x01,0x03,0x06}, /* 哭 */
    {0x20,0x00,0xFF,0x07,0x89,0x04,0xFE,0x03,0x02,0x02,0xFE,0x03,0x10,0x02,0x92,0x02,0xFE,0x02,0x10,0x02,0x92,0x02,0xFE,0x04}, /* 窟 */
    {0x04,0x01,0xFF,0x07,0x04,0x01,0x20,0x00,0xFF,0x07,0x20,0x00,0x20,0x00,0xFE,0x03,0x02,0x02,0x02,0x02,0xFE,0x03,0x02,0x02}, /* 苦 */
    {0x04,0x00,0xD4,0x07,0x1F,0x01,0xE4,0x07,0x44,0x05,0x7F,0x05,0xC0,0x06,0x5F,0x04,0xD1,0x07,0x51,0x04,0xDF,0x07,0x51,0x04}, /* 酷 */
    {0x10,0x00,0xFF,0x03,0x00,0x02,0x20,0x02,0xFF,0x03,0x40,0x02,0x90,0x02,0xFE,0x02,0x10,0x02,0xFF,0x03,0x10,0x02,0x10,0x04}, /* 库 */
    {0x08,0x04,0x7F,0x02,0x44,0x07,0x44,0x01,0x7F,0x02,0x48,0x03,0x54,0x06,0x5F,0x03,0x44,0x02,0x5F,0x02,0x44,0x02,0x84,0x02}, /* 裤 */
    {0x20,0x00,0xFF,0x07,0x50,0x00,0x8C,0x01,0xFB,0x06,0x00,0x00,0xFE,0x03,0x80,0x00,0xFC,0x00,0x04,0x00,0x04,0x00,0x18,0x00}, /* 夸 */
    {0x08,0x01,0x7F,0x01,0x14,0x01,0xA2,0x07,0x5D,0x01,0x00,0x01,0x7F,0x01,0x20,0x01,0xBE,0x01,0x02,0x06,0x02,0x00,0x0C,0x00}, /* 垮 */
    {0x08,0x01,0x7F,0x01,0x14,0x01,0xA2,0x07,0x5D,0x01,0x00,0x01,0x7F,0x01,0xA0,0x01,0x3E,0x07,0x02,0x01,0x02,0x01,0x0C,0x03}, /* 挎 */
    {0x08,0x00,0xBF,0x07,0x94,0x04,0xA2,0x04,0xDD,0x07,0x00,0x01,0x7F,0x01,0xA0,0x05,0x3E,0x05,0x02,0x05,0x82,0x05,0x0C,0x06}, /* 跨 */
    {0x08,0x00,0xBF,0x03,0x94,0x02,0xA2,0x02,0xDD,0x03,0x80,0x02,0xFF,0x02,0xA0,0x03,0xBE,0x02,0x82,0x02,0x82,0x02,0x8C,0x05}, /* 胯 */
    {0x10,0x02,0x10,0x02,0x7E,0x02,0x12,0x07,0x12,0x02,0x12,0x02,0xFF,0x02,0x10,0x02,0x28,0x03,0x28,0x06,0x44,0x00,0x83,0x00}, /* 块 */
    {0x10,0x02,0xDF,0x03,0xA4,0x04,0x10,0x01,0x10,0x01,0xBE,0x05,0x12,0x05,0x12,0x05,0x7F,0x05,0x14,0x01,0x22,0x01,0x41,0x01}, /* 筷 */
    {0x10,0x01,0x10,0x01,0x7E,0x01,0x92,0x05,0x12,0x05,0x12,0x05,0xFF,0x05,0x10,0x01,0x28,0x01,0x28,0x01,0x44,0x01,0x83,0x01}, /* 快 */
    {0x20,0x00,0xFF,0x07,0x89,0x04,0xFE,0x03,0x88,0x00,0xFE,0x03,0x02,0x02,0x22,0x02,0x22,0x02,0x50,0x00,0x91,0x01,0x0F,0x06}, /* 宽 */
    {0x88,0x00,0xF8,0x07,0x8F,0x00,0xE9,0x03,0x12,0x00,0xE0,0x03,0x04,0x00,0xF4,0x07,0x84,0x00,0xAA,0x02,0x9A,0x04,0x91,0x01}, /* 款 */
    {0xFF,0x03,0x00,0x02,0xFE,0x02,0x10,0x02,0x10,0x02,0x7C,0x02,0x10,0x02,0x10,0x02,0x10,0x02,0xFE,0x02,0x00,0x02,0xFF,0x03}, /* 匡 */
    {0x10,0x02,0xDF,0x03,0xA4,0x04,0xFF,0x03,0x00,0x02,0xFE,0x02,0x10,0x02,0x7E,0x02,0x10,0x02,0xFF,0x02,0x00,0x02,0xFF,0x03}, /* 筐 */
    {0x00,0x01,0x7F,0x05,0x08,0x02,0x08,0x05,0x08,0x01,0x08,0x01,0x7F,0x03,0x08,0x05,0x08,0x01,0x08,0x01,0x08,0x01,0x7F,0x06}, /* 狂 */
    {0x00,0x01,0x7F,0x01,0x40,0x01,0xDF,0x07,0x44,0x01,0x44,0x03,0xDF,0x03,0x44,0x05,0x44,0x01,0x5F,0x01,0x40,0x01,0x7F,0x01}, /* 框 */
    {0x08,0x00,0x84,0x07,0x3F,0x01,0x20,0x01,0x20,0x02,0xA0,0x03,0xA0,0x06,0xA0,0x02,0xA0,0x02,0xA0,0x03,0xA0,0x02,0x40,0x00}, /* 矿 */
    {0x00,0x00,0x7F,0x07,0x40,0x05,0x5F,0x05,0x44,0x07,0x44,0x05,0x5F,0x05,0x44,0x07,0x44,0x05,0x5F,0x05,0x40,0x07,0x7F,0x05}, /* 眶 */
    {0x08,0x00,0x84,0x07,0xBF,0x04,0xA0,0x04,0xA0,0x04,0xA0,0x07,0xA0,0x04,0xA0,0x04,0xA0,0x04,0xA0,0x07,0x20,0x04,0x40,0x00}, /* 旷 */
    {0x00,0x00,0xFE,0x00,0x82,0x04,0x82,0x02,0x82,0x00,0x82,0x00,0xFE,0x00,0x28,0x00,0x28,0x01,0x49,0x02,0x89,0x04,0x07,0x01}, /* 况 */
    {0x00,0x00,0xFE,0x03,0x00,0x00,0x00,0x00,0xFF,0x07,0x80,0x00,0x00,0x01,0xFE,0x01,0x02,0x00,0x02,0x00,0x02,0x00,0x0C,0x00}, /* 亏 */
    {0x00,0x01,0xFF,0x07,0x10,0x01,0x52,0x01,0x54,0x02,0xA8,0x02,0x44,0x02,0x83,0x04,0xFE,0x03,0x52,0x02,0x52,0x02,0xFF,0x07}, /* 盔 */
    {0x20,0x00,0xFF,0x07,0x05,0x05,0x02,0x02,0x3E,0x01,0xA2,0x03,0x2A,0x01,0xAA,0x07,0x2A,0x01,0x95,0x02,0xA5,0x02,0x43,0x04}, /* 窥 */
    {0x88,0x00,0xFF,0x07,0x88,0x00,0xD2,0x03,0x4C,0x04,0x85,0x02,0xFA,0x01,0x21,0x06,0xFC,0x01,0x50,0x00,0x8C,0x00,0x02,0x03}, /* 葵 */
    {0x20,0x00,0xFF,0x07,0x50,0x00,0xAC,0x01,0x23,0x06,0xFC,0x01,0x20,0x00,0xFE,0x03,0x20,0x00,0xFC,0x01,0x20,0x00,0xFF,0x07}, /* 奎 */
    {0x02,0x01,0x12,0x02,0xCA,0x07,0x42,0x05,0xD2,0x07,0x4B,0x05,0xDE,0x07,0x42,0x01,0xA2,0x02,0xE2,0x02,0x81,0x02,0x7F,0x04}, /* 魁 */
    {0x88,0x00,0x90,0x00,0x7E,0x01,0x4A,0x01,0x7E,0x03,0x52,0x05,0x7E,0x01,0x14,0x01,0x2A,0x01,0x2E,0x01,0x49,0x01,0x87,0x01}, /* 傀 */
    {0x08,0x02,0x7F,0x02,0x49,0x03,0x7F,0x05,0x08,0x00,0xFF,0x02,0x00,0x02,0x7F,0x02,0x49,0x02,0x49,0x02,0x16,0x03,0x61,0x02}, /* 馈 */
    {0x08,0x01,0x10,0x01,0x7E,0x01,0xCA,0x05,0x7E,0x05,0x52,0x05,0x7E,0x05,0x14,0x01,0x2A,0x01,0x2E,0x01,0x49,0x01,0x87,0x01}, /* 愧 */
    {0x10,0x00,0xFE,0x04,0x92,0x02,0xFE,0x00,0x10,0x00,0xFF,0x05,0x00,0x02,0xFE,0x00,0x92,0x00,0x92,0x02,0x2C,0x04,0xC2,0x00}, /* 溃 */
    {0x08,0x02,0x08,0x02,0x7F,0x02,0x49,0x02,0x49,0x07,0x7F,0x02,0x49,0x02,0x49,0x02,0x7F,0x02,0x49,0x03,0x08,0x06,0x08,0x00}, /* 坤 */
    {0xFE,0x03,0x02,0x02,0xFE,0x03,0x02,0x02,0xFE,0x03,0x00,0x00,0x11,0x02,0xD2,0x03,0x1C,0x02,0x11,0x02,0xD1,0x02,0x0F,0x03}, /* 昆 */
    {0x00,0x01,0x7F,0x01,0x49,0x01,0xC9,0x07,0x7F,0x01,0x49,0x01,0xDD,0x01,0x6B,0x07,0x49,0x01,0x49,0x01,0x7F,0x01,0x41,0x03}, /* 捆 */
    {0xFF,0x07,0x21,0x04,0x21,0x04,0xFD,0x05,0x21,0x04,0x71,0x04,0xA9,0x04,0x25,0x05,0x21,0x04,0x21,0x04,0xFF,0x07,0x01,0x04}, /* 困 */
    {0x07,0x01,0x78,0x01,0x08,0x01,0x88,0x07,0x7F,0x01,0x08,0x01,0x88,0x01,0x7F,0x07,0x41,0x01,0x41,0x01,0x7F,0x01,0x41,0x03}, /* 括 */
    {0x08,0x01,0x04,0x01,0x3F,0x01,0xA0,0x07,0x20,0x01,0x20,0x01,0xA0,0x01,0x20,0x07,0x20,0x01,0x20,0x01,0x20,0x01,0x40,0x03}, /* 扩 */
    {0x10,0x00,0xFF,0x03,0x40,0x02,0xF7,0x03,0xA5,0x02,0xE5,0x02,0x06,0x02,0xE5,0x02,0x25,0x02,0xF6,0x03,0x44,0x04,0xC4,0x00}, /* 廓 */
    {0xFF,0x04,0x01,0x02,0x0D,0x00,0x71,0x06,0x11,0x05,0xFF,0x04,0x11,0x06,0x7D,0x05,0x45,0x04,0x45,0x05,0x7D,0x06,0x03,0x04}, /* 阔 */
    {0x08,0x01,0x04,0x01,0x00,0x01,0x3F,0x01,0x80,0x07,0x22,0x01,0x12,0x01,0x12,0x01,0x14,0x01,0x84,0x01,0x08,0x06,0x7F,0x00}, /* 垃 */
    {0x08,0x01,0x04,0x01,0x00,0x01,0xBF,0x07,0x00,0x01,0x22,0x01,0x92,0x01,0x12,0x07,0x14,0x01,0x04,0x01,0x08,0x01,0x7F,0x03}, /* 拉 */
    {0x21,0x00,0x21,0x07,0xF9,0x05,0x25,0x05,0xFD,0x05,0xAD,0x05,0xFD,0x05,0x25,0x05,0x75,0x07,0xA9,0x05,0x21,0x00,0x23,0x00}, /* 喇 */
    {0x0A,0x01,0x0A,0x01,0x1F,0x01,0xCA,0x07,0x7F,0x05,0x40,0x05,0xDF,0x07,0x11,0x01,0x5F,0x01,0xD1,0x01,0x5F,0x06,0x11,0x00}, /* 蜡 */
    {0x14,0x00,0x94,0x03,0xBE,0x02,0x94,0x02,0xBF,0x03,0x80,0x02,0xBE,0x02,0xA2,0x03,0xBE,0x02,0xA2,0x02,0xBE,0x02,0xA2,0x05}, /* 腊 */
    {0x08,0x02,0x08,0x01,0xBF,0x07,0x08,0x00,0xBF,0x02,0x29,0x01,0xBF,0x07,0x08,0x01,0x9C,0x03,0x2A,0x01,0x49,0x01,0x08,0x02}, /* 辣 */
    {0x44,0x00,0x42,0x07,0x40,0x05,0xEF,0x05,0x40,0x05,0x49,0x05,0x69,0x05,0xC9,0x05,0x4A,0x07,0x42,0x05,0x44,0x00,0xDF,0x00}, /* 啦 */
    {0x88,0x00,0xFF,0x07,0x88,0x00,0x20,0x00,0xFE,0x03,0x24,0x01,0xA8,0x00,0xFF,0x07,0x70,0x00,0xAC,0x01,0x23,0x06,0x20,0x00}, /* 莱 */
    {0x20,0x00,0x20,0x00,0xFE,0x03,0x20,0x00,0x24,0x01,0xA8,0x00,0xFF,0x07,0x70,0x00,0xA8,0x00,0x24,0x01,0x23,0x06,0x20,0x00}, /* 来 */
    {0x08,0x01,0x0E,0x01,0xD2,0x07,0x24,0x01,0xDF,0x07,0x51,0x05,0xD5,0x07,0x15,0x01,0x95,0x03,0x4A,0x05,0x11,0x01,0x21,0x01}, /* 赖 */
    {0x04,0x01,0xFF,0x07,0x04,0x01,0x90,0x00,0x9F,0x02,0xA4,0x02,0x82,0x02,0x00,0x00,0xFE,0x03,0x52,0x02,0x52,0x02,0xFF,0x07}, /* 蓝 */
    {0x04,0x01,0xDF,0x07,0x04,0x01,0x8E,0x03,0x55,0x05,0x04,0x01,0x40,0x00,0xFF,0x07,0x84,0x00,0x88,0x01,0x70,0x00,0x8E,0x07}, /* 婪 */
    {0x22,0x01,0x12,0x01,0x14,0x01,0xBE,0x07,0x00,0x01,0x00,0x03,0x80,0x03,0x3E,0x05,0x00,0x01,0x00,0x01,0x00,0x01,0x7F,0x01}, /* 栏 */
    {0x22,0x01,0x12,0x01,0x14,0x01,0xBE,0x07,0x00,0x01,0x00,0x01,0x80,0x01,0x3E,0x07,0x00,0x01,0x00,0x01,0x00,0x01,0x7F,0x03}, /* 拦 */
    {0x10,0x02,0xDF,0x03,0x24,0x05,0x90,0x00,0x9F,0x02,0xA4,0x02,0x82,0x02,0x00,0x00,0xFE,0x03,0x52,0x02,0x52,0x02,0xFF,0x07}, /* 篮 */
    {0xFF,0x04,0x21,0x02,0xFD,0x01,0x21,0x04,0xFD,0x05,0x25,0x05,0xAD,0x05,0x25,0x05,0xFD,0x05,0xA9,0x04,0x25,0x05,0x23,0x04}, /* 阑 */
    {0x04,0x01,0x84,0x00,0x88,0x00,0xFE,0x03,0x00,0x00,0x00,0x00,0x00,0x00,0xFC,0x01,0x00,0x00,0x00,0x00,0x00,0x00,0xFF,0x07}, /* 兰 */
    {0x3F,0x01,0x91,0x04,0x7D,0x02,0x11,0x01,0x7D,0x01,0x55,0x05,0x7D,0x03,0x55,0x01,0x7D,0x01,0x39,0x03,0x55,0x05,0x13,0x01}, /* 澜 */
    {0xBF,0x04,0x11,0x02,0xFD,0x00,0x91,0x00,0xFD,0x06,0xD5,0x02,0xFD,0x02,0xD5,0x02,0xFD,0x02,0xB9,0x02,0xD5,0x03,0x93,0x02}, /* 谰 */
    {0x14,0x02,0x57,0x02,0x5A,0x02,0x51,0x07,0x10,0x02,0x7E,0x02,0x42,0x03,0x52,0x06,0x52,0x02,0x28,0x02,0x49,0x02,0x87,0x06}, /* 揽 */
    {0x90,0x00,0x9F,0x04,0x94,0x04,0xA2,0x04,0x80,0x00,0xFE,0x03,0x02,0x02,0x22,0x02,0x22,0x02,0x50,0x00,0x91,0x01,0x0F,0x06}, /* 览 */
    {0x24,0x02,0x27,0x02,0xF9,0x02,0x22,0x03,0xFF,0x06,0xAD,0x06,0xFD,0x02,0x25,0x02,0x75,0x02,0xA2,0x02,0x25,0x02,0x29,0x02}, /* 懒 */
    {0x14,0x01,0x57,0x01,0x5A,0x02,0xD1,0x04,0x10,0x07,0x7E,0x01,0x42,0x02,0x52,0x07,0x52,0x00,0x28,0x01,0x49,0x06,0x87,0x00}, /* 缆 */
    {0x22,0x01,0x12,0x01,0x54,0x01,0xBE,0x05,0x00,0x05,0x00,0x05,0x00,0x05,0x3E,0x01,0x00,0x01,0x80,0x02,0x80,0x02,0x7F,0x04}, /* 烂 */
    {0x28,0x00,0xA8,0x04,0xAF,0x02,0xB0,0x00,0xA4,0x00,0x22,0x04,0x00,0x02,0xFE,0x00,0xAA,0x00,0xAA,0x02,0xAA,0x04,0xFF,0x01}, /* 滥 */
    {0x10,0x00,0x88,0x07,0x3E,0x01,0x22,0x01,0x3E,0x01,0xA2,0x07,0x3E,0x01,0x29,0x01,0x2A,0x01,0xA4,0x01,0x32,0x06,0x21,0x00}, /* 琅 */
    {0x40,0x01,0x27,0x01,0x75,0x01,0xD5,0x07,0x76,0x01,0x56,0x03,0xF5,0x03,0x45,0x05,0x65,0x01,0x56,0x01,0x6C,0x01,0x44,0x01}, /* 榔 */
    {0x90,0x00,0x88,0x02,0x3E,0x01,0xA2,0x02,0xBE,0x04,0xA2,0x00,0xBE,0x01,0xA9,0x02,0xAA,0x04,0xA4,0x00,0xB2,0x00,0x21,0x03}, /* 狼 */
    {0x10,0x00,0xFF,0x03,0x20,0x02,0xF7,0x02,0x95,0x02,0xF5,0x02,0x96,0x02,0xF5,0x02,0x85,0x02,0xA6,0x02,0xD4,0x02,0x84,0x04}, /* 廊 */
    {0x00,0x01,0x8F,0x00,0xE9,0x03,0x29,0x02,0xEA,0x03,0x2A,0x02,0xE9,0x03,0x89,0x02,0x49,0x02,0xAE,0x02,0x28,0x03,0x08,0x02}, /* 郎 */
    {0x00,0x01,0x8F,0x00,0xE9,0x03,0x29,0x02,0xEF,0x03,0x29,0x02,0xE9,0x03,0x8F,0x02,0x49,0x02,0xA9,0x02,0x29,0x03,0x13,0x02}, /* 朗 */
    {0x20,0x00,0x10,0x04,0xFE,0x02,0x82,0x00,0xFE,0x00,0x82,0x04,0xFE,0x02,0x90,0x00,0x91,0x01,0x8A,0x02,0xA4,0x04,0xC3,0x00}, /* 浪 */
    {0x22,0x01,0x7F,0x01,0x22,0x01,0x80,0x07,0x7F,0x01,0x41,0x01,0x90,0x01,0x7F,0x07,0x11,0x01,0x11,0x01,0x21,0x01,0x46,0x03}, /* 捞 */
    {0x88,0x00,0xFF,0x07,0x88,0x00,0x00,0x00,0xFF,0x07,0x41,0x04,0x40,0x00,0xFE,0x03,0x82,0x00,0x82,0x00,0x02,0x01,0x0C,0x02}, /* 劳 */
    {0x20,0x00,0xFF,0x07,0x01,0x04,0x20,0x00,0x20,0x01,0xFE,0x01,0x20,0x02,0x20,0x00,0xFF,0x07,0x20,0x00,0x20,0x00,0x20,0x00}, /* 牢 */
    {0x20,0x00,0x22,0x00,0xFC,0x03,0x28,0x00,0x30,0x00,0xFF,0x07,0x40,0x00,0xC2,0x00,0x4C,0x01,0x71,0x02,0x41,0x04,0x3F,0x00}, /* 老 */
    {0x90,0x00,0x91,0x00,0x7D,0x01,0x12,0x01,0x14,0x03,0xFF,0x05,0x10,0x01,0x22,0x01,0x6C,0x01,0xB0,0x01,0x21,0x01,0x1F,0x01}, /* 佬 */
    {0x08,0x01,0x09,0x01,0x3D,0x01,0x8A,0x07,0x8C,0x02,0xBF,0x02,0x90,0x02,0xB3,0x04,0xDC,0x02,0x10,0x01,0x91,0x02,0x4F,0x04}, /* 姥 */
    {0x10,0x00,0xDE,0x07,0x22,0x01,0xD2,0x07,0x4C,0x05,0x52,0x05,0xE1,0x06,0x5E,0x04,0xD2,0x07,0x52,0x04,0xDE,0x07,0x52,0x04}, /* 酪 */
    {0x10,0x01,0x1E,0x01,0xA2,0x01,0x54,0x05,0x08,0x05,0x14,0x05,0x63,0x05,0x3E,0x01,0x22,0x01,0xA2,0x02,0xBE,0x02,0x22,0x04}, /* 烙 */
    {0x24,0x00,0xFF,0x04,0x24,0x02,0x00,0x00,0xFF,0x00,0x91,0x04,0x10,0x02,0xFF,0x00,0x11,0x00,0x21,0x02,0x41,0x04,0x86,0x00}, /* 涝 */
    {0x44,0x01,0xF4,0x07,0x44,0x01,0xCF,0x01,0x85,0x00,0xE5,0x03,0xA5,0x02,0xE5,0x03,0x85,0x00,0xF9,0x07,0x89,0x00,0x96,0x00}, /* 勒 */
    {0x1C,0x00,0xE0,0x03,0x00,0x02,0x20,0x02,0x20,0x02,0xFE,0x03,0x20,0x00,0x24,0x01,0x22,0x01,0x21,0x02,0x21,0x04,0xE0,0x00}, /* 乐 */
    {0xFE,0x03,0x20,0x00,0xFF,0x07,0xAD,0x05,0x20,0x00,0xAE,0x03,0x00,0x00,0xFE,0x03,0x22,0x02,0xFE,0x03,0x22,0x02,0xFE,0x03}, /* 雷 */
    {0x7F,0x02,0x08,0x03,0x7F,0x04,0x49,0x00,0x2A,0x07,0x00,0x02,0x7F,0x02,0x49,0x07,0x7F,0x02,0x49,0x02,0x7F,0x03,0x41,0x02}, /* 镭 */
    {0x04,0x01,0xFF,0x07,0x04,0x01,0xFE,0x03,0x20,0x00,0xFF,0x07,0x25,0x05,0xFE,0x03,0x22,0x02,0xFE,0x03,0x22,0x02,0xFE,0x03}, /* 蕾 */
    {0xFE,0x03,0x40,0x00,0xFC,0x00,0x84,0x01,0xFC,0x02,0x00,0x00,0xDF,0x07,0x08,0x01,0xDF,0x03,0x69,0x06,0xCF,0x03,0x49,0x02}, /* 磊 */
    {0xFE,0x03,0x22,0x02,0xFE,0x03,0x22,0x02,0xFE,0x03,0x88,0x00,0xF0,0x01,0x44,0x00,0xFE,0x03,0x20,0x00,0x24,0x01,0x62,0x02}, /* 累 */
    {0x80,0x00,0x04,0x01,0xFE,0x03,0x04,0x01,0x08,0x02,0x92,0x04,0xDF,0x07,0x41,0x00,0x20,0x00,0xFE,0x03,0x20,0x00,0xFF,0x07}, /* 垒 */
    {0x7F,0x01,0x08,0x01,0x7F,0x01,0xC9,0x07,0x2A,0x01,0x00,0x01,0xFF,0x01,0x49,0x07,0x7F,0x01,0x49,0x01,0x7F,0x01,0x41,0x03}, /* 擂 */
    {0x08,0x00,0xC8,0x03,0x48,0x02,0x7F,0x02,0xC9,0x03,0x49,0x02,0x49,0x02,0xC9,0x03,0x51,0x02,0x51,0x02,0x61,0x02,0xC6,0x04}, /* 肋 */
    {0x20,0x00,0x24,0x01,0xA8,0x00,0xFF,0x07,0xA8,0x00,0x24,0x01,0x02,0x02,0x20,0x00,0xFF,0x07,0x50,0x00,0x8C,0x01,0x03,0x06}, /* 类 */
    {0x00,0x00,0x7F,0x02,0x41,0x01,0x41,0x00,0x7F,0x04,0x41,0x02,0x41,0x00,0x7F,0x00,0x41,0x01,0x41,0x02,0x7F,0x04,0x41,0x00}, /* 泪 */
    {0x08,0x01,0x3E,0x01,0x88,0x07,0x7F,0x01,0x22,0x01,0xD1,0x03,0x1E,0x03,0x22,0x05,0x54,0x01,0x08,0x01,0x14,0x01,0x63,0x01}, /* 棱 */
    {0x10,0x00,0x10,0x00,0x28,0x04,0x44,0x02,0x93,0x00,0x08,0x00,0x7E,0x00,0x02,0x00,0x04,0x01,0x28,0x02,0x10,0x04,0x08,0x00}, /* 冷 */
    {0x00,0x00,0xFF,0x03,0x00,0x02,0xFE,0x02,0x92,0x02,0xFE,0x02,0x92,0x02,0xFE,0x02,0x10,0x02,0xFE,0x02,0x10,0x02,0xFF,0x05}, /* 厘 */
    {0x61,0x00,0x89,0x03,0x89,0x00,0xE9,0x07,0xC9,0x01,0xA1,0x02,0x83,0x04,0x20,0x00,0xFF,0x07,0xA8,0x00,0x24,0x01,0x23,0x06}, /* 梨 */
    {0x61,0x00,0x89,0x03,0x89,0x00,0xE9,0x07,0xC9,0x01,0xA1,0x02,0x83,0x04,0x20,0x01,0xFE,0x01,0x20,0x02,0xFF,0x07,0x20,0x00}, /* 犁 */
    {0xD0,0x03,0x9F,0x00,0xE5,0x07,0xC5,0x01,0xA9,0x02,0xD3,0x04,0x8C,0x01,0x23,0x06,0x24,0x01,0xA8,0x00,0x24,0x01,0x62,0x02}, /* 黎 */
    {0x10,0x02,0xDF,0x03,0xA4,0x04,0xFF,0x07,0x88,0x00,0x72,0x02,0x8A,0x02,0xFE,0x03,0x20,0x00,0xFF,0x07,0x91,0x04,0xFB,0x05}, /* 篱 */
    {0x7F,0x01,0x49,0x05,0x49,0x02,0x7F,0x05,0x49,0x01,0x49,0x01,0x7F,0x03,0x08,0x05,0x7F,0x01,0x08,0x01,0x08,0x01,0xFF,0x06}, /* 狸 */
    {0x20,0x00,0xFF,0x07,0x88,0x00,0x72,0x02,0x8A,0x02,0xFE,0x03,0x20,0x00,0xFF,0x07,0x41,0x04,0x91,0x04,0xF9,0x05,0x0B,0x04}, /* 离 */
    {0x10,0x00,0xFF,0x05,0x28,0x02,0x92,0x00,0xAA,0x00,0xFE,0x04,0x10,0x02,0xFF,0x01,0x21,0x01,0x49,0x03,0x7D,0x05,0x03,0x01}, /* 漓 */
    {0x7F,0x00,0x49,0x07,0x49,0x02,0x7F,0x02,0x49,0x02,0x49,0x07,0x7F,0x02,0x08,0x02,0x7F,0x02,0x08,0x03,0x08,0x06,0xFF,0x00}, /* 理 */
    {0x20,0x00,0xFF,0x07,0xA8,0x00,0x24,0x01,0x23,0x06,0xF8,0x01,0x10,0x00,0x20,0x00,0xFF,0x07,0x20,0x00,0x20,0x00,0xE0,0x00}, /* 李 */
    {0xFE,0x03,0x22,0x02,0x22,0x02,0xFE,0x03,0x22,0x02,0x22,0x02,0xFE,0x03,0x20,0x00,0xFE,0x03,0x20,0x00,0x20,0x00,0xFF,0x07}, /* 里 */
    {0x1F,0x02,0x95,0x03,0x95,0x04,0x1F,0x01,0xD5,0x07,0x55,0x05,0xDF,0x07,0x44,0x05,0xDF,0x07,0x04,0x00,0xC4,0x01,0x3F,0x06}, /* 鲤 */
    {0x10,0x02,0x10,0x01,0x90,0x07,0x90,0x00,0x10,0x01,0x10,0x01,0x90,0x03,0x50,0x05,0x11,0x01,0x11,0x01,0x11,0x01,0x0F,0x01}, /* 礼 */
    {0x88,0x00,0xFF,0x07,0x88,0x00,0x62,0x00,0x8A,0x03,0x8A,0x00,0xEA,0x07,0x8A,0x00,0xCA,0x01,0xAA,0x02,0x82,0x04,0x86,0x00}, /* 莉 */
    {0x88,0x00,0xFF,0x07,0x88,0x00,0x40,0x00,0xFE,0x03,0x82,0x00,0x0C,0x03,0x08,0x01,0xDF,0x07,0x49,0x01,0x49,0x02,0xD3,0x04}, /* 荔 */
    {0x20,0x00,0x20,0x00,0xFF,0x07,0x20,0x00,0xFE,0x03,0x22,0x02,0x22,0x02,0xFE,0x03,0x40,0x01,0xC0,0x00,0x30,0x01,0x0F,0x06}, /* 吏 */
    {0xFF,0x07,0x50,0x00,0xFE,0x03,0x52,0x02,0x52,0x02,0xFE,0x03,0x20,0x00,0xFF,0x07,0xA8,0x00,0x24,0x01,0x23,0x06,0x20,0x00}, /* 栗 */
    {0x00,0x00,0xFF,0x07,0x00,0x00,0xDE,0x03,0x52,0x02,0x52,0x02,0x5A,0x03,0xD6,0x02,0x52,0x02,0x52,0x02,0x52,0x02,0xD6,0x02}, /* 丽 */
    {0x00,0x00,0xFF,0x03,0x00,0x02,0x00,0x02,0xFE,0x02,0x20,0x02,0x20,0x02,0x3E,0x02,0x22,0x02,0x42,0x02,0x42,0x02,0x8C,0x04}, /* 厉 */
    {0x04,0x00,0xF4,0x03,0x04,0x02,0xEF,0x03,0x85,0x02,0x85,0x02,0xE5,0x02,0xA5,0x02,0xA5,0x02,0xA9,0x02,0xA9,0x02,0x76,0x05}, /* 励 */
    {0x06,0x00,0xB8,0x07,0x20,0x01,0x28,0x01,0x28,0x02,0xBF,0x03,0x88,0x06,0xAA,0x02,0xA9,0x02,0xC9,0x03,0x88,0x02,0x18,0x00}, /* 砾 */
    {0x00,0x00,0xFF,0x03,0x20,0x02,0x20,0x02,0xFE,0x02,0x22,0x02,0x22,0x02,0x22,0x02,0x42,0x02,0x42,0x02,0x82,0x02,0x1C,0x05}, /* 历 */
    {0x61,0x00,0x81,0x03,0x89,0x00,0x89,0x00,0xF9,0x07,0x89,0x00,0xC9,0x01,0xA9,0x02,0x89,0x04,0x81,0x00,0x81,0x00,0x87,0x00}, /* 利 */
    {0xFF,0x01,0x28,0x01,0xFE,0x02,0xAA,0x02,0xAA,0x06,0xFE,0x02,0x10,0x02,0xFF,0x03,0x38,0x02,0x54,0x02,0x93,0x03,0x10,0x02}, /* 傈 */
    {0x01,0x01,0xF1,0x01,0x45,0x02,0x45,0x02,0x75,0x06,0x95,0x02,0x95,0x02,0x55,0x03,0x25,0x02,0x21,0x02,0x41,0x02,0x87,0x02}, /* 例 */
    {0x11,0x01,0x61,0x01,0x25,0x02,0x25,0x02,0xFD,0x06,0x25,0x02,0x25,0x02,0x75,0x02,0xAD,0x02,0x21,0x02,0x21,0x02,0x23,0x02}, /* 俐 */
    {0x10,0x00,0xFF,0x01,0x00,0x01,0x11,0x05,0x61,0x03,0x25,0x01,0xFD,0x01,0x25,0x03,0x75,0x05,0xAD,0x01,0x21,0x02,0x23,0x04}, /* 痢 */
    {0x40,0x00,0x20,0x00,0x00,0x00,0xFE,0x03,0x00,0x00,0x04,0x00,0x04,0x01,0x84,0x00,0x88,0x00,0x88,0x00,0x10,0x00,0xFF,0x07}, /* 立 */
    {0x08,0x01,0x04,0x01,0x40,0x05,0xBF,0x03,0x00,0x01,0xA2,0x07,0x12,0x01,0x92,0x03,0x54,0x05,0x04,0x01,0x08,0x01,0x7F,0x01}, /* 粒 */
    {0x00,0x00,0xFF,0x04,0x80,0x02,0x88,0x00,0x88,0x00,0xBF,0x04,0x89,0x02,0x89,0x00,0x91,0x00,0x91,0x02,0x21,0x05,0x46,0x02}, /* 沥 */
    {0x20,0x00,0xFC,0x01,0x24,0x00,0xFF,0x07,0x24,0x00,0xFC,0x01,0x22,0x02,0x74,0x01,0xA8,0x00,0x24,0x01,0x23,0x06,0x60,0x00}, /* 隶 */
    {0x40,0x00,0x40,0x00,0x40,0x00,0xFE,0x07,0x42,0x00,0x42,0x00,0x42,0x00,0x82,0x00,0x82,0x00,0x02,0x01,0x02,0x02,0x1C,0x04}, /* 力 */
    {0x08,0x00,0x7F,0x07,0x14,0x02,0x49,0x02,0x55,0x02,0x7F,0x07,0x08,0x02,0x7F,0x02,0x49,0x02,0x55,0x03,0x5D,0x06,0x43,0x00}, /* 璃 */
    {0x00,0x01,0xFF,0x01,0x28,0x02,0x28,0x02,0xFE,0x06,0xAA,0x02,0xAA,0x02,0xAA,0x02,0xD6,0x02,0x82,0x02,0x82,0x02,0x86,0x02}, /* 俩 */
    {0x22,0x00,0xD4,0x07,0x80,0x02,0xBE,0x02,0x88,0x03,0x88,0x02,0xFF,0x03,0x88,0x02,0xD4,0x02,0x94,0x07,0xA2,0x00,0xC1,0x00}, /* 联 */
    {0x88,0x00,0xFF,0x07,0x88,0x00,0x10,0x04,0xFF,0x02,0x28,0x00,0x7E,0x06,0x08,0x02,0xFF,0x02,0x08,0x02,0x08,0x02,0xFF,0x05}, /* 莲 */
    {0x10,0x04,0x10,0x02,0xFF,0x00,0x20,0x00,0x48,0x00,0x7E,0x06,0x08,0x02,0x08,0x02,0xFF,0x02,0x08,0x02,0x08,0x02,0xFF,0x05}, /* 连 */
    {0x10,0x00,0xFF,0x03,0x44,0x02,0xFF,0x03,0x28,0x02,0xFE,0x02,0x2A,0x02,0xFF,0x03,0x2A,0x02,0xFE,0x02,0x6C,0x02,0xAB,0x05}, /* 廉 */
    {0x10,0x01,0x10,0x01,0xA8,0x01,0x44,0x05,0x93,0x05,0x08,0x05,0x7E,0x05,0x02,0x01,0x04,0x01,0x28,0x01,0x10,0x01,0x08,0x01}, /* 怜 */
    {0x08,0x01,0x88,0x04,0x3E,0x02,0x10,0x00,0xA8,0x01,0xBE,0x04,0x88,0x02,0x88,0x00,0xBE,0x00,0x88,0x02,0x48,0x05,0x3F,0x02}, /* 涟 */
    {0x40,0x00,0x20,0x00,0xFF,0x07,0x89,0x04,0x25,0x05,0x20,0x00,0xFE,0x03,0x22,0x02,0x22,0x02,0x22,0x02,0x26,0x02,0x20,0x00}, /* 帘 */
    {0x88,0x00,0x88,0x00,0x48,0x01,0x2F,0x02,0x12,0x04,0xEA,0x03,0x0A,0x01,0xAA,0x04,0xAA,0x02,0x44,0x02,0xEA,0x00,0x11,0x07}, /* 敛 */
    {0x08,0x00,0x88,0x03,0x94,0x02,0xA2,0x02,0xC1,0x03,0xBE,0x02,0x80,0x02,0x92,0x03,0xCA,0x02,0xAA,0x02,0xA4,0x02,0xFF,0x05}, /* 脸 */
    {0x42,0x02,0x22,0x02,0x8F,0x03,0x04,0x04,0x6A,0x07,0x2F,0x02,0x22,0x02,0xA2,0x07,0x2F,0x02,0x22,0x02,0x52,0x03,0x8F,0x02}, /* 链 */
    {0x40,0x00,0x20,0x00,0xFF,0x07,0x88,0x00,0x8A,0x02,0x89,0x02,0x89,0x04,0x00,0x00,0x22,0x00,0x91,0x02,0x85,0x02,0x7C,0x04}, /* 恋 */
    {0x08,0x01,0x08,0x01,0x7F,0x01,0x90,0x05,0x78,0x05,0x28,0x05,0x3F,0x05,0x08,0x01,0x2A,0x01,0xA9,0x02,0x49,0x02,0x18,0x04}, /* 炼 */
    {0x08,0x01,0x08,0x01,0x7F,0x02,0x90,0x04,0x78,0x07,0x28,0x01,0x3F,0x02,0x88,0x07,0x2A,0x00,0xA9,0x01,0x49,0x06,0x18,0x00}, /* 练 */
    {0x10,0x01,0x08,0x01,0x7E,0x05,0xA2,0x03,0x3E,0x01,0xE2,0x07,0x3E,0x01,0xA9,0x03,0x6A,0x05,0x24,0x01,0x32,0x01,0x21,0x01}, /* 粮 */
    {0x20,0x00,0x10,0x00,0xFF,0x05,0x00,0x02,0xFE,0x00,0x82,0x00,0x82,0x00,0xFE,0x00,0x10,0x02,0x92,0x04,0x11,0x01,0x30,0x00}, /* 凉 */
    {0x7C,0x02,0x14,0x01,0x56,0x04,0x95,0x02,0x24,0x00,0x4C,0x02,0x20,0x04,0xFF,0x07,0xA8,0x00,0x24,0x01,0x23,0x06,0x20,0x00}, /* 梁 */
    {0x7C,0x02,0x14,0x01,0x56,0x04,0x95,0x02,0x24,0x00,0x4C,0x02,0x24,0x05,0xA8,0x00,0xFF,0x07,0xA8,0x00,0x24,0x01,0x23,0x06}, /* 粱 */
    {0x40,0x00,0x20,0x00,0xFE,0x03,0x02,0x02,0xFE,0x03,0x02,0x02,0xFE,0x03,0x21,0x02,0x12,0x02,0x0C,0x02,0x44,0x02,0x83,0x03}, /* 良 */
    {0x00,0x00,0xFF,0x07,0x88,0x00,0x88,0x00,0xFF,0x07,0x89,0x04,0x89,0x04,0x55,0x05,0x23,0x06,0x41,0x04,0x01,0x04,0x03,0x04}, /* 两 */
    {0x00,0x01,0x7F,0x01,0x94,0x07,0x14,0x02,0x7F,0x05,0xD5,0x07,0x55,0x01,0xD5,0x01,0x6B,0x07,0x41,0x01,0x41,0x01,0x43,0x01}, /* 辆 */
    {0xFE,0x03,0x22,0x02,0x12,0x02,0xFF,0x07,0x22,0x02,0xFE,0x03,0x22,0x02,0xFE,0x03,0x20,0x00,0xFE,0x03,0x20,0x00,0xFF,0x07}, /* 量 */
    {0x10,0x00,0x08,0x07,0x7F,0x05,0x00,0x05,0x3E,0x05,0x22,0x07,0x22,0x05,0x3E,0x05,0x08,0x05,0x2A,0x07,0x49,0x05,0x18,0x00}, /* 晾 */
    {0x20,0x00,0xFF,0x07,0x00,0x00,0xFC,0x01,0x04,0x01,0xFC,0x01,0x00,0x00,0xFF,0x07,0x01,0x04,0xF8,0x01,0x09,0x01,0x07,0x06}, /* 亮 */
    {0x10,0x02,0x08,0x01,0x7F,0x00,0x00,0x00,0x3E,0x07,0x22,0x01,0x22,0x01,0x3E,0x01,0x08,0x01,0xAA,0x01,0x49,0x01,0x18,0x00}, /* 谅 */
    {0x08,0x01,0x7F,0x01,0x08,0x01,0xD5,0x07,0x22,0x01,0x7F,0x01,0xA2,0x01,0x3E,0x07,0x22,0x01,0x3E,0x01,0x2A,0x01,0x59,0x03}, /* 撩 */
    {0xC8,0x07,0x97,0x02,0xA5,0x02,0xA5,0x03,0xA5,0x02,0xB5,0x02,0xB5,0x03,0xB5,0x02,0xD5,0x02,0x97,0x07,0x94,0x00,0xA4,0x00}, /* 聊 */
    {0x10,0x01,0xFF,0x01,0x28,0x02,0x45,0x03,0xFE,0x06,0x45,0x03,0x7C,0x02,0x44,0x02,0x7C,0x02,0x10,0x02,0x54,0x02,0xB2,0x02}, /* 僚 */
    {0x20,0x00,0x10,0x00,0xFF,0x01,0x00,0x05,0x7E,0x03,0x02,0x01,0x04,0x01,0x08,0x03,0x08,0x05,0x08,0x01,0x08,0x02,0x38,0x04}, /* 疗 */
    {0x08,0x01,0x7F,0x01,0x08,0x01,0x55,0x05,0xA2,0x05,0x7F,0x05,0x22,0x05,0x3E,0x01,0x22,0x01,0xBE,0x02,0x2A,0x02,0x59,0x04}, /* 燎 */
    {0x20,0x00,0xFF,0x07,0x01,0x04,0xDE,0x03,0x52,0x02,0x4A,0x01,0x32,0x02,0xD8,0x00,0x17,0x07,0xE0,0x00,0x1C,0x00,0xE0,0x03}, /* 寥 */
    {0x00,0x02,0x7F,0x01,0x01,0x00,0x02,0x00,0x0C,0x07,0x08,0x01,0x08,0x01,0x08,0x01,0x08,0x01,0x18,0x01,0x80,0x02,0x7F,0x04}, /* 辽 */
    {0x10,0x04,0xFF,0x02,0x28,0x00,0x45,0x01,0xFE,0x04,0x45,0x03,0x7C,0x00,0x44,0x00,0x7C,0x01,0x10,0x02,0x92,0x04,0x31,0x01}, /* 潦 */
    {0x00,0x00,0xFE,0x03,0x02,0x00,0x04,0x00,0x08,0x00,0x10,0x00,0x10,0x00,0x10,0x00,0x10,0x00,0x10,0x00,0x10,0x00,0x70,0x00}, /* 了 */
    {0x7F,0x01,0x49,0x01,0x7F,0x01,0xC9,0x07,0x7F,0x01,0x20,0x01,0x7F,0x01,0xA2,0x01,0x14,0x07,0x7F,0x01,0x22,0x01,0x3E,0x03}, /* 撂 */
    {0x10,0x00,0xFF,0x03,0xAA,0x02,0x66,0x02,0xAA,0x02,0x10,0x02,0x6C,0x02,0x93,0x03,0x68,0x02,0x12,0x02,0x0C,0x02,0xF0,0x04}, /* 廖 */
    {0x02,0x01,0x12,0x01,0x4A,0x05,0x82,0x03,0x12,0x01,0xCA,0x07,0x03,0x01,0xBE,0x03,0x42,0x05,0x02,0x01,0x02,0x01,0x02,0x01}, /* 料 */
    {0x01,0x00,0xE1,0x07,0x09,0x01,0x09,0x01,0xE9,0x01,0x29,0x02,0x29,0x05,0xA9,0x00,0x49,0x00,0x81,0x00,0x01,0x01,0x07,0x02}, /* 列 */
    {0xE1,0x03,0x09,0x01,0xE9,0x03,0x29,0x05,0xC1,0x00,0x03,0x07,0x20,0x00,0xFF,0x07,0x50,0x00,0x8A,0x01,0xA4,0x06,0xC3,0x00}, /* 裂 */
    {0x02,0x00,0xE2,0x07,0x0A,0x01,0xEA,0x01,0x2A,0x02,0x4A,0x05,0x8A,0x00,0x02,0x01,0x06,0x06,0x00,0x00,0x92,0x02,0x49,0x04}, /* 烈 */
    {0x20,0x00,0x24,0x01,0x22,0x02,0x39,0x04,0xE0,0x00,0x00,0x07,0x40,0x00,0xFE,0x03,0x42,0x00,0x82,0x00,0x02,0x01,0x0C,0x06}, /* 劣 */
    {0x24,0x01,0x24,0x05,0x7E,0x02,0x24,0x05,0xFF,0x01,0x00,0x01,0x7E,0x03,0x42,0x05,0x7E,0x01,0x42,0x01,0x7E,0x01,0x42,0x06}, /* 猎 */
    {0x24,0x00,0x24,0x07,0x24,0x02,0xFF,0x02,0x24,0x02,0x34,0x07,0x6E,0x02,0xB5,0x02,0x24,0x02,0x24,0x03,0x24,0x06,0x24,0x00}, /* 琳 */
    {0x88,0x00,0x88,0x00,0x88,0x00,0xDF,0x07,0x88,0x00,0x9C,0x01,0xDC,0x01,0xAA,0x02,0xAA,0x02,0xC9,0x04,0x88,0x00,0x88,0x00}, /* 林 */
    {0x49,0x00,0xAA,0x07,0x7F,0x01,0x2A,0x01,0x49,0x02,0xA2,0x03,0xB7,0x06,0xD2,0x02,0xDA,0x02,0xAF,0x03,0xA2,0x02,0x42,0x00}, /* 磷 */
    {0xFE,0x03,0x20,0x00,0xFF,0x07,0xAD,0x05,0x20,0x00,0xAE,0x03,0x04,0x01,0xDF,0x07,0x04,0x01,0x8E,0x03,0x55,0x05,0x04,0x01}, /* 霖 */
    {0x20,0x01,0x20,0x01,0x3F,0x05,0x48,0x05,0x84,0x05,0x00,0x05,0x7F,0x05,0x49,0x05,0x49,0x05,0x49,0x01,0x7F,0x01,0x41,0x01}, /* 临 */
    {0x80,0x00,0x8F,0x00,0x49,0x01,0x29,0x02,0x9A,0x04,0x4A,0x00,0xE9,0x03,0x29,0x00,0x49,0x00,0x4E,0x01,0x88,0x00,0x48,0x00}, /* 邻 */
    {0x49,0x02,0xAA,0x03,0xFF,0x04,0x2A,0x01,0xC9,0x07,0x22,0x05,0xB7,0x07,0x52,0x05,0xDA,0x07,0x2F,0x00,0xA2,0x01,0x42,0x06}, /* 鳞 */
    {0x44,0x04,0x44,0x02,0x44,0x00,0xEF,0x01,0x44,0x04,0xC4,0x02,0xEE,0x00,0x4D,0x01,0x54,0x00,0x44,0x02,0x44,0x04,0x44,0x00}, /* 淋 */
    {0x10,0x00,0xFF,0x01,0x00,0x04,0xFE,0x02,0x82,0x00,0xBA,0x00,0xAA,0x00,0xFE,0x00,0x00,0x02,0xFF,0x05,0x92,0x00,0x31,0x01}, /* 凛 */
    {0x86,0x00,0x38,0x01,0x08,0x03,0x7F,0x05,0x08,0x01,0x3E,0x01,0x00,0x00,0xFE,0x03,0x22,0x02,0x22,0x02,0xDC,0x00,0x03,0x07}, /* 赁 */
    {0x40,0x00,0x20,0x00,0xFF,0x07,0x04,0x01,0x88,0x00,0x70,0x00,0x8C,0x01,0x03,0x06,0xFC,0x01,0x04,0x01,0x04,0x01,0xFC,0x01}, /* 吝 */
    {0x08,0x01,0x08,0x01,0x14,0x01,0xA2,0x07,0x49,0x01,0x04,0x01,0xBE,0x01,0x02,0x07,0x04,0x01,0x14,0x01,0x08,0x01,0x04,0x03}, /* 拎 */
    {0x08,0x00,0x88,0x07,0x14,0x01,0x22,0x01,0x49,0x01,0x84,0x07,0x3E,0x01,0x02,0x01,0x04,0x01,0x94,0x01,0x08,0x06,0x04,0x00}, /* 玲 */
    {0x88,0x00,0xFF,0x07,0xA8,0x00,0xFE,0x03,0x20,0x00,0xFF,0x07,0x04,0x01,0x42,0x02,0xF9,0x04,0x88,0x01,0x70,0x00,0x8F,0x07}, /* 菱 */
    {0xFE,0x03,0x20,0x00,0xFF,0x07,0xAD,0x05,0x20,0x00,0xAE,0x03,0x50,0x00,0xAC,0x01,0xFB,0x06,0x10,0x00,0xE0,0x00,0x18,0x00}, /* 零 */
    {0x08,0x01,0xC8,0x05,0x14,0x05,0x12,0x05,0xE9,0x07,0x04,0x00,0x5E,0x05,0x42,0x05,0xC4,0x06,0x54,0x04,0xC8,0x07,0x44,0x00}, /* 龄 */
    {0x08,0x02,0x08,0x02,0x94,0x03,0x22,0x04,0x49,0x07,0x04,0x02,0x3E,0x02,0x82,0x07,0x04,0x02,0x94,0x02,0x08,0x03,0x04,0x02}, /* 铃 */
    {0x90,0x00,0x90,0x00,0x28,0x01,0x44,0x01,0x93,0x03,0x08,0x05,0x7E,0x01,0x02,0x01,0x04,0x01,0x28,0x01,0x10,0x01,0x08,0x01}, /* 伶 */
    {0x48,0x04,0x88,0x02,0x14,0x00,0xA2,0x07,0x49,0x01,0x84,0x03,0x3E,0x01,0x82,0x07,0x04,0x01,0x14,0x01,0x08,0x02,0x04,0x04}, /* 羚 */
    {0x10,0x00,0xFE,0x04,0x10,0x02,0xFF,0x01,0x44,0x00,0xA2,0x00,0x3C,0x00,0x44,0x01,0xA8,0x02,0x10,0x04,0x6C,0x00,0x83,0x01}, /* 凌 */
    {0x00,0x00,0xFE,0x03,0x02,0x00,0xFE,0x01,0x02,0x00,0xFE,0x03,0x20,0x00,0x22,0x01,0x24,0x02,0x50,0x00,0x8C,0x01,0x03,0x06}, /* 灵 */
    {0x08,0x00,0x3E,0x07,0x08,0x05,0x7F,0x05,0x22,0x06,0x51,0x06,0x1E,0x05,0x22,0x05,0x54,0x05,0x08,0x06,0x14,0x04,0x63,0x04}, /* 陵 */
    {0x08,0x01,0x08,0x01,0x14,0x01,0x62,0x05,0x49,0x05,0x44,0x05,0x7E,0x05,0x42,0x05,0x44,0x05,0xD4,0x05,0x48,0x06,0x04,0x00}, /* 岭 */
    {0x00,0x01,0x1F,0x01,0x84,0x02,0x48,0x04,0x3F,0x01,0x91,0x00,0xD5,0x07,0x55,0x00,0x95,0x00,0x84,0x02,0x0A,0x01,0x91,0x00}, /* 领 */
    {0xFE,0x01,0x02,0x01,0x02,0x01,0x02,0x01,0xFE,0x01,0x40,0x00,0x40,0x00,0xFF,0x03,0x41,0x00,0x81,0x00,0x01,0x01,0x06,0x02}, /* 另 */
    {0x20,0x00,0x50,0x00,0x88,0x00,0x04,0x01,0x43,0x06,0x20,0x00,0xFC,0x03,0x04,0x00,0x08,0x00,0x90,0x01,0x60,0x00,0x18,0x00}, /* 令 */
    {0x40,0x00,0x9F,0x05,0x09,0x03,0x49,0x01,0xAB,0x01,0x10,0x05,0xFE,0x02,0x92,0x00,0xFE,0x00,0x92,0x02,0xFE,0x04,0x82,0x00}, /* 溜 */
    {0x10,0x00,0x08,0x07,0x7F,0x02,0x10,0x02,0x22,0x02,0x7F,0x07,0x01,0x02,0x54,0x02,0x54,0x02,0x54,0x03,0x55,0x06,0x83,0x00}, /* 琉 */
    {0x10,0x01,0x6F,0x01,0x45,0x01,0xD5,0x07,0x6B,0x01,0x90,0x03,0x7F,0x03,0x49,0x05,0x7F,0x01,0x49,0x01,0x7F,0x01,0x41,0x01}, /* 榴 */
    {0x08,0x00,0x84,0x07,0x3F,0x01,0x08,0x01,0x12,0x02,0xBF,0x03,0x81,0x06,0xAA,0x02,0xAA,0x02,0xAA,0x03,0xAA,0x02,0x43,0x00}, /* 硫 */
    {0x10,0x02,0x6F,0x02,0x45,0x03,0x55,0x05,0x6B,0x00,0x10,0x02,0x7F,0x02,0x49,0x02,0x7F,0x02,0x49,0x02,0x7F,0x03,0x41,0x02}, /* 馏 */
    {0xC0,0x00,0x1F,0x07,0x09,0x05,0x89,0x04,0x53,0x07,0x00,0x00,0xFE,0x03,0x22,0x02,0xFE,0x03,0x22,0x02,0xFE,0x03,0x02,0x02}, /* 留 */
    {0x01,0x01,0x81,0x00,0x09,0x00,0xE9,0x07,0x49,0x00,0x49,0x00,0x49,0x02,0x49,0x01,0x89,0x00,0x41,0x01,0x21,0x02,0x27,0x04}, /* 刘 */
    {0x10,0x00,0xFF,0x01,0x10,0x01,0x6F,0x05,0x55,0x03,0x6B,0x01,0x00,0x01,0x7F,0x03,0x49,0x05,0x7F,0x01,0x49,0x02,0x7F,0x04}, /* 瘤 */
    {0x10,0x00,0x08,0x04,0xFF,0x02,0x20,0x00,0x42,0x00,0xFF,0x04,0x01,0x02,0x54,0x00,0x54,0x00,0x55,0x02,0x95,0x04,0x13,0x01}, /* 流 */
    {0x10,0x01,0x67,0x01,0x55,0x01,0xD5,0x07,0x55,0x01,0x55,0x03,0xD5,0x03,0x75,0x05,0x57,0x01,0x14,0x01,0x24,0x01,0x44,0x01}, /* 柳 */
    {0x40,0x00,0x20,0x00,0x20,0x00,0x00,0x00,0xFF,0x07,0x00,0x00,0x88,0x00,0x84,0x00,0x02,0x01,0x02,0x01,0x01,0x02,0x01,0x04}, /* 六 */
    {0x48,0x00,0x44,0x00,0x40,0x00,0xFF,0x07,0x50,0x00,0x90,0x00,0x92,0x00,0x94,0x00,0x18,0x01,0x11,0x01,0x31,0x02,0x4F,0x04}, /* 龙 */
    {0x48,0x00,0xFF,0x07,0x94,0x00,0x19,0x01,0xEF,0x06,0x00,0x00,0xFF,0x07,0x04,0x01,0xFC,0x01,0x07,0x01,0xFC,0x07,0x04,0x00}, /* 聋 */
    {0x24,0x00,0x22,0x07,0x20,0x05,0xFF,0x05,0x28,0x05,0x29,0x05,0x2A,0x05,0x2C,0x05,0x48,0x07,0x59,0x05,0xA9,0x00,0x07,0x01}, /* 咙 */
    {0x10,0x02,0xDF,0x03,0xA4,0x04,0x10,0x00,0x48,0x00,0xFF,0x07,0x40,0x00,0xA4,0x00,0xA8,0x00,0x30,0x01,0x21,0x02,0xDF,0x04}, /* 笼 */
    {0x20,0x00,0xFF,0x07,0x89,0x04,0x14,0x01,0x9E,0x03,0xA2,0x02,0x9C,0x02,0x63,0x03,0xA8,0x02,0xBE,0x02,0x48,0x03,0x7F,0x02}, /* 窿 */
    {0x10,0x00,0x3E,0x07,0x62,0x05,0x1C,0x05,0x63,0x06,0x1C,0x05,0x48,0x05,0x7F,0x05,0x88,0x06,0x3E,0x04,0x08,0x04,0xFF,0x04}, /* 隆 */
    {0x48,0x00,0x44,0x00,0xFF,0x07,0x90,0x00,0x94,0x00,0x18,0x01,0x31,0x02,0xCF,0x04,0x20,0x00,0xFE,0x03,0x20,0x00,0xFF,0x07}, /* 垄 */
    {0x14,0x01,0x12,0x01,0x10,0x01,0xBF,0x07,0x14,0x01,0x14,0x01,0x95,0x01,0x16,0x07,0x24,0x01,0x2D,0x01,0x55,0x01,0x83,0x03}, /* 拢 */
    {0x24,0x00,0x22,0x07,0x20,0x05,0xFF,0x05,0x28,0x06,0x29,0x06,0x2A,0x05,0x2C,0x05,0x48,0x05,0x59,0x06,0xA9,0x04,0x07,0x05}, /* 陇 */
    {0x08,0x01,0x49,0x01,0x2A,0x01,0xFF,0x07,0x2A,0x01,0x49,0x03,0x90,0x03,0x7F,0x05,0x12,0x01,0x22,0x01,0x1C,0x01,0x63,0x01}, /* 楼 */
    {0x24,0x01,0xA8,0x00,0xFF,0x07,0xA8,0x00,0x24,0x01,0x02,0x02,0x40,0x00,0xFF,0x07,0x84,0x00,0x88,0x01,0x70,0x00,0x8E,0x07}, /* 娄 */
    {0x08,0x01,0x49,0x01,0x2A,0x01,0xFF,0x07,0x2A,0x01,0x49,0x01,0x90,0x01,0x7F,0x07,0x12,0x01,0x22,0x01,0x1C,0x01,0x63,0x03}, /* 搂 */
    {0x10,0x02,0xDF,0x03,0x24,0x05,0xA8,0x00,0xFF,0x07,0xA8,0x00,0x26,0x03,0x40,0x00,0xFF,0x07,0x88,0x00,0x70,0x00,0x8E,0x03}, /* 篓 */
    {0xFF,0x01,0x01,0x05,0xFF,0x03,0x00,0x01,0xFF,0x01,0x08,0x05,0x7F,0x03,0x49,0x01,0x6D,0x01,0x49,0x03,0x6D,0x05,0x4B,0x02}, /* 漏 */
    {0x3F,0x07,0x04,0x05,0x04,0x05,0x5F,0x05,0x55,0x06,0x55,0x06,0x5B,0x05,0x51,0x05,0x51,0x05,0x53,0x06,0x40,0x04,0x7F,0x04}, /* 陋 */
    {0x04,0x01,0xFF,0x07,0x44,0x01,0x20,0x00,0xFE,0x03,0x02,0x02,0x02,0x02,0xFE,0x03,0x02,0x02,0x00,0x02,0x00,0x02,0x00,0x04}, /* 芦 */
    {0x20,0x00,0x3F,0x00,0x20,0x00,0x20,0x00,0xFE,0x03,0x02,0x02,0x02,0x02,0xFE,0x03,0x02,0x02,0x00,0x02,0x00,0x02,0x00,0x04}, /* 卢 */
    {0x00,0x01,0x1F,0x01,0xC4,0x01,0x08,0x01,0xDF,0x03,0x51,0x02,0x55,0x02,0xD5,0x03,0x55,0x02,0x04,0x02,0x0A,0x02,0x11,0x04}, /* 颅 */
    {0x10,0x00,0xFF,0x03,0x20,0x02,0x10,0x02,0xFF,0x02,0x81,0x02,0x81,0x02,0xFF,0x02,0x81,0x02,0x80,0x02,0x80,0x02,0x00,0x05}, /* 庐 */
    {0x08,0x01,0x04,0x01,0x7F,0x01,0xA1,0x05,0x21,0x05,0x21,0x05,0x3F,0x05,0x21,0x01,0x20,0x01,0xA0,0x02,0xA0,0x02,0x40,0x04}, /* 炉 */
    {0x0E,0x01,0x08,0x01,0x7F,0x01,0xC9,0x07,0x4E,0x01,0x79,0x01,0xC7,0x01,0x48,0x07,0x7F,0x01,0x49,0x01,0x51,0x01,0xA6,0x03}, /* 掳 */
    {0x20,0x00,0x3F,0x00,0x20,0x00,0xFE,0x03,0x8A,0x02,0x52,0x02,0x22,0x02,0x52,0x02,0x8A,0x02,0x02,0x02,0xFE,0x03,0x02,0x02}, /* 卤 */
    {0x3E,0x00,0x20,0x00,0xFF,0x03,0x21,0x02,0x3C,0x02,0xE1,0x03,0x1F,0x02,0x20,0x02,0xFE,0x02,0x22,0x02,0x42,0x02,0x8C,0x04}, /* 虏 */
    {0x00,0x01,0xF8,0x01,0x08,0x02,0xFE,0x07,0x22,0x02,0xFE,0x03,0x22,0x02,0xFF,0x07,0x04,0x01,0xFC,0x01,0x04,0x01,0xFC,0x01}, /* 鲁 */
    {0x04,0x01,0xDF,0x07,0x8E,0x03,0x55,0x05,0x24,0x01,0xFF,0x03,0x48,0x02,0xFE,0x03,0x4A,0x02,0xFE,0x03,0x89,0x02,0xEF,0x04}, /* 麓 */
    {0x3E,0x00,0x82,0x07,0x3E,0x01,0x02,0x01,0x7F,0x02,0x88,0x03,0xC9,0x06,0xAA,0x02,0x9C,0x02,0xAA,0x02,0xC9,0x03,0x98,0x02}, /* 碌 */
    {0xFE,0x03,0x20,0x00,0xFF,0x07,0x25,0x05,0x08,0x00,0xCE,0x03,0x52,0x02,0xCC,0x03,0xB3,0x00,0xDE,0x02,0x92,0x02,0xDE,0x07}, /* 露 */
    {0x10,0x00,0x9E,0x07,0xA2,0x04,0xD4,0x04,0x88,0x07,0x14,0x01,0x63,0x01,0xBE,0x05,0x22,0x05,0x22,0x05,0xBE,0x05,0x22,0x06}, /* 路 */
    {0x10,0x00,0xDE,0x07,0x62,0x04,0x52,0x05,0x4C,0x05,0x52,0x05,0x61,0x05,0x5E,0x05,0x52,0x05,0x12,0x01,0x9E,0x02,0x52,0x04}, /* 赂 */
    {0x10,0x00,0xFF,0x03,0x48,0x02,0xFF,0x03,0x49,0x02,0xFF,0x03,0x00,0x02,0x89,0x02,0xEA,0x02,0x8C,0x02,0xA9,0x02,0xC7,0x04}, /* 鹿 */
    {0x08,0x00,0xEE,0x05,0x32,0x03,0x2A,0x01,0xE4,0x01,0x4A,0x04,0x51,0x02,0x6E,0x01,0x4A,0x01,0x4A,0x03,0x6E,0x05,0x8A,0x03}, /* 潞 */
    {0x3E,0x02,0x02,0x01,0x3E,0x00,0x82,0x07,0xFF,0x00,0x08,0x01,0x49,0x01,0xAA,0x03,0x1C,0x05,0x2A,0x01,0x49,0x01,0x18,0x01}, /* 禄 */
    {0xFC,0x03,0x04,0x00,0xFC,0x01,0x04,0x00,0xFF,0x07,0x20,0x00,0x22,0x02,0x74,0x01,0xA8,0x00,0x24,0x01,0x23,0x06,0x60,0x00}, /* 录 */
    {0x08,0x00,0x08,0x07,0x7F,0x05,0x08,0x05,0x08,0x06,0xFF,0x05,0x08,0x05,0x49,0x05,0x49,0x06,0x49,0x04,0x7F,0x04,0x01,0x04}, /* 陆 */
    {0x6A,0x07,0xA9,0x05,0x68,0x03,0xAF,0x05,0xB8,0x00,0x4A,0x01,0xAA,0x02,0x4A,0x05,0x84,0x00,0x2D,0x03,0x53,0x00,0xA1,0x03}, /* 戮 */
    {0x08,0x00,0x84,0x07,0x9F,0x00,0x91,0x02,0x91,0x02,0x91,0x02,0xDF,0x03,0x51,0x00,0x50,0x01,0x50,0x06,0x50,0x00,0xA0,0x01}, /* 驴 */
    {0xFC,0x01,0x04,0x01,0x04,0x01,0x04,0x01,0xFC,0x01,0x00,0x00,0xFE,0x03,0x02,0x02,0x02,0x02,0x02,0x02,0xFE,0x03,0x02,0x02}, /* 吕 */
    {0x3E,0x02,0x22,0x02,0xA2,0x03,0x22,0x04,0xBE,0x07,0x00,0x02,0x7F,0x02,0xC1,0x07,0x41,0x02,0x41,0x02,0x7F,0x03,0x41,0x02}, /* 铝 */
    {0xBE,0x00,0xA2,0x00,0x22,0x01,0x22,0x01,0x3E,0x03,0x00,0x05,0x7F,0x01,0x41,0x01,0x41,0x01,0x41,0x01,0x7F,0x01,0x41,0x01}, /* 侣 */
    {0x10,0x02,0x10,0x01,0xBF,0x07,0x20,0x02,0x43,0x02,0xBC,0x03,0xA9,0x02,0xAA,0x02,0xA4,0x02,0xA4,0x02,0xB2,0x02,0xA1,0x05}, /* 旅 */
    {0xFF,0x03,0x01,0x02,0xFF,0x03,0x50,0x02,0xBF,0x02,0x12,0x03,0x5E,0x02,0x92,0x02,0x9E,0x03,0xB2,0x02,0x8C,0x02,0xB3,0x04}, /* 履 */
    {0xFF,0x03,0x01,0x02,0xFF,0x03,0x92,0x02,0x54,0x02,0xFF,0x03,0x54,0x02,0xA2,0x02,0xFF,0x03,0x44,0x02,0x38,0x02,0xC7,0x05}, /* 屡 */
    {0x08,0x02,0x49,0x02,0x2A,0x04,0x7F,0x05,0x2A,0x06,0x49,0x02,0x10,0x04,0x7F,0x07,0x12,0x00,0x22,0x01,0x1C,0x06,0x63,0x00}, /* 缕 */
    {0x20,0x00,0x3E,0x00,0x20,0x00,0xFF,0x03,0x21,0x02,0x3C,0x02,0xE1,0x03,0x1F,0x02,0x10,0x02,0xAA,0x02,0xA5,0x02,0x1D,0x05}, /* 虑 */
    {0xFE,0x01,0x00,0x02,0xFC,0x05,0x00,0x00,0xFC,0x03,0x14,0x00,0xF4,0x03,0x14,0x00,0xFC,0x07,0x4D,0x02,0x53,0x01,0xC9,0x02}, /* 氯 */
    {0x10,0x01,0x7E,0x02,0x12,0x04,0xFF,0x01,0x12,0x02,0x7E,0x06,0x10,0x02,0x7E,0x02,0x10,0x02,0xFF,0x02,0x10,0x02,0x10,0x02}, /* 律 */
    {0x20,0x00,0xFF,0x07,0x40,0x00,0x8A,0x02,0xF4,0x01,0x20,0x00,0x54,0x01,0xFA,0x02,0x20,0x00,0xFF,0x07,0x20,0x00,0x20,0x00}, /* 率 */
    {0x1E,0x00,0x10,0x04,0xFF,0x02,0x91,0x00,0x9C,0x00,0xF1,0x04,0x8F,0x02,0x90,0x00,0x88,0x00,0xA2,0x02,0xD5,0x04,0x1C,0x01}, /* 滤 */
    {0x3E,0x01,0x02,0x01,0x3E,0x02,0x82,0x04,0x7F,0x07,0x08,0x01,0x49,0x02,0x2A,0x07,0x1C,0x00,0x2A,0x01,0x49,0x06,0x18,0x00}, /* 绿 */
    {0x40,0x00,0x20,0x00,0xFF,0x07,0x88,0x00,0x8A,0x02,0x89,0x02,0x89,0x04,0x20,0x00,0x22,0x02,0x22,0x02,0x22,0x02,0xFE,0x03}, /* 峦 */
    {0x20,0x00,0xFF,0x07,0x88,0x00,0x8A,0x02,0x05,0x04,0xF8,0x01,0x20,0x00,0xFE,0x03,0x20,0x00,0xFF,0x07,0x20,0x00,0xE0,0x00}, /* 挛 */
    {0x20,0x00,0xFF,0x07,0x88,0x00,0x8A,0x02,0x89,0x04,0x00,0x00,0xF8,0x01,0x10,0x00,0x20,0x00,0xFF,0x07,0x20,0x00,0xE0,0x00}, /* 孪 */
    {0x10,0x00,0xFF,0x04,0x24,0x02,0x66,0x00,0xA5,0x00,0x24,0x04,0x10,0x02,0xFF,0x01,0x54,0x00,0x92,0x02,0x11,0x05,0x10,0x00}, /* 滦 */
    {0xC0,0x00,0x1F,0x07,0x11,0x04,0x51,0x06,0x59,0x05,0x55,0x04,0x51,0x04,0xD1,0x05,0x53,0x06,0x90,0x00,0x10,0x01,0x10,0x02}, /* 卵 */
    {0x68,0x00,0x88,0x03,0x88,0x00,0x88,0x00,0xF8,0x07,0x88,0x00,0x88,0x00,0xE8,0x03,0x28,0x02,0x29,0x02,0xE9,0x03,0x27,0x02}, /* 乱 */
    {0x10,0x01,0x08,0x01,0x7F,0x01,0x80,0x07,0x3E,0x01,0x22,0x01,0xA2,0x01,0x3E,0x07,0x08,0x01,0x2A,0x01,0x49,0x01,0x18,0x03}, /* 掠 */
    {0x10,0x00,0xDE,0x07,0x62,0x05,0x52,0x05,0x4C,0x05,0xD2,0x07,0x61,0x05,0x5E,0x05,0x52,0x05,0xD2,0x07,0x5E,0x04,0x12,0x00}, /* 略 */
    {0x08,0x01,0x08,0x01,0x14,0x01,0xA2,0x07,0x41,0x01,0x20,0x01,0xA2,0x01,0x2C,0x07,0x30,0x01,0x21,0x01,0x21,0x01,0x1F,0x03}, /* 抡 */
    {0x08,0x01,0x08,0x01,0x94,0x07,0x22,0x02,0x41,0x03,0x20,0x05,0xA2,0x07,0x2C,0x01,0xB0,0x01,0x21,0x07,0x21,0x01,0x1F,0x01}, /* 轮 */
    {0x88,0x00,0x88,0x00,0x14,0x01,0x22,0x01,0x41,0x03,0x20,0x05,0x22,0x01,0x2C,0x01,0x30,0x01,0x21,0x01,0x21,0x01,0x1F,0x01}, /* 伦 */
    {0x20,0x00,0x50,0x00,0x88,0x00,0x04,0x01,0x03,0x06,0x00,0x01,0x0C,0x01,0x30,0x01,0xC0,0x01,0x02,0x01,0x02,0x01,0xFE,0x00}, /* 仑 */
    {0x10,0x02,0x10,0x01,0x28,0x00,0x44,0x00,0x83,0x04,0x40,0x02,0x44,0x00,0x58,0x00,0x60,0x01,0x42,0x02,0x42,0x04,0x3E,0x00}, /* 沦 */
    {0x08,0x01,0x08,0x01,0x14,0x02,0xA2,0x04,0x41,0x07,0x20,0x01,0x22,0x02,0xAC,0x07,0x30,0x00,0xA1,0x01,0x21,0x06,0x1F,0x00}, /* 纶 */
    {0x10,0x04,0x10,0x02,0x28,0x00,0x44,0x00,0x83,0x06,0x40,0x02,0x44,0x02,0x58,0x02,0x60,0x02,0x42,0x02,0x42,0x03,0x3E,0x02}, /* 论 */
    {0x88,0x00,0xFF,0x07,0x88,0x00,0xFE,0x03,0x52,0x02,0xFE,0x03,0x80,0x00,0xFE,0x01,0x84,0x06,0x58,0x00,0xE0,0x00,0x00,0x07}, /* 萝 */
    {0x1F,0x01,0x15,0x01,0x1F,0x01,0xD5,0x07,0x5F,0x05,0x4A,0x05,0xDC,0x07,0x09,0x01,0x5F,0x01,0xC4,0x01,0x56,0x06,0x2D,0x00}, /* 螺 */
    {0xFF,0x03,0x49,0x02,0x49,0x02,0xFF,0x03,0x80,0x00,0x80,0x00,0xFE,0x00,0x02,0x01,0x84,0x02,0x58,0x00,0x60,0x00,0x80,0x07}, /* 罗 */
    {0x7F,0x02,0x55,0x01,0x55,0x00,0x7F,0x00,0x10,0x07,0x1F,0x01,0x61,0x01,0x12,0x01,0x0C,0x01,0x70,0x01,0x80,0x02,0x7F,0x04}, /* 逻 */
    {0x00,0x02,0x7F,0x03,0x55,0x04,0x55,0x00,0x7F,0x07,0x10,0x02,0x1F,0x02,0x21,0x07,0x52,0x02,0x0C,0x02,0x18,0x03,0x60,0x02}, /* 锣 */
    {0x10,0x02,0xDF,0x03,0xA4,0x04,0xFE,0x03,0x52,0x02,0xFE,0x03,0x80,0x00,0xFE,0x01,0x84,0x06,0x58,0x00,0xE0,0x00,0x00,0x07}, /* 箩 */
    {0x3F,0x07,0x25,0x01,0x3F,0x05,0x25,0x05,0x3F,0x05,0x92,0x07,0xBC,0x00,0x89,0x01,0xBF,0x06,0x88,0x00,0xAA,0x00,0x59,0x03}, /* 骡 */
    {0x7F,0x04,0x49,0x02,0x7F,0x07,0x49,0x01,0x7F,0x02,0x08,0x03,0xFF,0x06,0x08,0x03,0x1C,0x02,0x2A,0x02,0xC9,0x02,0x08,0x02}, /* 裸 */
    {0x88,0x00,0xFF,0x07,0x88,0x00,0x20,0x02,0x7C,0x01,0xA4,0x00,0x18,0x04,0xE7,0x02,0x00,0x00,0x7E,0x01,0x42,0x02,0x7E,0x04}, /* 落 */
    {0x20,0x02,0x3E,0x01,0x42,0x00,0xA4,0x00,0x18,0x04,0xE7,0x02,0x00,0x00,0x7E,0x00,0x42,0x01,0x42,0x02,0x7E,0x04,0x42,0x00}, /* 洛 */
    {0x10,0x00,0x9E,0x07,0xA2,0x00,0x92,0x02,0x8C,0x02,0x92,0x02,0xE1,0x03,0x5E,0x00,0x52,0x01,0x52,0x06,0x5E,0x00,0x92,0x01}, /* 骆 */
    {0x10,0x01,0x1E,0x01,0x22,0x02,0xD4,0x04,0x08,0x07,0x14,0x01,0x63,0x02,0xBE,0x07,0x22,0x00,0xA2,0x01,0x3E,0x06,0x22,0x00}, /* 络 */
    {0x7E,0x01,0x02,0x01,0x22,0x01,0xA2,0x07,0xA2,0x02,0xBF,0x02,0x81,0x02,0x81,0x04,0xFD,0x02,0x01,0x01,0x81,0x02,0x46,0x04}, /* 妈 */
    {0x20,0x00,0x10,0x00,0xFF,0x03,0x44,0x02,0x44,0x02,0xFF,0x03,0x44,0x02,0xEE,0x02,0x55,0x03,0x44,0x02,0x44,0x02,0x44,0x04}, /* 麻 */
    {0x7E,0x00,0x82,0x07,0x22,0x01,0x22,0x01,0x22,0x01,0xBF,0x07,0x01,0x01,0x01,0x01,0x7D,0x01,0x81,0x01,0x01,0x06,0x06,0x00}, /* 玛 */
    {0x7E,0x00,0x82,0x07,0x22,0x01,0x22,0x01,0x22,0x02,0xBF,0x03,0x81,0x06,0x81,0x02,0xFD,0x02,0x81,0x03,0x81,0x02,0x06,0x00}, /* 码 */
    {0x3E,0x01,0x02,0x01,0x12,0x01,0xD2,0x07,0x52,0x05,0x5F,0x05,0xC1,0x07,0x01,0x01,0x7D,0x01,0xC1,0x01,0x41,0x06,0x06,0x00}, /* 蚂 */
    {0xFC,0x03,0x04,0x00,0x04,0x01,0x04,0x01,0x04,0x01,0xFF,0x01,0x01,0x00,0x01,0x00,0xFD,0x07,0x01,0x00,0x01,0x00,0x0E,0x00}, /* 马 */
    {0xDE,0x03,0x52,0x02,0xDE,0x03,0x00,0x00,0xFC,0x03,0x04,0x00,0x04,0x01,0xFF,0x01,0x01,0x00,0xF9,0x07,0x01,0x00,0x06,0x00}, /* 骂 */
    {0x08,0x00,0x7F,0x00,0x40,0x07,0x54,0x05,0x54,0x05,0x7F,0x05,0x54,0x05,0x5E,0x05,0x75,0x07,0x54,0x04,0x54,0x00,0x94,0x00}, /* 嘛 */
    {0x7E,0x00,0x02,0x07,0x22,0x05,0x22,0x05,0x22,0x05,0x3F,0x05,0x01,0x05,0x01,0x05,0x7D,0x07,0x01,0x05,0x01,0x00,0x06,0x00}, /* 吗 */
    {0x7F,0x02,0x49,0x02,0x49,0x02,0x7F,0x02,0x49,0x07,0x49,0x02,0x7F,0x02,0x08,0x02,0x7F,0x02,0x08,0x03,0x08,0x06,0xFF,0x00}, /* 埋 */
    {0x00,0x00,0xFE,0x03,0x02,0x00,0x90,0x00,0x50,0x00,0x10,0x01,0x90,0x00,0xFF,0x07,0x20,0x00,0x4C,0x00,0x82,0x01,0x01,0x06}, /* 买 */
    {0x20,0x00,0xFE,0x03,0x20,0x00,0xFC,0x01,0x20,0x00,0xFF,0x07,0x80,0x00,0xFC,0x00,0x04,0x01,0x88,0x02,0x70,0x00,0x8F,0x07}, /* 麦 */
    {0x20,0x00,0xFE,0x03,0x20,0x00,0xFF,0x07,0x81,0x00,0x52,0x00,0x10,0x01,0x90,0x00,0xFF,0x07,0x28,0x00,0xC6,0x00,0x01,0x03}, /* 卖 */
    {0x00,0x04,0xFF,0x02,0x20,0x00,0x20,0x00,0x3E,0x00,0x22,0x06,0x22,0x02,0x42,0x02,0x42,0x02,0x8C,0x02,0x00,0x02,0xFF,0x05}, /* 迈 */
    {0x30,0x00,0x8C,0x03,0x80,0x02,0xB9,0x02,0x8A,0x03,0xEC,0x02,0xAC,0x02,0xAA,0x03,0xAA,0x02,0xC9,0x02,0x88,0x02,0x98,0x05}, /* 脉 */
    {0x22,0x00,0x7F,0x07,0x22,0x05,0x00,0x05,0x7F,0x07,0x14,0x05,0x7F,0x05,0x55,0x07,0x55,0x05,0x6B,0x05,0x41,0x07,0x43,0x05}, /* 瞒 */
    {0x7E,0x02,0x42,0x02,0x7E,0x03,0x42,0x05,0xFF,0x00,0xA5,0x02,0xFF,0x02,0x00,0x02,0x7E,0x02,0x22,0x02,0x1C,0x03,0xE3,0x02}, /* 馒 */
    {0x20,0x00,0xFF,0x07,0x88,0x00,0x8A,0x02,0x89,0x04,0x20,0x00,0xFE,0x03,0x22,0x02,0xFE,0x03,0x21,0x00,0xFF,0x07,0x01,0x00}, /* 蛮 */
    {0x44,0x00,0xFF,0x05,0x44,0x02,0x00,0x00,0xFF,0x01,0x28,0x04,0xFF,0x03,0x29,0x01,0x29,0x01,0x55,0x03,0x01,0x05,0x03,0x01}, /* 满 */
    {0x88,0x00,0xFF,0x07,0x88,0x00,0xFE,0x03,0x42,0x02,0x22,0x02,0xFF,0x07,0x89,0x04,0xFF,0x07,0x04,0x01,0xF8,0x00,0x07,0x07}, /* 蔓 */
    {0xFE,0x03,0x02,0x02,0xFE,0x03,0x02,0x02,0xFF,0x07,0x89,0x04,0xFF,0x07,0x00,0x00,0xFE,0x03,0x04,0x01,0xF8,0x00,0x07,0x07}, /* 曼 */
    {0x3E,0x01,0x22,0x01,0xBE,0x01,0x22,0x05,0x7F,0x05,0x55,0x05,0x7F,0x05,0x00,0x01,0x7E,0x01,0x22,0x01,0x1C,0x01,0x63,0x01}, /* 慢 */
    {0x7E,0x02,0x42,0x01,0x7E,0x00,0x42,0x00,0xFF,0x04,0xA5,0x02,0xFF,0x00,0x00,0x00,0x7E,0x01,0x22,0x02,0x1C,0x04,0xE3,0x00}, /* 漫 */
    {0x88,0x00,0x88,0x00,0xFF,0x07,0x88,0x00,0x20,0x00,0x10,0x00,0xFF,0x07,0x00,0x01,0x00,0x01,0x00,0x01,0x00,0x01,0xFE,0x01}, /* 芒 */
    {0x88,0x00,0x88,0x00,0xFF,0x07,0x88,0x00,0x10,0x04,0x08,0x02,0xFF,0x01,0x40,0x04,0x40,0x02,0x40,0x00,0x40,0x02,0x7E,0x04}, /* 茫 */
    {0x20,0x00,0xFF,0x07,0x00,0x02,0xFE,0x03,0x00,0x00,0xFE,0x03,0x02,0x02,0xFE,0x03,0x02,0x02,0xFE,0x03,0x02,0x02,0xFE,0x03}, /* 盲 */
    {0x10,0x01,0x08,0x01,0x80,0x01,0x7F,0x05,0x20,0x05,0x20,0x05,0x20,0x05,0x20,0x01,0x20,0x01,0x20,0x01,0x20,0x01,0x3E,0x01}, /* 忙 */
    {0x88,0x00,0xFF,0x07,0x88,0x00,0x24,0x00,0xFE,0x03,0x88,0x00,0x04,0x01,0x8B,0x06,0x88,0x00,0xFF,0x07,0x88,0x00,0x08,0x01}, /* 莽 */
    {0x22,0x01,0x7F,0x05,0x22,0x02,0x00,0x05,0x7F,0x01,0x49,0x01,0x49,0x03,0x7F,0x05,0x49,0x01,0x49,0x01,0x7F,0x01,0x41,0x06}, /* 猫 */
    {0x88,0x00,0xFF,0x07,0x88,0x00,0xFE,0x03,0x44,0x00,0x28,0x00,0xFF,0x07,0x51,0x00,0x92,0x00,0x10,0x01,0x10,0x06,0x30,0x00}, /* 茅 */
    {0x22,0x02,0x7F,0x03,0x22,0x04,0x00,0x00,0x7F,0x07,0x49,0x02,0x49,0x02,0x7F,0x07,0x49,0x02,0x49,0x02,0x7F,0x03,0x41,0x02}, /* 锚 */
    {0x1E,0x00,0xE0,0x03,0x20,0x00,0x3C,0x00,0xE0,0x01,0x20,0x00,0x3F,0x00,0xE0,0x07,0x20,0x00,0x21,0x00,0x21,0x00,0x1F,0x00}, /* 毛 */
    {0xFE,0x01,0x04,0x00,0x68,0x00,0x10,0x00,0xFF,0x07,0x31,0x00,0x51,0x00,0x92,0x00,0x10,0x01,0x10,0x06,0x10,0x00,0x70,0x00}, /* 矛 */
    {0x10,0x02,0x67,0x03,0x55,0x04,0x55,0x00,0x55,0x07,0x55,0x02,0x55,0x02,0x75,0x07,0x57,0x02,0x14,0x02,0x24,0x03,0x44,0x02}, /* 铆 */
    {0xC0,0x00,0x1F,0x07,0x11,0x04,0x51,0x04,0x51,0x04,0x51,0x04,0x51,0x04,0xD1,0x05,0x53,0x06,0x90,0x00,0x10,0x01,0x10,0x02}, /* 卯 */
    {0x88,0x00,0xFF,0x07,0x88,0x00,0x14,0x00,0xFF,0x03,0x10,0x02,0x12,0x02,0x12,0x02,0x14,0x02,0x09,0x02,0x15,0x02,0x63,0x04}, /* 茂 */
    {0xFF,0x03,0x01,0x02,0xFD,0x02,0x01,0x02,0x00,0x00,0xFE,0x01,0x02,0x01,0xFE,0x01,0x02,0x01,0xFE,0x01,0x02,0x01,0xFE,0x01}, /* 冒 */
    {0x1F,0x01,0x11,0x01,0xD5,0x07,0x51,0x05,0x40,0x05,0x5F,0x05,0x51,0x05,0x5F,0x05,0x51,0x05,0xDF,0x05,0x11,0x01,0x1F,0x01}, /* 帽 */
    {0x08,0x01,0x10,0x02,0x3F,0x05,0xA1,0x02,0x3F,0x01,0xA1,0x06,0xBF,0x01,0x94,0x06,0x94,0x01,0x94,0x06,0xA5,0x00,0x43,0x03}, /* 貌 */
    {0xC0,0x00,0x1F,0x07,0x09,0x05,0x89,0x04,0x53,0x07,0x00,0x00,0xFE,0x03,0x22,0x02,0x22,0x02,0x58,0x00,0x86,0x01,0x01,0x06}, /* 贸 */
    {0x20,0x00,0x20,0x00,0x44,0x00,0x44,0x00,0x88,0x00,0x08,0x01,0x10,0x02,0x20,0x04,0x44,0x00,0x82,0x00,0xFF,0x01,0x01,0x00}, /* 么 */
    {0x08,0x00,0xC8,0x07,0x10,0x01,0x1F,0x01,0x22,0x01,0xD2,0x07,0x12,0x01,0x14,0x01,0x08,0x01,0xD4,0x01,0x22,0x07,0x41,0x00}, /* 玫 */
    {0x08,0x01,0x08,0x01,0x10,0x01,0xDF,0x07,0x22,0x01,0x12,0x03,0x92,0x03,0x54,0x05,0x08,0x01,0x14,0x01,0x22,0x01,0x41,0x01}, /* 枚 */
    {0x20,0x01,0x3F,0x01,0x40,0x01,0xBE,0x07,0x22,0x01,0x2A,0x03,0xFF,0x03,0x42,0x05,0x4A,0x01,0x7F,0x01,0x02,0x01,0x0C,0x01}, /* 梅 */
    {0xFE,0x03,0x20,0x00,0xFF,0x07,0xA9,0x04,0xFE,0x01,0x00,0x02,0xFC,0x01,0x24,0x01,0xFF,0x07,0x44,0x02,0xFE,0x03,0x04,0x00}, /* 霉 */
    {0x22,0x01,0x7F,0x01,0x22,0x01,0x7E,0x05,0xA2,0x05,0x3E,0x05,0x08,0x05,0x7F,0x01,0x1C,0x01,0xAA,0x02,0x49,0x02,0x08,0x04}, /* 煤 */
    {0x7C,0x02,0x44,0x01,0x44,0x00,0x83,0x00,0x00,0x04,0xFE,0x02,0x42,0x00,0x44,0x00,0x28,0x01,0x10,0x02,0x6C,0x04,0x83,0x01}, /* 没 */
    {0xFF,0x03,0x11,0x02,0x11,0x02,0xFF,0x03,0x00,0x02,0xFF,0x02,0x81,0x02,0xFF,0x02,0x81,0x02,0xFF,0x02,0x81,0x02,0xFF,0x04}, /* 眉 */
    {0x22,0x01,0x7F,0x01,0x22,0x01,0xBE,0x07,0xA2,0x02,0xBE,0x02,0x88,0x02,0xFF,0x04,0x9C,0x02,0x2A,0x01,0xC9,0x02,0x88,0x04}, /* 媒 */
    {0x00,0x01,0xFF,0x01,0x00,0x02,0xFE,0x05,0x22,0x01,0x12,0x01,0xFF,0x07,0x42,0x02,0x22,0x02,0xFF,0x03,0x02,0x00,0x1C,0x00}, /* 每 */
    {0x04,0x01,0x88,0x00,0xFE,0x03,0x20,0x00,0xFE,0x03,0x20,0x00,0xFF,0x07,0x20,0x00,0xFF,0x07,0x50,0x00,0x8C,0x01,0x03,0x06}, /* 美 */
    {0x08,0x00,0x88,0x07,0xBE,0x04,0x88,0x04,0x88,0x04,0xFF,0x07,0x88,0x04,0x9C,0x04,0xAA,0x04,0xC9,0x07,0x88,0x04,0x08,0x00}, /* 昧 */
    {0x20,0x00,0xFF,0x07,0x89,0x04,0x88,0x02,0xBE,0x02,0x88,0x03,0xFF,0x00,0x88,0x07,0x9C,0x02,0xAA,0x02,0xC9,0x02,0x88,0x04}, /* 寐 */
    {0x08,0x01,0x08,0x01,0x3E,0x01,0x88,0x07,0x88,0x02,0xFF,0x02,0x88,0x02,0x9C,0x04,0xAA,0x02,0x49,0x01,0x88,0x02,0x88,0x04}, /* 妹 */
    {0x3F,0x01,0x25,0x01,0x25,0x01,0xBF,0x07,0xA0,0x02,0xAF,0x02,0xA9,0x02,0xAF,0x04,0xA9,0x02,0x2F,0x01,0xA9,0x02,0x4F,0x04}, /* 媚 */
    {0x7F,0x02,0x01,0x01,0x01,0x00,0x01,0x02,0x01,0x02,0x01,0x02,0x01,0x02,0x01,0x02,0x01,0x02,0x01,0x02,0x01,0x02,0x07,0x02}, /* 门 */
    {0x7F,0x04,0x01,0x02,0x41,0x00,0x21,0x04,0x21,0x04,0x09,0x04,0x45,0x05,0x45,0x05,0x41,0x05,0x49,0x06,0x39,0x04,0x07,0x04}, /* 闷 */
    {0x40,0x01,0x2F,0x01,0x41,0x02,0x41,0x02,0x41,0x06,0x41,0x02,0x41,0x02,0x41,0x02,0x41,0x02,0x41,0x02,0x41,0x02,0x43,0x02}, /* 们 */
    {0x88,0x00,0xFF,0x07,0x88,0x00,0x1F,0x00,0xD1,0x07,0x51,0x04,0xDF,0x07,0x51,0x04,0x5F,0x04,0xD1,0x07,0x21,0x04,0x47,0x00}, /* 萌 */
    {0x88,0x00,0xFF,0x07,0x88,0x00,0xFF,0x07,0x01,0x04,0xFC,0x01,0xC2,0x00,0x24,0x03,0xD8,0x00,0x34,0x03,0xD3,0x00,0x30,0x07}, /* 蒙 */
    {0x22,0x01,0x7F,0x01,0x22,0x01,0xFF,0x07,0x41,0x01,0x3E,0x03,0x91,0x03,0x6A,0x05,0x14,0x01,0x6E,0x01,0x15,0x01,0x6C,0x01}, /* 檬 */
    {0x1F,0x00,0xD1,0x07,0x5F,0x04,0xD1,0x07,0x5F,0x04,0xD1,0x07,0x23,0x00,0x40,0x00,0xFE,0x03,0x52,0x02,0x52,0x02,0xFF,0x07}, /* 盟 */
    {0x3E,0x02,0x04,0x03,0x08,0x04,0x7F,0x00,0x08,0x07,0x18,0x02,0x00,0x02,0x7F,0x07,0x55,0x02,0x55,0x02,0x55,0x03,0xFF,0x02}, /* 锰 */
    {0x3E,0x01,0x04,0x05,0x08,0x02,0x7F,0x05,0x08,0x01,0x18,0x01,0x00,0x03,0x7F,0x05,0x55,0x01,0x55,0x01,0x55,0x01,0xFF,0x06}, /* 猛 */
    {0x04,0x01,0xDF,0x07,0x04,0x01,0x8E,0x03,0x55,0x05,0x04,0x01,0x40,0x00,0xFE,0x00,0x02,0x03,0x8C,0x00,0x70,0x00,0x80,0x07}, /* 梦 */
    {0xFC,0x01,0x08,0x00,0x10,0x00,0xFF,0x07,0x20,0x00,0x20,0x00,0xE0,0x00,0x00,0x00,0xFE,0x03,0x52,0x02,0x52,0x02,0xFF,0x07}, /* 孟 */
    {0x08,0x00,0x88,0x07,0xC9,0x04,0xAA,0x04,0x88,0x07,0xFF,0x04,0x88,0x04,0x9C,0x07,0xAA,0x04,0xC9,0x04,0x88,0x07,0x88,0x04}, /* 眯 */
    {0x10,0x00,0xFF,0x03,0x44,0x02,0xEF,0x03,0xD6,0x02,0x6D,0x03,0xEF,0x03,0x28,0x02,0xEF,0x03,0x28,0x02,0xEF,0x03,0x28,0x04}, /* 靡 */
    {0x08,0x02,0x49,0x01,0x2A,0x00,0x08,0x00,0x7F,0x07,0x08,0x01,0x1C,0x01,0x2A,0x01,0x49,0x01,0x08,0x01,0x88,0x02,0x7F,0x04}, /* 迷 */
    {0x84,0x04,0x55,0x02,0x0E,0x00,0x04,0x00,0xDF,0x06,0x44,0x02,0x4E,0x02,0x55,0x02,0x44,0x02,0x44,0x03,0xA0,0x02,0x1F,0x01}, /* 谜 */
    {0x10,0x00,0x10,0x07,0x1F,0x01,0x21,0x01,0x4A,0x07,0x08,0x04,0x2A,0x04,0x29,0x07,0x29,0x01,0x49,0x01,0x08,0x01,0x18,0x06}, /* 弥 */
    {0x20,0x00,0x22,0x02,0x24,0x01,0xA8,0x00,0xFF,0x07,0x20,0x00,0x70,0x00,0xA8,0x00,0x24,0x01,0x23,0x06,0x20,0x00,0x20,0x00}, /* 米 */
    {0x90,0x00,0x08,0x07,0x0A,0x01,0x02,0x01,0xD2,0x07,0x55,0x01,0x55,0x03,0x99,0x03,0x10,0x05,0x32,0x01,0x52,0x01,0x8E,0x01}, /* 秘 */
    {0x1F,0x00,0xE0,0x07,0x42,0x02,0x24,0x01,0x00,0x00,0xFE,0x03,0x02,0x02,0x22,0x02,0x22,0x02,0x50,0x00,0x91,0x01,0x0F,0x06}, /* 觅 */
    {0x20,0x00,0x10,0x02,0x0A,0x01,0x22,0x00,0x24,0x00,0xA4,0x04,0xAA,0x02,0xA9,0x00,0x31,0x01,0x20,0x00,0x62,0x02,0x9E,0x04}, /* 泌 */
    {0x20,0x00,0xFF,0x07,0x41,0x04,0xAA,0x02,0x95,0x02,0x7D,0x04,0xA0,0x01,0xFE,0x03,0x22,0x02,0xFE,0x03,0x21,0x00,0xFF,0x07}, /* 蜜 */
    {0x20,0x00,0xFF,0x07,0x41,0x04,0x28,0x00,0x92,0x02,0xA5,0x02,0x7D,0x04,0x80,0x01,0x20,0x00,0x22,0x02,0x22,0x02,0xFE,0x03}, /* 密 */
    {0x08,0x01,0x3E,0x01,0x22,0x01,0xBE,0x07,0x22,0x01,0x3E,0x03,0x88,0x03,0x7F,0x05,0x49,0x01,0x49,0x01,0x4B,0x01,0x08,0x01}, /* 棉 */
    {0xBF,0x07,0xA1,0x04,0xA1,0x04,0xBF,0x07,0xA4,0x04,0xA4,0x04,0xBF,0x07,0xA4,0x04,0xA4,0x04,0xA5,0x07,0xB3,0x04,0x21,0x00}, /* 眠 */
    {0x08,0x01,0x3E,0x01,0x22,0x02,0xBE,0x04,0x22,0x07,0x3E,0x01,0x08,0x02,0x7F,0x07,0x49,0x00,0x49,0x01,0x4B,0x06,0x08,0x00}, /* 绵 */
    {0xFE,0x03,0x02,0x02,0xFA,0x02,0x02,0x02,0xF8,0x01,0x08,0x02,0xFE,0x07,0x22,0x02,0xFE,0x03,0x50,0x00,0x91,0x01,0x0F,0x06}, /* 冕 */
    {0x80,0x00,0xF8,0x00,0x08,0x01,0x10,0x02,0xFE,0x07,0x22,0x02,0x22,0x02,0xFE,0x03,0x50,0x00,0x90,0x00,0x11,0x01,0x0F,0x06}, /* 免 */
    {0x08,0x01,0xC8,0x01,0x48,0x02,0x9E,0x04,0xEA,0x03,0xAA,0x02,0xAA,0x02,0xEA,0x03,0x8A,0x00,0x56,0x01,0x41,0x02,0x3F,0x04}, /* 勉 */
    {0x00,0x01,0x7F,0x01,0x08,0x02,0x90,0x04,0x7F,0x07,0x55,0x01,0x5D,0x02,0x55,0x07,0x5D,0x00,0x55,0x01,0x7F,0x06,0x41,0x00}, /* 缅 */
    {0x00,0x00,0xFF,0x07,0x20,0x00,0x40,0x00,0xFF,0x03,0x49,0x02,0x79,0x02,0x49,0x02,0x79,0x02,0x49,0x02,0xFF,0x03,0x01,0x02}, /* 面 */
    {0x88,0x00,0xFF,0x07,0x88,0x00,0x00,0x00,0xFE,0x03,0x22,0x02,0x22,0x02,0xFE,0x03,0x22,0x02,0x22,0x02,0xFE,0x03,0x02,0x02}, /* 苗 */
    {0x22,0x01,0x7F,0x01,0x22,0x01,0x80,0x07,0x7F,0x01,0x49,0x01,0xC9,0x01,0x7F,0x07,0x49,0x01,0x49,0x01,0x7F,0x01,0x41,0x03}, /* 描 */
    {0x22,0x00,0x7F,0x07,0x22,0x05,0x00,0x05,0x7F,0x07,0x49,0x05,0x49,0x05,0x7F,0x07,0x49,0x05,0x49,0x05,0x7F,0x07,0x41,0x05}, /* 瞄 */
    {0x88,0x00,0xFF,0x07,0x88,0x00,0x10,0x01,0xBE,0x06,0x22,0x03,0xBE,0x06,0xA2,0x01,0xBE,0x06,0x94,0x01,0xA5,0x06,0x43,0x03}, /* 藐 */
    {0x88,0x00,0x08,0x07,0x0A,0x01,0x29,0x01,0xA9,0x07,0x29,0x01,0x48,0x03,0x89,0x03,0x02,0x05,0x04,0x01,0x18,0x01,0x60,0x01}, /* 秒 */
    {0x04,0x00,0xC4,0x05,0x46,0x03,0x55,0x01,0xD5,0x01,0x55,0x05,0xE4,0x03,0x45,0x01,0x42,0x01,0xC4,0x03,0x08,0x05,0x30,0x00}, /* 渺 */
    {0x20,0x00,0x10,0x00,0xFF,0x03,0x10,0x02,0x10,0x02,0xFE,0x02,0x92,0x02,0x92,0x02,0xFE,0x02,0x92,0x02,0x92,0x02,0xFE,0x04}, /* 庙 */
    {0x08,0x01,0x08,0x01,0x0A,0x01,0xA9,0x07,0xA9,0x02,0xA9,0x02,0xC8,0x02,0x89,0x04,0x82,0x02,0x04,0x01,0x98,0x02,0x60,0x04}, /* 妙 */
    {0x88,0x00,0xFF,0x07,0x88,0x00,0xFE,0x03,0x52,0x02,0xFE,0x03,0x28,0x00,0xFF,0x03,0x22,0x02,0x14,0x03,0x89,0x02,0x37,0x04}, /* 蔑 */
    {0x00,0x00,0xFF,0x07,0x20,0x00,0x20,0x00,0x22,0x02,0x22,0x02,0x24,0x02,0x50,0x04,0x50,0x00,0x88,0x00,0x04,0x01,0x03,0x06}, /* 灭 */
    {0xFE,0x03,0x02,0x02,0x02,0x02,0xFE,0x03,0x10,0x02,0x10,0x02,0xFF,0x03,0x10,0x02,0x08,0x02,0x85,0x02,0x03,0x03,0x01,0x02}, /* 民 */
    {0x3F,0x01,0x21,0x01,0x21,0x01,0xBF,0x07,0x24,0x01,0x24,0x01,0xBF,0x01,0x24,0x07,0x24,0x01,0x25,0x01,0x33,0x01,0x21,0x03}, /* 抿 */
    {0x00,0x00,0xFE,0x03,0x52,0x02,0x52,0x02,0x52,0x02,0x52,0x02,0x52,0x02,0x52,0x02,0x52,0x02,0x52,0x02,0x52,0x02,0xFF,0x07}, /* 皿 */
    {0x08,0x02,0xE8,0x03,0x08,0x04,0xEF,0x03,0x32,0x02,0xAA,0x02,0xFA,0x07,0x2A,0x02,0xAA,0x02,0xF4,0x03,0x2A,0x00,0xD1,0x00}, /* 敏 */
    {0x5F,0x01,0x21,0x01,0x89,0x01,0x41,0x05,0x7F,0x05,0x45,0x05,0x55,0x05,0x49,0x01,0x55,0x01,0x65,0x01,0x41,0x01,0x47,0x01}, /* 悯 */
    {0xFF,0x04,0x21,0x02,0x21,0x00,0xFD,0x05,0x25,0x05,0x25,0x05,0xFD,0x05,0x21,0x04,0x29,0x04,0xFD,0x05,0x05,0x04,0x03,0x04}, /* 闽 */
    {0xDF,0x07,0x51,0x04,0x51,0x04,0x5F,0x04,0xD1,0x07,0x51,0x04,0x5F,0x04,0x51,0x04,0xD1,0x07,0x11,0x04,0x21,0x00,0x47,0x00}, /* 明 */
    {0x3F,0x01,0x21,0x01,0x1E,0x01,0xD2,0x07,0x5E,0x05,0x52,0x05,0xDE,0x07,0x04,0x01,0x7F,0x01,0xC0,0x01,0x52,0x06,0x21,0x00}, /* 螟 */
    {0x10,0x00,0xBE,0x07,0xA2,0x04,0xAA,0x04,0xA6,0x04,0xA0,0x04,0xBF,0x04,0x81,0x04,0x81,0x07,0xFD,0x04,0x01,0x00,0x06,0x00}, /* 鸣 */
    {0x08,0x02,0x08,0x02,0x9F,0x03,0x21,0x04,0x52,0x07,0x0C,0x02,0x10,0x02,0xBF,0x07,0x51,0x02,0x11,0x02,0x1F,0x03,0x11,0x02}, /* 铭 */
    {0x40,0x00,0x40,0x00,0xFE,0x00,0x02,0x01,0x84,0x02,0x58,0x00,0x60,0x00,0xFF,0x01,0x81,0x06,0x81,0x00,0xFF,0x00,0x81,0x00}, /* 名 */
    {0x20,0x00,0x50,0x00,0x88,0x00,0x04,0x01,0xFB,0x06,0x00,0x00,0xDE,0x03,0x52,0x02,0x52,0x02,0xD2,0x03,0x56,0x02,0x10,0x00}, /* 命 */
    {0x77,0x04,0x55,0x02,0x33,0x00,0x55,0x00,0x08,0x06,0x34,0x02,0xCB,0x02,0x30,0x02,0x04,0x02,0x79,0x02,0x06,0x03,0x78,0x02}, /* 谬 */
    {0x24,0x02,0xFF,0x02,0x24,0x02,0x7E,0x07,0x42,0x02,0x7E,0x02,0x42,0x03,0x7E,0x06,0x10,0x02,0xFF,0x02,0x24,0x02,0xC3,0x06}, /* 摸 */
    {0x88,0x00,0xFF,0x07,0x88,0x00,0xFC,0x01,0x44,0x01,0x24,0x01,0xFF,0x07,0x24,0x01,0xFA,0x02,0x21,0x04,0xFE,0x03,0x60,0x00}, /* 摹 */
    {0x04,0x01,0xFF,0x07,0x24,0x01,0xFF,0x03,0x44,0x02,0xEF,0x03,0x55,0x03,0xFE,0x02,0x40,0x02,0xFE,0x02,0x42,0x03,0x7E,0x04}, /* 蘑 */
    {0x14,0x01,0x7F,0x01,0x14,0x01,0xBE,0x07,0x22,0x01,0x3E,0x03,0xA2,0x03,0x3E,0x05,0x08,0x01,0x7F,0x01,0x14,0x01,0x63,0x01}, /* 模 */
    {0x94,0x03,0xFF,0x02,0x94,0x02,0xBE,0x03,0xA2,0x02,0xBE,0x02,0xA2,0x03,0xBE,0x02,0x88,0x02,0xFF,0x02,0x94,0x02,0xA3,0x05}, /* 膜 */
    {0x10,0x00,0xFF,0x03,0x44,0x02,0xEF,0x03,0xD6,0x02,0x45,0x03,0x00,0x02,0xFF,0x03,0x40,0x02,0xFE,0x02,0x42,0x03,0x7E,0x04}, /* 磨 */
    {0x10,0x00,0xFF,0x03,0x44,0x02,0xEF,0x03,0xD6,0x02,0x45,0x03,0xFE,0x02,0x10,0x02,0xFE,0x02,0x10,0x02,0xFF,0x03,0x30,0x04}, /* 摩 */
    {0x10,0x00,0xFF,0x03,0x44,0x02,0xEF,0x03,0x55,0x03,0xFE,0x02,0x92,0x02,0xFE,0x02,0xA2,0x02,0xFE,0x02,0x55,0x02,0x8F,0x05}, /* 魔 */
    {0x08,0x01,0x08,0x01,0x7F,0x01,0x88,0x07,0x08,0x01,0x3E,0x01,0x88,0x01,0x1C,0x07,0x2A,0x01,0x49,0x01,0x08,0x01,0x08,0x03}, /* 抹 */
    {0x20,0x00,0x20,0x00,0xFF,0x07,0x20,0x00,0x20,0x00,0xFE,0x03,0x70,0x00,0xA8,0x00,0x24,0x01,0x23,0x06,0x20,0x00,0x20,0x00}, /* 末 */
    {0x88,0x00,0xFF,0x07,0x88,0x00,0xFE,0x03,0x02,0x02,0xFE,0x03,0x02,0x02,0xFE,0x03,0x40,0x00,0xFF,0x07,0x88,0x00,0x07,0x07}, /* 莫 */
    {0xFE,0x03,0xAA,0x02,0xFE,0x03,0x20,0x00,0xFE,0x03,0x20,0x00,0xFF,0x07,0x52,0x02,0x20,0x00,0xFE,0x03,0x20,0x00,0xFF,0x07}, /* 墨 */
    {0xE4,0x07,0xA6,0x04,0xE5,0x06,0xA4,0x04,0xEF,0x07,0x84,0x00,0xE4,0x07,0x84,0x00,0xEA,0x00,0x0A,0x07,0xAA,0x02,0x51,0x05}, /* 默 */
    {0x10,0x00,0x10,0x04,0xFF,0x02,0x10,0x00,0x10,0x00,0x7E,0x04,0x10,0x02,0x38,0x00,0x54,0x00,0x92,0x02,0x11,0x05,0x10,0x00}, /* 沫 */
    {0x44,0x00,0xFF,0x05,0x44,0x02,0xFE,0x00,0x82,0x00,0xFE,0x04,0x82,0x02,0xFE,0x00,0x10,0x00,0xFF,0x02,0x28,0x04,0xC7,0x01}, /* 漠 */
    {0x20,0x00,0xFF,0x07,0x89,0x04,0xFE,0x03,0x88,0x00,0xFE,0x03,0x02,0x02,0xFE,0x03,0x02,0x02,0xFF,0x07,0x88,0x00,0x07,0x07}, /* 寞 */
    {0x00,0x00,0xBF,0x07,0x84,0x04,0x88,0x04,0x3F,0x05,0x21,0x05,0xA1,0x04,0xBF,0x04,0xA1,0x04,0x21,0x07,0x3F,0x04,0x21,0x04}, /* 陌 */
    {0x22,0x02,0x7F,0x01,0x22,0x00,0x3E,0x00,0x22,0x07,0x3E,0x01,0x08,0x01,0x7F,0x01,0x1C,0x01,0xAA,0x01,0x49,0x01,0x08,0x00}, /* 谋 */
    {0x40,0x00,0x88,0x00,0x04,0x01,0xFE,0x03,0x22,0x00,0x20,0x01,0xFE,0x01,0x20,0x02,0x20,0x00,0xFF,0x07,0x20,0x00,0x20,0x00}, /* 牟 */
    {0x04,0x01,0xFF,0x07,0x04,0x01,0xFC,0x01,0x04,0x01,0xFC,0x01,0x20,0x00,0xFF,0x07,0xA8,0x00,0x24,0x01,0x23,0x06,0x20,0x00}, /* 某 */
    {0x00,0x01,0x3E,0x01,0x22,0x01,0xB2,0x07,0x2A,0x01,0x7F,0x01,0xA2,0x01,0x52,0x07,0x4A,0x01,0x7F,0x01,0x02,0x01,0x0C,0x03}, /* 拇 */
    {0x08,0x01,0x08,0x01,0x08,0x05,0x88,0x07,0x3E,0x05,0x08,0x01,0x88,0x01,0x08,0x07,0x08,0x01,0x08,0x01,0x08,0x01,0x7F,0x01}, /* 牡 */
    {0x40,0x00,0x20,0x00,0xFF,0x07,0x00,0x00,0xFE,0x03,0x22,0x02,0x22,0x02,0xFE,0x03,0x22,0x02,0x22,0x02,0xFE,0x03,0x02,0x02}, /* 亩 */
    {0x00,0x01,0x3E,0x01,0x22,0x01,0xB2,0x07,0xAA,0x02,0xFF,0x02,0xA2,0x02,0xB2,0x04,0xAA,0x02,0x3F,0x01,0x82,0x02,0x4C,0x04}, /* 姆 */
    {0x00,0x00,0xFE,0x03,0x02,0x02,0x22,0x02,0x12,0x02,0xFF,0x07,0x02,0x02,0x42,0x02,0x22,0x02,0xFF,0x03,0x02,0x00,0x1C,0x00}, /* 母 */
    {0x88,0x00,0xFF,0x07,0x88,0x00,0xFE,0x03,0x22,0x02,0xFE,0x03,0x80,0x00,0xFF,0x07,0x24,0x01,0xFA,0x02,0x21,0x04,0xFC,0x01}, /* 墓 */
    {0x88,0x00,0xFF,0x07,0x88,0x00,0xFE,0x03,0x22,0x02,0xFE,0x03,0x80,0x00,0xFF,0x07,0x04,0x01,0xFE,0x03,0x05,0x05,0xFC,0x01}, /* 暮 */
    {0x88,0x00,0xFF,0x07,0x88,0x00,0xFE,0x03,0x22,0x02,0xFE,0x03,0x80,0x00,0xFF,0x07,0x24,0x01,0xFE,0x03,0x25,0x05,0x2C,0x01}, /* 幕 */
    {0x88,0x00,0xFF,0x07,0x88,0x00,0xFE,0x03,0x22,0x02,0xFE,0x03,0x80,0x00,0xFF,0x07,0x44,0x01,0xFE,0x03,0x85,0x04,0x18,0x03}, /* 募 */
    {0x88,0x00,0xFF,0x07,0x88,0x00,0xFE,0x03,0x22,0x02,0xFE,0x03,0x80,0x00,0xFF,0x07,0x22,0x02,0xB5,0x04,0x2A,0x01,0x60,0x00}, /* 慕 */
    {0x20,0x00,0x20,0x00,0x20,0x00,0xFF,0x07,0x70,0x00,0xA8,0x00,0xA8,0x00,0x24,0x01,0x22,0x02,0x21,0x04,0x20,0x00,0x20,0x00}, /* 木 */
    {0x00,0x00,0xFE,0x03,0x02,0x02,0x02,0x02,0xFE,0x03,0x02,0x02,0x02,0x02,0xFE,0x03,0x02,0x02,0x02,0x02,0xFE,0x03,0x02,0x02}, /* 目 */
    {0x08,0x00,0x88,0x07,0xBE,0x04,0x88,0x04,0xFF,0x07,0x94,0x04,0xA2,0x04,0xC9,0x07,0xBE,0x04,0x88,0x04,0x88,0x07,0xFF,0x04}, /* 睦 */
    {0x88,0x00,0x88,0x02,0x90,0x02,0xDF,0x03,0xA2,0x04,0x92,0x00,0xD2,0x00,0x94,0x07,0x88,0x00,0x94,0x00,0xA2,0x00,0xC1,0x00}, /* 牧 */
    {0x90,0x00,0x3E,0x07,0x22,0x01,0x3E,0x01,0xA2,0x07,0x3E,0x01,0xAA,0x03,0x59,0x03,0x24,0x05,0x18,0x01,0x06,0x01,0x38,0x01}, /* 穆 */
    {0x20,0x00,0x50,0x00,0x8C,0x01,0xFF,0x07,0x04,0x01,0xFC,0x01,0x02,0x00,0xFC,0x03,0x20,0x00,0xFF,0x07,0x20,0x00,0x60,0x00}, /* 拿 */
    {0x00,0x00,0xF7,0x00,0x55,0x07,0x55,0x05,0xF6,0x05,0x56,0x05,0x55,0x05,0xF5,0x05,0x55,0x07,0x56,0x05,0x94,0x00,0x34,0x01}, /* 哪 */
    {0x08,0x00,0x08,0x00,0x7F,0x07,0x49,0x05,0x49,0x05,0x49,0x05,0x55,0x05,0x63,0x05,0x41,0x07,0x41,0x05,0x41,0x00,0x43,0x00}, /* 呐 */
    {0x08,0x02,0x08,0x03,0x7F,0x04,0x49,0x00,0x49,0x07,0x49,0x02,0x55,0x02,0x63,0x07,0x41,0x02,0x41,0x02,0x41,0x03,0x43,0x02}, /* 钠 */
    {0x00,0x00,0xEF,0x07,0x29,0x01,0x29,0x01,0xEA,0x07,0x2A,0x01,0x29,0x01,0xE9,0x07,0x29,0x01,0x2E,0x01,0x28,0x02,0xC8,0x04}, /* 那 */
    {0x00,0x02,0xF7,0x02,0x55,0x02,0x55,0x07,0xF6,0x05,0x56,0x05,0x55,0x05,0xF5,0x05,0x55,0x05,0x56,0x02,0x94,0x05,0x34,0x05}, /* 娜 */
    {0x08,0x01,0x08,0x01,0x7F,0x02,0xC9,0x04,0x49,0x07,0x49,0x01,0x55,0x02,0x63,0x07,0x41,0x00,0x41,0x01,0x41,0x06,0x43,0x00}, /* 纳 */
    {0x00,0x01,0xFF,0x01,0x00,0x02,0xFE,0x05,0x00,0x00,0xFC,0x03,0x04,0x00,0xE4,0x03,0x24,0x01,0x75,0x01,0x13,0x02,0x61,0x04}, /* 氖 */
    {0x00,0x00,0xFE,0x03,0x82,0x00,0x84,0x00,0x84,0x00,0x88,0x00,0x8F,0x00,0x81,0x00,0x01,0x01,0x01,0x01,0x01,0x02,0x0E,0x04}, /* 乃 */
    {0x00,0x01,0x3E,0x01,0x12,0x01,0x92,0x07,0x94,0x02,0x94,0x02,0x97,0x02,0x91,0x04,0x91,0x02,0x21,0x01,0xA1,0x02,0x46,0x04}, /* 奶 */
    {0x02,0x00,0xF2,0x07,0x82,0x00,0x0F,0x01,0xF2,0x07,0x52,0x05,0x5A,0x05,0x56,0x05,0x52,0x05,0x52,0x05,0x52,0x05,0x36,0x04}, /* 耐 */
    {0x20,0x00,0xFF,0x07,0x50,0x00,0x8C,0x01,0x03,0x06,0xFC,0x01,0x00,0x00,0xFF,0x07,0x20,0x00,0x24,0x01,0x22,0x02,0x61,0x04}, /* 奈 */
    {0x20,0x00,0xFF,0x07,0x20,0x00,0xFE,0x03,0x8A,0x02,0x52,0x02,0xFA,0x02,0x22,0x02,0xFE,0x03,0x22,0x02,0x22,0x02,0x0E,0x02}, /* 南 */
    {0xFE,0x03,0x22,0x02,0x22,0x02,0xFE,0x03,0x22,0x02,0x22,0x02,0xFE,0x03,0x40,0x00,0xFF,0x07,0x81,0x00,0x01,0x01,0x0E,0x06}, /* 男 */
    {0x14,0x00,0x92,0x07,0xBF,0x00,0xA4,0x04,0xE4,0x02,0xBF,0x02,0x24,0x01,0x3F,0x01,0xA4,0x02,0xA4,0x02,0xBF,0x04,0x20,0x00}, /* 难 */
    {0x20,0x00,0xFF,0x07,0x22,0x02,0xFE,0x03,0x20,0x00,0xFF,0x07,0x89,0x04,0xFE,0x03,0x88,0x00,0xFF,0x07,0x88,0x01,0xC7,0x06}, /* 囊 */
    {0x10,0x01,0x1E,0x01,0x70,0x01,0x95,0x07,0x09,0x01,0x37,0x01,0x80,0x01,0x7F,0x07,0x14,0x01,0x14,0x01,0x25,0x01,0x43,0x03}, /* 挠 */
    {0x08,0x00,0x84,0x03,0xBF,0x02,0x80,0x02,0x8A,0x03,0xA5,0x02,0xA5,0x02,0xA5,0x03,0xAB,0x02,0xA1,0x02,0xBF,0x02,0x81,0x05}, /* 脑 */
    {0x10,0x01,0x08,0x01,0x7F,0x01,0x80,0x05,0x14,0x05,0x49,0x05,0x49,0x05,0x49,0x01,0x55,0x01,0x41,0x01,0x7F,0x01,0x01,0x01}, /* 恼 */
    {0xFF,0x04,0x21,0x02,0x11,0x00,0xFD,0x05,0x21,0x04,0x21,0x04,0xFD,0x05,0x25,0x05,0x25,0x05,0x2D,0x05,0x21,0x04,0x23,0x04}, /* 闹 */
    {0x00,0x00,0xBF,0x07,0xA1,0x04,0xA1,0x04,0xBF,0x04,0xA0,0x04,0xA9,0x04,0xAA,0x04,0xAC,0x07,0xA9,0x04,0x29,0x00,0x47,0x00}, /* 呢 */
    {0x20,0x00,0x20,0x00,0xFE,0x03,0x22,0x02,0x22,0x02,0x52,0x02,0x4A,0x02,0x8A,0x02,0x02,0x02,0x02,0x02,0x02,0x02,0x0E,0x02}, /* 内 */
    {0x42,0x02,0x42,0x02,0xF4,0x03,0x47,0x07,0xF9,0x05,0x55,0x05,0x55,0x05,0xF5,0x05,0x42,0x05,0xE2,0x02,0x55,0x05,0x49,0x04}, /* 嫩 */
    {0x12,0x01,0x54,0x02,0xD8,0x07,0x11,0x00,0xCF,0x03,0x40,0x02,0xD0,0x03,0x52,0x02,0xD4,0x03,0x59,0x02,0x51,0x02,0xCF,0x02}, /* 能 */
    {0x00,0x01,0x3F,0x01,0x21,0x01,0xA1,0x07,0xBF,0x02,0xA0,0x02,0xA9,0x02,0xAA,0x04,0xAC,0x02,0x29,0x01,0xA9,0x02,0x47,0x04}, /* 妮 */
    {0xFE,0x03,0x20,0x00,0xFF,0x07,0x25,0x05,0x40,0x00,0x9E,0x03,0x02,0x02,0xDE,0x03,0x02,0x02,0xFE,0x03,0x89,0x00,0x07,0x07}, /* 霓 */
    {0x10,0x01,0x66,0x01,0x42,0x02,0x42,0x02,0x6E,0x06,0x42,0x02,0x42,0x02,0x7E,0x02,0x24,0x02,0x24,0x02,0x45,0x02,0x83,0x02}, /* 倪 */
    {0x00,0x02,0x7F,0x01,0x41,0x00,0x41,0x00,0x7F,0x04,0x40,0x02,0x52,0x00,0x54,0x00,0x58,0x01,0x51,0x02,0x91,0x04,0x0F,0x01}, /* 泥 */
    {0x00,0x00,0xFE,0x01,0x02,0x01,0x02,0x01,0xFE,0x01,0x00,0x01,0x42,0x01,0x4C,0x01,0x70,0x01,0x41,0x02,0x41,0x02,0x3F,0x04}, /* 尼 */
    {0x02,0x02,0x52,0x02,0x4A,0x02,0x4A,0x07,0x42,0x02,0x44,0x02,0x44,0x03,0x54,0x06,0x6A,0x02,0x4A,0x02,0x11,0x02,0x21,0x06}, /* 拟 */
    {0xA0,0x00,0xA0,0x00,0x3F,0x01,0x21,0x01,0x4A,0x03,0x08,0x05,0x2A,0x01,0x29,0x01,0x29,0x01,0x49,0x01,0x08,0x01,0x18,0x01}, /* 你 */
    {0xFF,0x03,0x44,0x02,0xFF,0x03,0x44,0x02,0x20,0x02,0xFF,0x03,0x40,0x02,0xFE,0x02,0x42,0x03,0x7E,0x02,0x00,0x02,0xFF,0x03}, /* 匿 */
    {0x05,0x00,0xBF,0x03,0x84,0x02,0xBC,0x02,0x84,0x03,0xBC,0x02,0x84,0x02,0xBA,0x03,0xAA,0x02,0xAA,0x02,0x93,0x02,0xA9,0x05}, /* 腻 */
    {0x44,0x04,0x28,0x02,0xFF,0x01,0x10,0x00,0x92,0x06,0x92,0x02,0x92,0x02,0xFE,0x02,0x10,0x02,0x20,0x02,0x40,0x02,0xFF,0x05}, /* 逆 */
    {0xEF,0x01,0x21,0x04,0x21,0x02,0xEF,0x01,0x08,0x01,0xEF,0x05,0x21,0x02,0xA5,0x00,0x63,0x00,0xA5,0x02,0x29,0x05,0xC6,0x00}, /* 溺 */
    {0x08,0x01,0x08,0x01,0x08,0x01,0xCF,0x07,0x08,0x01,0x08,0x01,0xBF,0x01,0x21,0x07,0x21,0x01,0x21,0x01,0x3F,0x01,0x21,0x03}, /* 拈 */
    {0x00,0x01,0x00,0x01,0xFF,0x01,0x10,0x02,0x10,0x04,0xFE,0x01,0x10,0x01,0x10,0x01,0xFF,0x07,0x10,0x00,0x10,0x00,0x10,0x00}, /* 年 */
    {0x08,0x02,0x14,0x02,0x22,0x02,0x49,0x07,0x3E,0x02,0x02,0x02,0x04,0x03,0x10,0x06,0x4A,0x02,0x51,0x02,0x95,0x02,0x0C,0x06}, /* 捻 */
    {0x20,0x00,0x50,0x00,0x88,0x00,0x44,0x01,0x23,0x06,0xF8,0x01,0x08,0x00,0x10,0x00,0x22,0x00,0x91,0x02,0x85,0x02,0x7C,0x04}, /* 念 */
    {0x10,0x01,0x08,0x01,0x3E,0x01,0xA2,0x07,0xBE,0x02,0xA2,0x02,0xBE,0x02,0xA9,0x04,0xAA,0x02,0x24,0x01,0xB2,0x02,0xA1,0x04}, /* 娘 */
    {0x08,0x00,0xC4,0x07,0x1F,0x01,0xD1,0x07,0x5F,0x05,0x51,0x05,0xDF,0x06,0x54,0x04,0xD5,0x07,0x52,0x04,0xDA,0x07,0x51,0x04}, /* 酿 */
    {0x40,0x00,0xFC,0x01,0x04,0x01,0x44,0x01,0x2C,0x01,0x00,0x01,0xFF,0x01,0x01,0x00,0x01,0x00,0xFD,0x07,0x01,0x00,0x0E,0x00}, /* 鸟 */
    {0xFF,0x03,0x01,0x02,0x01,0x02,0xFF,0x03,0x10,0x02,0x19,0x02,0xDA,0x03,0x54,0x02,0x54,0x02,0x92,0x02,0x11,0x03,0x30,0x04}, /* 尿 */
    {0x7F,0x02,0x41,0x02,0x41,0x02,0x7F,0x07,0x41,0x02,0x41,0x02,0x7F,0x03,0x08,0x06,0x7F,0x02,0x08,0x02,0x08,0x02,0xFF,0x06}, /* 捏 */
    {0xFF,0x07,0x04,0x01,0xFC,0x01,0x04,0x01,0xFC,0x01,0x07,0x01,0xFC,0x07,0x04,0x00,0xDF,0x07,0x49,0x02,0x86,0x01,0x59,0x06}, /* 聂 */
    {0x88,0x00,0xFF,0x07,0x04,0x01,0x9F,0x03,0x8A,0x02,0xDF,0x03,0x44,0x02,0xFE,0x03,0x10,0x00,0xFF,0x07,0x20,0x00,0xE0,0x00}, /* 孽 */
    {0x08,0x00,0x48,0x00,0x4F,0x07,0x48,0x05,0xFF,0x05,0x00,0x05,0x08,0x05,0x49,0x05,0x55,0x07,0x63,0x05,0x41,0x00,0x7F,0x00}, /* 啮 */
    {0x7F,0x02,0x22,0x03,0x3E,0x04,0x22,0x00,0x3E,0x07,0x23,0x02,0x7E,0x02,0x02,0x07,0x77,0x02,0x55,0x02,0x22,0x03,0x55,0x02}, /* 镊 */
    {0x08,0x02,0x3E,0x02,0xA2,0x03,0x3E,0x04,0xA2,0x07,0x3E,0x02,0x22,0x02,0xBE,0x07,0x08,0x02,0xFF,0x02,0x2A,0x03,0x49,0x02}, /* 镍 */
    {0xA0,0x00,0xA0,0x00,0x3F,0x01,0x49,0x03,0x08,0x05,0x2A,0x01,0x49,0x01,0x18,0x01,0x22,0x00,0x91,0x02,0x85,0x02,0x7C,0x04}, /* 您 */
    {0x08,0x01,0x04,0x01,0x3F,0x01,0xA1,0x07,0x00,0x01,0xBF,0x03,0x44,0x03,0x04,0x05,0x04,0x01,0x04,0x01,0x04,0x01,0x1C,0x01}, /* 柠 */
    {0x10,0x01,0x08,0x05,0x7F,0x02,0x41,0x05,0x00,0x01,0x7F,0x01,0x08,0x03,0x08,0x05,0x08,0x01,0x08,0x01,0x08,0x01,0x38,0x06}, /* 狞 */
    {0xAF,0x00,0xC1,0x00,0xAA,0x04,0x64,0x02,0x9F,0x00,0xE5,0x00,0x44,0x01,0x57,0x00,0xF4,0x02,0x54,0x04,0xB4,0x00,0x2F,0x01}, /* 凝 */
    {0x40,0x00,0x20,0x00,0xFF,0x07,0x01,0x04,0x00,0x00,0xFF,0x07,0x20,0x00,0x20,0x00,0x20,0x00,0x20,0x00,0x20,0x00,0xE0,0x00}, /* 宁 */
    {0x10,0x02,0x08,0x02,0x7F,0x02,0x41,0x07,0x00,0x02,0x7F,0x02,0x08,0x03,0x08,0x06,0x08,0x02,0x08,0x02,0x08,0x02,0x38,0x06}, /* 拧 */
    {0x10,0x00,0x08,0x04,0xFF,0x02,0x81,0x00,0x00,0x00,0xFF,0x04,0x08,0x02,0x08,0x00,0x08,0x01,0x08,0x02,0x08,0x04,0x38,0x00}, /* 泞 */
    {0x20,0x00,0x20,0x01,0x20,0x01,0xFE,0x01,0x20,0x02,0x20,0x04,0x20,0x00,0xFF,0x07,0x20,0x00,0x20,0x00,0x20,0x00,0x20,0x00}, /* 牛 */
    {0x00,0x02,0x7E,0x02,0x12,0x02,0x12,0x07,0x12,0x02,0x12,0x02,0x7E,0x03,0x22,0x06,0x22,0x02,0x22,0x02,0x22,0x02,0xFF,0x06}, /* 扭 */
    {0x00,0x02,0x7E,0x02,0x92,0x03,0x12,0x04,0x92,0x07,0x12,0x02,0x7E,0x02,0xA2,0x07,0x22,0x02,0x22,0x02,0x22,0x03,0xFF,0x02}, /* 钮 */
    {0x00,0x01,0x7E,0x01,0x12,0x02,0x92,0x04,0x12,0x07,0x12,0x01,0x7E,0x02,0x22,0x07,0x22,0x00,0x22,0x01,0x22,0x06,0xFF,0x00}, /* 纽 */
    {0x08,0x00,0x88,0x03,0xFF,0x02,0xC9,0x02,0x88,0x03,0x94,0x02,0x94,0x02,0xB5,0x03,0xD2,0x02,0x92,0x02,0x99,0x02,0x90,0x05}, /* 脓 */
    {0x08,0x00,0x08,0x04,0xFF,0x02,0x91,0x00,0x10,0x00,0x29,0x04,0x6A,0x02,0xA4,0x00,0x24,0x00,0x22,0x02,0x31,0x04,0x20,0x00}, /* 浓 */
    {0x20,0x00,0x20,0x00,0xFF,0x07,0x41,0x04,0x61,0x04,0xA0,0x00,0x92,0x00,0x94,0x01,0x88,0x02,0xA4,0x04,0xC3,0x00,0x80,0x00}, /* 农 */
    {0x00,0x00,0xFE,0x03,0x20,0x00,0xFC,0x01,0x20,0x00,0xFF,0x07,0x00,0x00,0x88,0x00,0xFF,0x07,0x88,0x00,0x08,0x01,0x08,0x02}, /* 弄 */
    {0x00,0x01,0x7E,0x01,0x22,0x01,0xA2,0x07,0xA2,0x02,0xA2,0x02,0x94,0x02,0x94,0x04,0x88,0x02,0x14,0x01,0xA2,0x02,0x41,0x04}, /* 奴 */
    {0x00,0x01,0x1F,0x01,0xC9,0x07,0x49,0x02,0x4A,0x02,0x84,0x01,0x4A,0x02,0x51,0x04,0xFE,0x07,0x82,0x00,0x02,0x01,0x0C,0x06}, /* 努 */
    {0x00,0x01,0x1F,0x01,0xC9,0x07,0x49,0x02,0x4A,0x02,0x84,0x01,0x4A,0x02,0x11,0x04,0x22,0x00,0x91,0x02,0x85,0x02,0x7C,0x04}, /* 怒 */
    {0x40,0x00,0x40,0x00,0x40,0x00,0xFF,0x07,0x84,0x00,0x84,0x00,0x08,0x01,0xD0,0x00,0x20,0x00,0x58,0x00,0x84,0x01,0x02,0x06}, /* 女 */
    {0x03,0x00,0x7C,0x07,0x51,0x05,0x2A,0x05,0x7F,0x05,0x08,0x07,0x7F,0x05,0x10,0x05,0x3E,0x05,0x52,0x07,0x8C,0x05,0x73,0x00}, /* 暖 */
    {0x3E,0x00,0x20,0x00,0xFF,0x03,0x29,0x02,0xF2,0x02,0x1E,0x02,0x00,0x02,0xFE,0x02,0x80,0x02,0xFF,0x03,0x80,0x02,0xFE,0x04}, /* 虐 */
    {0x20,0x00,0x10,0x00,0xFF,0x01,0x00,0x05,0x00,0x03,0x7E,0x01,0x40,0x01,0x40,0x03,0xFF,0x05,0x40,0x01,0x40,0x02,0x7E,0x04}, /* 疟 */
    {0x00,0x02,0xF7,0x02,0x55,0x02,0x55,0x07,0xF6,0x02,0x56,0x02,0x55,0x03,0xF5,0x06,0x55,0x02,0x56,0x02,0x94,0x02,0x34,0x07}, /* 挪 */
    {0x3E,0x01,0x08,0x01,0x7F,0x01,0xC9,0x05,0x2A,0x05,0x00,0x05,0x7F,0x05,0x08,0x01,0x7F,0x01,0x55,0x01,0x55,0x01,0x43,0x01}, /* 懦 */
    {0x3E,0x01,0x08,0x01,0x7F,0x05,0xC9,0x03,0x2A,0x01,0x80,0x07,0x7F,0x01,0x88,0x03,0x7F,0x05,0x55,0x01,0x55,0x01,0x43,0x01}, /* 糯 */
    {0x24,0x04,0x24,0x02,0xFF,0x00,0x24,0x00,0x10,0x06,0xFF,0x02,0x20,0x02,0x3E,0x02,0x62,0x02,0xA2,0x02,0x3E,0x03,0x22,0x02}, /* 诺 */
    {0x14,0x00,0x66,0x00,0x25,0x07,0x24,0x05,0xFF,0x05,0x24,0x05,0x35,0x05,0xE6,0x05,0x24,0x07,0x2D,0x05,0x33,0x00,0x61,0x00}, /* 哦 */
    {0x08,0x00,0xC8,0x07,0x0F,0x04,0x49,0x05,0x52,0x05,0x80,0x04,0x84,0x04,0x44,0x05,0x44,0x05,0x0A,0x04,0xCA,0x07,0x11,0x00}, /* 欧 */
    {0x08,0x00,0xDE,0x07,0x12,0x04,0x5A,0x05,0x52,0x05,0x96,0x04,0x90,0x04,0x5F,0x05,0x41,0x05,0x1D,0x04,0xC1,0x07,0x06,0x00}, /* 鸥 */
    {0x00,0x00,0xDE,0x07,0x12,0x04,0x52,0x05,0x63,0x05,0x80,0x04,0x9E,0x04,0x52,0x05,0x52,0x05,0x0C,0x04,0xD2,0x07,0x21,0x00}, /* 殴 */
    {0x88,0x00,0xFF,0x07,0x88,0x00,0x3E,0x01,0xAA,0x03,0x3E,0x01,0xAA,0x03,0x3E,0x01,0x88,0x07,0x7F,0x03,0xC9,0x05,0x5D,0x01}, /* 藕 */
    {0x00,0x00,0x7F,0x00,0x40,0x07,0x52,0x05,0x4A,0x05,0x4A,0x05,0x44,0x05,0x44,0x05,0x4A,0x07,0x52,0x05,0x40,0x00,0x7F,0x00}, /* 呕 */
    {0x7E,0x01,0x52,0x01,0x7E,0x02,0x52,0x02,0x7E,0x06,0x10,0x02,0xFF,0x02,0x91,0x02,0x95,0x02,0xBD,0x02,0x85,0x02,0x83,0x02}, /* 偶 */
    {0x00,0x00,0xFF,0x04,0x82,0x02,0xA2,0x00,0x94,0x00,0x94,0x04,0x88,0x02,0x94,0x00,0x92,0x00,0xA2,0x02,0x80,0x04,0xFF,0x00}, /* 沤 */
    {0x22,0x00,0x24,0x07,0x2F,0x05,0xF9,0x05,0x29,0x05,0x29,0x05,0x3F,0x05,0xE9,0x05,0x29,0x07,0x29,0x05,0x2F,0x00,0x69,0x00}, /* 啪 */
    {0x04,0x00,0xA4,0x07,0xA4,0x04,0xA4,0x04,0xA4,0x07,0x24,0x01,0xA4,0x01,0x24,0x05,0x24,0x05,0xC2,0x05,0x42,0x06,0x81,0x00}, /* 趴 */
    {0x60,0x00,0x9F,0x07,0x55,0x05,0x55,0x05,0x55,0x05,0x5F,0x05,0x50,0x05,0x51,0x05,0x51,0x05,0x4F,0x05,0x20,0x05,0x1F,0x05}, /* 爬 */
    {0x04,0x01,0x08,0x01,0xDF,0x07,0x51,0x05,0x51,0x05,0x51,0x05,0x5F,0x05,0x51,0x05,0x51,0x05,0xD1,0x05,0x1F,0x01,0x11,0x01}, /* 帕 */
    {0x04,0x01,0x08,0x01,0x3F,0x01,0xA1,0x05,0x61,0x05,0x21,0x05,0x3F,0x05,0x21,0x01,0x21,0x01,0x21,0x01,0x3F,0x01,0x21,0x01}, /* 怕 */
    {0xDF,0x07,0x04,0x01,0x8E,0x03,0x04,0x01,0xDF,0x07,0x00,0x00,0xFE,0x03,0x22,0x02,0xFE,0x03,0x00,0x02,0x01,0x02,0xFF,0x01}, /* 琶 */
    {0x04,0x01,0x08,0x01,0x3F,0x01,0xA1,0x07,0x21,0x01,0x21,0x01,0xBF,0x01,0x21,0x07,0x21,0x01,0x21,0x01,0x3F,0x01,0x21,0x03}, /* 拍 */
    {0x14,0x01,0x14,0x01,0x77,0x01,0x94,0x07,0x14,0x01,0x77,0x01,0x94,0x01,0x14,0x07,0x77,0x01,0x14,0x01,0x14,0x01,0x14,0x03}, /* 排 */
    {0x88,0x00,0x90,0x02,0xBF,0x02,0xA5,0x02,0xFF,0x03,0x29,0x02,0x3F,0x02,0x90,0x03,0xA4,0x02,0xFF,0x02,0x84,0x02,0x84,0x04}, /* 牌 */
    {0x94,0x00,0x14,0x01,0x77,0x02,0x94,0x04,0x14,0x01,0x77,0x03,0x14,0x05,0x14,0x01,0x77,0x01,0x14,0x01,0x14,0x01,0x14,0x01}, /* 徘 */
    {0x6F,0x00,0xC4,0x05,0x44,0x02,0x4F,0x00,0xE4,0x01,0x4F,0x04,0x44,0x02,0xE4,0x01,0x4F,0x00,0x44,0x02,0x84,0x04,0x04,0x01}, /* 湃 */
    {0x06,0x00,0x78,0x02,0x42,0x01,0x5C,0x00,0x54,0x04,0x55,0x02,0x56,0x00,0x54,0x00,0x54,0x01,0x52,0x02,0x5A,0x04,0x91,0x00}, /* 派 */
    {0x54,0x01,0xAF,0x07,0x56,0x03,0xAD,0x05,0x54,0x01,0xFF,0x07,0x04,0x01,0xFA,0x02,0x21,0x04,0xFC,0x01,0x20,0x00,0x60,0x00}, /* 攀 */
    {0x0E,0x00,0xF0,0x04,0x92,0x02,0x54,0x00,0xFF,0x01,0x54,0x04,0x82,0x02,0xFF,0x01,0x92,0x00,0xFE,0x02,0x92,0x04,0xFE,0x00}, /* 潘 */
    {0x40,0x00,0xFC,0x01,0x44,0x01,0x24,0x01,0xFF,0x07,0x44,0x01,0x2C,0x02,0x00,0x04,0xFE,0x03,0x52,0x02,0x52,0x02,0xFF,0x07}, /* 盘 */
    {0x0E,0x01,0xEA,0x03,0xB1,0x02,0xEE,0x07,0x2A,0x02,0xA4,0x02,0x6A,0x04,0xFF,0x07,0x80,0x00,0xFE,0x01,0x02,0x03,0xFE,0x05}, /* 磐 */
    {0x14,0x00,0x94,0x07,0xA2,0x04,0xA2,0x04,0xC1,0x07,0xBE,0x04,0x92,0x04,0x92,0x07,0x92,0x04,0xA2,0x04,0xA2,0x07,0x4C,0x04}, /* 盼 */
    {0x04,0x00,0xD5,0x07,0x4E,0x05,0x44,0x05,0x5F,0x05,0xC4,0x07,0x44,0x05,0x7F,0x05,0x44,0x05,0xC4,0x07,0x44,0x04,0x04,0x00}, /* 畔 */
    {0x81,0x00,0xA1,0x02,0xC9,0x01,0x89,0x00,0xE9,0x03,0x89,0x00,0x89,0x00,0xF9,0x07,0x89,0x00,0x01,0x01,0x01,0x01,0x07,0x02}, /* 判 */
    {0x00,0x01,0x43,0x05,0xBC,0x03,0x20,0x01,0xA0,0x07,0x3F,0x01,0x29,0x01,0xE9,0x07,0x2A,0x01,0x24,0x01,0x4A,0x02,0x91,0x04}, /* 叛 */
    {0x0C,0x00,0xF0,0x01,0x00,0x01,0x00,0x01,0xFE,0x01,0x08,0x01,0x08,0x01,0x08,0x01,0xFF,0x07,0x08,0x00,0x04,0x00,0x02,0x00}, /* 乓 */
    {0x10,0x00,0xFF,0x03,0x00,0x02,0x48,0x02,0x44,0x02,0xFF,0x03,0x50,0x02,0x52,0x02,0x54,0x02,0x99,0x02,0x91,0x02,0x2F,0x05}, /* 庞 */
    {0x20,0x00,0xFE,0x03,0x04,0x01,0x88,0x00,0xFF,0x07,0x41,0x04,0x20,0x00,0xFF,0x07,0x80,0x00,0xFE,0x00,0x02,0x01,0x0C,0x06}, /* 旁 */
    {0x88,0x03,0xC9,0x02,0xAA,0x02,0x88,0x03,0xBE,0x02,0x88,0x02,0x88,0x03,0xFF,0x02,0x88,0x02,0x88,0x02,0x88,0x02,0x88,0x05}, /* 胖 */
    {0x44,0x02,0x44,0x02,0x4F,0x02,0x45,0x07,0xF5,0x02,0x55,0x02,0x55,0x03,0x55,0x06,0x5B,0x02,0x50,0x02,0x51,0x02,0x8F,0x06}, /* 抛 */
    {0x40,0x00,0x40,0x00,0x7E,0x07,0x82,0x05,0x7A,0x05,0x4A,0x05,0x4A,0x05,0x7A,0x05,0x46,0x07,0x41,0x05,0x41,0x00,0x3F,0x00}, /* 咆 */
    {0x01,0x01,0x01,0x01,0xF5,0x03,0x15,0x02,0xD5,0x07,0x55,0x02,0x55,0x02,0xD5,0x03,0x35,0x02,0x01,0x02,0x11,0x02,0xF3,0x01}, /* 刨 */
    {0x10,0x01,0x10,0x01,0xBF,0x01,0x41,0x05,0x3D,0x05,0x25,0x05,0x25,0x05,0x3D,0x01,0x23,0x01,0xA0,0x02,0xA1,0x02,0x1F,0x04}, /* 炮 */
    {0x10,0x02,0x10,0x01,0xBF,0x07,0xC1,0x00,0x3D,0x01,0xA5,0x01,0x25,0x03,0xBD,0x05,0x23,0x01,0x20,0x01,0x21,0x01,0x1F,0x01}, /* 袍 */
    {0x10,0x00,0x90,0x07,0xBF,0x04,0xC1,0x04,0xBD,0x07,0x25,0x01,0x25,0x01,0xBD,0x05,0x23,0x05,0x20,0x05,0xA1,0x05,0x1F,0x06}, /* 跑 */
    {0x40,0x00,0x40,0x04,0x7E,0x02,0x82,0x00,0x7A,0x01,0x4A,0x04,0x4A,0x02,0x7A,0x00,0x46,0x01,0x41,0x02,0x41,0x04,0x3F,0x00}, /* 泡 */
    {0x00,0x00,0x7F,0x07,0x04,0x05,0x08,0x05,0x08,0x05,0x1A,0x05,0x29,0x05,0x49,0x05,0x08,0x07,0x08,0x05,0x00,0x00,0x7F,0x00}, /* 呸 */
    {0x00,0x00,0xBF,0x03,0x84,0x02,0x88,0x02,0x88,0x03,0x9A,0x02,0xA9,0x02,0xC9,0x03,0x88,0x02,0x88,0x02,0x80,0x02,0xBF,0x05}, /* 胚 */
    {0x08,0x02,0x7E,0x02,0x00,0x02,0x42,0x02,0x24,0x07,0xFF,0x02,0x00,0x02,0x7E,0x02,0x42,0x02,0x42,0x03,0x7E,0x06,0x42,0x00}, /* 培 */
    {0x88,0x00,0x8F,0x07,0x88,0x00,0x8E,0x03,0x88,0x00,0x8F,0x07,0xA8,0x00,0xFF,0x07,0x50,0x00,0x8A,0x01,0xA4,0x06,0xC3,0x00}, /* 裴 */
    {0x04,0x00,0xDF,0x07,0x40,0x04,0x51,0x05,0x4A,0x05,0x5F,0x05,0x40,0x05,0x5F,0x05,0x51,0x05,0x11,0x01,0x9F,0x02,0x51,0x04}, /* 赔 */
    {0x08,0x00,0xBE,0x07,0x80,0x04,0xA2,0x04,0x14,0x05,0x7F,0x05,0x80,0x04,0xBE,0x04,0xA2,0x04,0x22,0x07,0x3E,0x04,0x22,0x04}, /* 陪 */
    {0x00,0x00,0xF7,0x07,0x41,0x01,0xF1,0x07,0x51,0x05,0x57,0x05,0x34,0x06,0x14,0x04,0xF4,0x07,0x15,0x04,0xF5,0x07,0x13,0x04}, /* 配 */
    {0x00,0x01,0xFE,0x01,0x82,0x02,0xFA,0x02,0xA2,0x06,0xFA,0x02,0xAA,0x02,0xAA,0x02,0xAA,0x02,0xBA,0x02,0xA3,0x02,0x21,0x03}, /* 佩 */
    {0x10,0x04,0x10,0x02,0xFF,0x01,0x10,0x00,0x10,0x04,0xFE,0x02,0x92,0x00,0x92,0x00,0x92,0x00,0x92,0x02,0x96,0x04,0x10,0x00}, /* 沛 */
    {0x08,0x00,0x7F,0x07,0x08,0x05,0x22,0x05,0x7F,0x05,0x22,0x05,0x7F,0x05,0x41,0x05,0x49,0x07,0x49,0x05,0x16,0x00,0x61,0x00}, /* 喷 */
    {0x88,0x00,0x04,0x01,0x02,0x02,0xFD,0x05,0x44,0x00,0x84,0x00,0x18,0x03,0x00,0x00,0xFE,0x03,0x52,0x02,0x52,0x02,0xFF,0x07}, /* 盆 */
    {0x00,0x00,0xBE,0x07,0x08,0x01,0x49,0x01,0x29,0x02,0xAA,0x03,0x88,0x06,0xFF,0x02,0x88,0x02,0x88,0x02,0x88,0x03,0x88,0x02}, /* 砰 */
    {0x00,0x01,0x3E,0x01,0x08,0x01,0xC9,0x07,0x29,0x01,0x2A,0x01,0x88,0x01,0x7F,0x07,0x08,0x01,0x08,0x01,0x08,0x01,0x08,0x03}, /* 抨 */
    {0x20,0x00,0xFF,0x07,0x00,0x00,0xFC,0x01,0x04,0x01,0xFC,0x01,0x00,0x00,0xFC,0x03,0x08,0x00,0x10,0x00,0xB2,0x02,0x49,0x04}, /* 烹 */
    {0x21,0x00,0xFA,0x05,0x24,0x02,0xF8,0x00,0x01,0x00,0xFA,0x04,0x8C,0x02,0xF8,0x00,0x88,0x00,0x51,0x02,0x3A,0x04,0xC4,0x01}, /* 澎 */
    {0x82,0x00,0xE2,0x07,0x84,0x00,0xE9,0x03,0x01,0x00,0xE2,0x03,0x24,0x02,0xE8,0x03,0x21,0x02,0x42,0x01,0xE4,0x00,0x18,0x07}, /* 彭 */
    {0x88,0x00,0xFF,0x07,0xA8,0x04,0x7C,0x02,0xC4,0x00,0x38,0x06,0xD7,0x03,0x7C,0x02,0x10,0x02,0xFE,0x02,0x10,0x02,0xFF,0x05}, /* 蓬 */
    {0x00,0x01,0x77,0x01,0x55,0x01,0xD5,0x07,0x77,0x01,0x55,0x03,0xD5,0x03,0x77,0x05,0x55,0x01,0x55,0x01,0x55,0x01,0xBB,0x01}, /* 棚 */
    {0x77,0x00,0xD5,0x07,0x55,0x01,0x75,0x01,0x57,0x02,0xD5,0x03,0x75,0x06,0x57,0x02,0x55,0x02,0xD5,0x03,0x59,0x02,0xB3,0x00}, /* 硼 */
    {0x10,0x02,0xDF,0x03,0xA4,0x04,0x7C,0x02,0xC4,0x00,0x38,0x06,0xD7,0x03,0x7C,0x02,0x10,0x02,0xFE,0x02,0x10,0x02,0xFF,0x05}, /* 篷 */
    {0x90,0x03,0xFD,0x02,0x91,0x02,0xBA,0x03,0x80,0x02,0xB9,0x02,0xA9,0x03,0xBA,0x02,0x80,0x02,0xA9,0x02,0xFD,0x02,0x82,0x05}, /* 膨 */
    {0x00,0x00,0xCF,0x03,0x49,0x02,0x49,0x02,0xCF,0x03,0x49,0x02,0x49,0x02,0xCF,0x03,0x49,0x02,0x49,0x02,0x49,0x02,0xD3,0x04}, /* 朋 */
    {0x02,0x00,0x77,0x07,0x55,0x05,0x57,0x05,0x75,0x07,0x56,0x05,0x54,0x05,0x77,0x07,0x51,0x05,0x57,0x05,0x51,0x05,0xB6,0x03}, /* 鹏 */
    {0x08,0x01,0x7F,0x01,0x08,0x01,0xBE,0x07,0x10,0x01,0x7F,0x01,0xA2,0x01,0x49,0x07,0x3E,0x01,0x08,0x01,0x7F,0x01,0x08,0x03}, /* 捧 */
    {0x22,0x00,0x94,0x07,0x00,0x01,0x7F,0x01,0x14,0x02,0x94,0x03,0xD5,0x06,0xB6,0x02,0x94,0x02,0x94,0x03,0x94,0x02,0x7F,0x00}, /* 碰 */
    {0x48,0x02,0x48,0x02,0x49,0x02,0x49,0x07,0x7A,0x02,0x4C,0x02,0x48,0x03,0x48,0x06,0x48,0x02,0x59,0x02,0x69,0x02,0x47,0x06}, /* 批 */
    {0x04,0x01,0x04,0x01,0x3F,0x01,0xA5,0x07,0x24,0x01,0x3E,0x01,0xAA,0x01,0x2A,0x07,0x2A,0x01,0x24,0x01,0x4A,0x01,0x91,0x03}, /* 披 */
    {0xC4,0x03,0x5F,0x02,0xCA,0x03,0x1F,0x02,0xC4,0x03,0x4E,0x05,0xC4,0x01,0x00,0x00,0xFE,0x03,0x42,0x00,0x82,0x00,0x0C,0x03}, /* 劈 */
    {0xDF,0x07,0x04,0x01,0x8E,0x03,0x04,0x01,0xDF,0x07,0x00,0x00,0x12,0x02,0x14,0x02,0xD8,0x03,0x11,0x02,0xD1,0x02,0x0F,0x03}, /* 琵 */
    {0x14,0x00,0xD4,0x07,0x55,0x05,0x55,0x05,0x5E,0x05,0xD4,0x07,0x54,0x05,0x54,0x05,0x54,0x05,0xD5,0x07,0x5D,0x04,0x13,0x00}, /* 毗 */
    {0x10,0x00,0x20,0x00,0x7E,0x07,0x4A,0x05,0x7E,0x05,0x52,0x05,0x7E,0x05,0x20,0x05,0x48,0x07,0xFF,0x05,0x08,0x00,0x08,0x00}, /* 啤 */
    {0x08,0x00,0x90,0x03,0xBF,0x02,0xA5,0x02,0xBF,0x03,0xA9,0x02,0xBF,0x02,0x90,0x03,0xA4,0x02,0xFF,0x02,0x84,0x02,0x84,0x05}, /* 脾 */
    {0x20,0x00,0x10,0x00,0xFF,0x01,0x08,0x05,0x7F,0x03,0x49,0x01,0x48,0x01,0x7E,0x03,0x52,0x05,0x52,0x01,0x8C,0x02,0x33,0x05}, /* 疲 */
    {0x10,0x00,0x10,0x00,0xFF,0x03,0x11,0x02,0x10,0x02,0xFE,0x03,0x82,0x02,0x44,0x02,0x28,0x02,0x10,0x02,0x6C,0x02,0x83,0x05}, /* 皮 */
    {0x00,0x00,0xFF,0x03,0x48,0x02,0x48,0x02,0x48,0x02,0x48,0x02,0x49,0x02,0x89,0x02,0x87,0x02,0x00,0x03,0x00,0x02,0xFF,0x03}, /* 匹 */
    {0x20,0x00,0x10,0x00,0xFF,0x01,0x00,0x05,0x7F,0x03,0x08,0x01,0x1A,0x01,0x69,0x03,0x08,0x05,0x7F,0x01,0x41,0x02,0x7F,0x04}, /* 痞 */
    {0x08,0x01,0xE4,0x01,0xAE,0x02,0xA0,0x02,0xEA,0x06,0x84,0x02,0x9F,0x02,0xE4,0x02,0xA4,0x03,0xAE,0x02,0xE4,0x02,0xA4,0x02}, /* 僻 */
    {0xFE,0x03,0x02,0x02,0xFE,0x03,0x00,0x02,0x88,0x02,0x89,0x02,0xE9,0x02,0x8A,0x02,0x8C,0x02,0x89,0x02,0xA9,0x02,0xC7,0x04}, /* 屁 */
    {0xC4,0x03,0x5F,0x02,0xCA,0x03,0x1F,0x02,0xC4,0x03,0x4E,0x05,0xD4,0x01,0xFF,0x07,0x00,0x00,0xFE,0x03,0x04,0x01,0xFC,0x01}, /* 譬 */
    {0x10,0x02,0xDF,0x03,0xA4,0x04,0xFF,0x03,0x01,0x02,0xFF,0x03,0x00,0x02,0xFF,0x03,0x29,0x03,0xFF,0x05,0x29,0x01,0x03,0x01}, /* 篇 */
    {0x08,0x01,0x7F,0x01,0x41,0x02,0x7F,0x02,0x40,0x06,0x7F,0x02,0x55,0x02,0xD5,0x02,0x7F,0x03,0x55,0x02,0x55,0x02,0x43,0x02}, /* 偏 */
    {0x08,0x00,0x08,0x01,0x08,0x01,0x08,0x01,0xFF,0x01,0x00,0x01,0x00,0x01,0xFC,0x01,0x04,0x01,0x04,0x02,0x04,0x02,0x04,0x04}, /* 片 */
    {0x08,0x00,0x7F,0x07,0x41,0x01,0x7F,0x05,0x40,0x05,0x7F,0x04,0x55,0x07,0xD5,0x01,0x7F,0x03,0x55,0x05,0x55,0x01,0x43,0x06}, /* 骗 */
    {0xC0,0x07,0x3E,0x01,0xE2,0x07,0x62,0x05,0xF6,0x07,0x2A,0x00,0xAA,0x03,0x2A,0x00,0xF6,0x07,0x22,0x01,0x63,0x05,0x41,0x03}, /* 飘 */
    {0xFF,0x05,0x28,0x02,0xFE,0x00,0xAA,0x00,0xFE,0x04,0x00,0x02,0xFE,0x00,0x00,0x00,0xFF,0x01,0x10,0x02,0x92,0x04,0x31,0x01}, /* 漂 */
    {0xC1,0x07,0x1E,0x01,0xD5,0x07,0x55,0x05,0xD5,0x07,0x15,0x00,0x95,0x03,0x15,0x00,0xD4,0x07,0x16,0x01,0x55,0x05,0x27,0x03}, /* 瓢 */
    {0xFF,0x07,0x50,0x00,0xFE,0x03,0x52,0x02,0xFE,0x03,0x00,0x00,0xFE,0x03,0x00,0x00,0xFF,0x07,0x20,0x00,0x24,0x01,0x62,0x02}, /* 票 */
    {0x24,0x02,0xAC,0x02,0x74,0x02,0x2F,0x07,0xFA,0x02,0xAA,0x02,0xBA,0x03,0xEA,0x06,0xAA,0x02,0xA4,0x02,0xAA,0x02,0x91,0x06}, /* 撇 */
    {0xA8,0x04,0xCF,0x02,0xF2,0x07,0xAA,0x04,0xE4,0x05,0xAA,0x06,0x91,0x04,0x00,0x00,0xFE,0x03,0x92,0x02,0x4A,0x02,0xFE,0x03}, /* 瞥 */
    {0x21,0x01,0x12,0x01,0x00,0x01,0xBF,0x07,0x12,0x01,0x12,0x01,0x92,0x01,0x7F,0x07,0x12,0x01,0x12,0x01,0x12,0x01,0x22,0x03}, /* 拼 */
    {0x9F,0x00,0xE4,0x02,0x88,0x02,0x9F,0x02,0xF1,0x07,0x95,0x00,0x95,0x02,0xB5,0x02,0x55,0x04,0x84,0x00,0x0A,0x01,0x11,0x06}, /* 频 */
    {0x04,0x01,0x02,0x02,0xFD,0x05,0x84,0x00,0x18,0x01,0x00,0x02,0xFE,0x03,0x22,0x02,0x22,0x02,0x58,0x00,0x86,0x01,0x01,0x06}, /* 贫 */
    {0xFC,0x01,0x04,0x01,0x04,0x01,0x04,0x01,0xFC,0x01,0x00,0x00,0xDF,0x07,0x51,0x04,0x51,0x04,0x51,0x04,0xDF,0x07,0x51,0x04}, /* 品 */
    {0x08,0x00,0xFF,0x07,0xA9,0x02,0xBF,0x02,0xA9,0x03,0xBF,0x02,0x80,0x03,0xBF,0x02,0xD0,0x02,0x9F,0x07,0x81,0x00,0x86,0x00}, /* 聘 */
    {0x0C,0x00,0xF0,0x01,0x00,0x01,0x00,0x01,0xFE,0x01,0x08,0x01,0x08,0x01,0x08,0x01,0xFF,0x07,0x80,0x00,0x00,0x01,0x00,0x02}, /* 乒 */
    {0x00,0x01,0x3E,0x01,0x08,0x01,0x49,0x01,0xA9,0x07,0x2A,0x01,0x08,0x01,0x7F,0x01,0x08,0x01,0x88,0x01,0x08,0x06,0x08,0x00}, /* 坪 */
    {0x88,0x00,0xFF,0x07,0x88,0x00,0x00,0x00,0xFE,0x03,0x20,0x00,0x24,0x01,0xA8,0x00,0xFF,0x07,0x20,0x00,0x20,0x00,0x20,0x00}, /* 苹 */
    {0x88,0x00,0xFF,0x07,0x88,0x00,0x00,0x04,0xFE,0x02,0x10,0x00,0x92,0x04,0x54,0x02,0xFF,0x01,0x10,0x00,0x10,0x02,0x10,0x04}, /* 萍 */
    {0x00,0x00,0xFE,0x03,0x20,0x00,0x22,0x02,0x22,0x01,0x24,0x01,0x20,0x00,0xFF,0x07,0x20,0x00,0x20,0x00,0x20,0x00,0x20,0x00}, /* 平 */
    {0x86,0x00,0x38,0x01,0x08,0x03,0x7F,0x05,0x08,0x01,0x3E,0x01,0x00,0x00,0xF8,0x01,0x08,0x01,0x08,0x01,0x09,0x02,0x07,0x04}, /* 凭 */
    {0x40,0x04,0xBE,0x02,0x10,0x00,0xD0,0x07,0x9C,0x02,0x94,0x02,0xA4,0x02,0xF4,0x07,0xAC,0x02,0xA5,0x02,0xB5,0x02,0xA3,0x04}, /* 瓶 */
    {0x00,0x02,0x3E,0x01,0x08,0x00,0x49,0x00,0x29,0x07,0x2A,0x01,0x08,0x01,0x7F,0x01,0x08,0x01,0x88,0x01,0x08,0x01,0x08,0x00}, /* 评 */
    {0xFF,0x03,0x01,0x02,0xFF,0x03,0x42,0x02,0x24,0x02,0xFF,0x02,0x24,0x02,0x24,0x02,0xFF,0x03,0x24,0x02,0x44,0x02,0x84,0x04}, /* 屏 */
    {0x08,0x01,0x08,0x01,0x7F,0x01,0xC9,0x07,0x48,0x01,0x7E,0x01,0x52,0x01,0x52,0x01,0xD4,0x01,0x48,0x06,0x54,0x00,0xA3,0x00}, /* 坡 */
    {0x12,0x00,0x91,0x04,0x90,0x02,0xFF,0x00,0x20,0x00,0x20,0x04,0x3F,0x02,0x51,0x00,0x4A,0x00,0x84,0x02,0x8A,0x04,0x31,0x01}, /* 泼 */
    {0x9F,0x00,0x84,0x00,0xE8,0x03,0xBF,0x02,0x91,0x02,0xD5,0x03,0x55,0x02,0x55,0x02,0x55,0x03,0x84,0x02,0x4A,0x05,0x51,0x02}, /* 颇 */
    {0x08,0x02,0x7F,0x01,0x49,0x04,0x7E,0x02,0x52,0x00,0x4C,0x02,0xB3,0x04,0x40,0x00,0xFF,0x07,0x88,0x01,0x70,0x00,0x8E,0x07}, /* 婆 */
    {0x04,0x00,0x84,0x07,0x3F,0x01,0x25,0x01,0x24,0x02,0xBE,0x03,0xAA,0x06,0xAA,0x02,0xAA,0x02,0xA4,0x03,0x4A,0x02,0x91,0x00}, /* 破 */
    {0x08,0x01,0x10,0x02,0x7E,0x07,0x4A,0x05,0x7E,0x05,0x52,0x07,0x7E,0x05,0x14,0x05,0x2A,0x05,0x2E,0x07,0x49,0x04,0x87,0x00}, /* 魄 */
    {0x08,0x02,0x10,0x01,0x7F,0x00,0x41,0x00,0x41,0x07,0x7F,0x01,0x41,0x01,0x41,0x01,0x7F,0x01,0x00,0x01,0x80,0x02,0x7F,0x04}, /* 迫 */
    {0x04,0x01,0x08,0x01,0x5F,0x05,0x91,0x03,0x11,0x01,0xD1,0x07,0x1F,0x01,0x91,0x03,0x51,0x05,0x11,0x01,0x1F,0x01,0x11,0x01}, /* 粕 */
    {0x41,0x00,0xF1,0x03,0x05,0x00,0x15,0x02,0x25,0x01,0xFD,0x07,0x05,0x00,0xF5,0x03,0x15,0x02,0x11,0x02,0xF1,0x03,0x13,0x02}, /* 剖 */
    {0x08,0x01,0x08,0x01,0x08,0x01,0xC8,0x07,0x0C,0x01,0x0A,0x01,0xC9,0x01,0x09,0x07,0x08,0x01,0x08,0x01,0x08,0x01,0x08,0x03}, /* 扑 */
    {0x0A,0x02,0x09,0x03,0x7F,0x04,0x08,0x00,0x7F,0x07,0x49,0x02,0x7F,0x02,0x49,0x07,0x7F,0x02,0x49,0x02,0x49,0x03,0x43,0x02}, /* 铺 */
    {0x88,0x00,0x88,0x00,0x08,0x01,0x08,0x01,0x0C,0x03,0x0A,0x05,0x09,0x01,0x09,0x01,0x08,0x01,0x08,0x01,0x08,0x01,0x08,0x01}, /* 仆 */
    {0x88,0x00,0xFF,0x07,0xAA,0x00,0xFF,0x07,0x20,0x00,0xFE,0x03,0x22,0x02,0xFE,0x03,0x22,0x02,0xFE,0x03,0x22,0x02,0x06,0x02}, /* 莆 */
    {0x88,0x00,0xFF,0x07,0x88,0x02,0xFF,0x03,0x51,0x04,0xFD,0x07,0x49,0x02,0xF9,0x03,0x49,0x02,0xF9,0x03,0x49,0x02,0x1B,0x02}, /* 葡 */
    {0x88,0x00,0xFF,0x07,0x88,0x00,0x20,0x00,0xFE,0x03,0x04,0x01,0xFF,0x07,0x00,0x00,0xFE,0x03,0x02,0x02,0xFE,0x03,0x02,0x02}, /* 菩 */
    {0x88,0x00,0xFF,0x07,0x9A,0x00,0xFF,0x05,0x10,0x02,0xFE,0x00,0x92,0x04,0xFE,0x02,0x92,0x00,0xFE,0x02,0x92,0x04,0x86,0x00}, /* 蒲 */
    {0x0A,0x02,0x09,0x02,0x7F,0x02,0x08,0x02,0x7F,0x07,0x49,0x02,0x7F,0x02,0x49,0x02,0x7F,0x02,0x49,0x03,0x49,0x06,0x43,0x00}, /* 埔 */
    {0x88,0x00,0x88,0x00,0x88,0x00,0xE8,0x07,0x8C,0x00,0xCA,0x01,0xA9,0x01,0x89,0x02,0x88,0x04,0x88,0x00,0x88,0x00,0x88,0x00}, /* 朴 */
    {0xFF,0x07,0x25,0x04,0xFF,0x07,0x21,0x04,0xFD,0x05,0x25,0x05,0xFD,0x05,0x25,0x05,0xFD,0x05,0x25,0x05,0x0D,0x05,0xFF,0x07}, /* 圃 */
    {0x84,0x00,0xFF,0x03,0x48,0x00,0x4A,0x01,0xCC,0x00,0xFF,0x07,0x00,0x00,0xFE,0x01,0x02,0x01,0xFE,0x01,0x02,0x01,0xFE,0x01}, /* 普 */
    {0x14,0x04,0x12,0x02,0xFF,0x01,0x10,0x00,0xFE,0x04,0x92,0x02,0xFE,0x00,0x92,0x00,0xFE,0x01,0x92,0x02,0x92,0x04,0x86,0x00}, /* 浦 */
    {0x22,0x02,0x7F,0x01,0x14,0x00,0x55,0x00,0x14,0x07,0x7F,0x01,0x00,0x01,0x3E,0x01,0x22,0x01,0xBE,0x01,0x22,0x01,0x3E,0x00}, /* 谱 */
    {0x7E,0x00,0x42,0x07,0x7E,0x05,0x42,0x05,0x7E,0x05,0x24,0x07,0x7E,0x05,0x24,0x05,0xFF,0x05,0x4A,0x07,0xAD,0x05,0x5A,0x00}, /* 曝 */
    {0x7E,0x02,0x42,0x01,0x7E,0x00,0x42,0x00,0x7E,0x04,0x24,0x02,0x7E,0x00,0x24,0x00,0xFF,0x01,0x4A,0x02,0xAD,0x04,0x5A,0x00}, /* 瀑 */
    {0x40,0x02,0x4F,0x02,0xE9,0x07,0x49,0x02,0xCF,0x03,0x49,0x02,0xC9,0x03,0x4F,0x02,0xE9,0x07,0x09,0x00,0x49,0x02,0x33,0x04}, /* 期 */
    {0x48,0x02,0x48,0x02,0xEF,0x07,0x49,0x02,0xD2,0x03,0x40,0x02,0xC4,0x03,0x44,0x02,0xE4,0x07,0x0A,0x00,0x4A,0x02,0x31,0x04}, /* 欺 */
    {0x00,0x01,0x7F,0x01,0x14,0x01,0x94,0x07,0x7F,0x01,0x55,0x03,0xD5,0x03,0x57,0x05,0x61,0x01,0x41,0x01,0x7F,0x01,0x41,0x01}, /* 栖 */
    {0x05,0x00,0x04,0x00,0xFF,0x03,0x44,0x02,0x74,0x02,0x45,0x02,0xF5,0x03,0x45,0x02,0xE6,0x02,0x55,0x03,0x4B,0x02,0xD1,0x04}, /* 戚 */
    {0x20,0x00,0xFF,0x07,0x20,0x00,0xFE,0x03,0x22,0x00,0xFF,0x07,0x22,0x00,0x40,0x00,0xFF,0x07,0x88,0x01,0x70,0x00,0x8E,0x07}, /* 妻 */
    {0x40,0x00,0x40,0x00,0x40,0x00,0x40,0x00,0x7F,0x00,0xC0,0x07,0x40,0x00,0x40,0x00,0x40,0x00,0x41,0x00,0x41,0x00,0x3F,0x00}, /* 七 */
    {0x10,0x00,0xFF,0x01,0x10,0x04,0xFE,0x02,0x12,0x00,0xFF,0x01,0x12,0x00,0x20,0x00,0xFF,0x01,0x44,0x02,0x38,0x04,0xC7,0x01}, /* 凄 */
    {0x10,0x00,0xFE,0x04,0x54,0x02,0x92,0x00,0x28,0x00,0x44,0x04,0x93,0x02,0x54,0x00,0x38,0x00,0x54,0x02,0x92,0x04,0x30,0x00}, /* 漆 */
    {0x10,0x02,0x10,0x01,0x1F,0x04,0xF0,0x02,0x11,0x00,0x0F,0x01,0x20,0x02,0xFF,0x07,0xA8,0x00,0x24,0x01,0x23,0x06,0x20,0x00}, /* 柒 */
    {0x04,0x01,0x04,0x01,0xFF,0x07,0x04,0x01,0xFC,0x01,0x04,0x01,0xFC,0x01,0x04,0x01,0xFF,0x07,0x00,0x00,0x04,0x01,0x02,0x02}, /* 其 */
    {0x22,0x01,0x22,0x01,0x7F,0x01,0xA2,0x07,0x3E,0x01,0x22,0x03,0xBE,0x03,0x22,0x05,0x7F,0x01,0x00,0x01,0x22,0x01,0x41,0x01}, /* 棋 */
    {0x40,0x00,0xFE,0x03,0x90,0x00,0x08,0x01,0xFF,0x07,0x04,0x00,0xE4,0x03,0x24,0x02,0x24,0x02,0xE4,0x03,0x04,0x02,0x1C,0x00}, /* 奇 */
    {0x84,0x00,0x84,0x00,0x9F,0x00,0xC4,0x02,0x84,0x02,0xBF,0x02,0x91,0x02,0x91,0x02,0x8A,0x02,0xC4,0x02,0x0A,0x07,0x31,0x00}, /* 歧 */
    {0x08,0x00,0x84,0x03,0xBF,0x02,0x92,0x02,0x8C,0x03,0x92,0x02,0xA1,0x02,0x92,0x03,0x92,0x02,0x92,0x02,0x92,0x02,0xA2,0x05}, /* 脐 */
    {0x20,0x00,0x10,0x00,0xFF,0x07,0x04,0x01,0x88,0x00,0x70,0x00,0x8C,0x01,0x8B,0x06,0x88,0x00,0x88,0x00,0x08,0x01,0x08,0x02}, /* 齐 */
    {0x20,0x02,0x3F,0x01,0xD2,0x07,0x3F,0x02,0x12,0x02,0x9E,0x03,0x92,0x02,0x9E,0x02,0x92,0x02,0xBF,0x02,0x92,0x02,0xA1,0x05}, /* 旗 */
    {0x03,0x02,0x1C,0x01,0x90,0x07,0x90,0x00,0x1F,0x01,0x92,0x01,0x52,0x03,0x12,0x05,0x12,0x01,0x12,0x01,0x22,0x01,0x42,0x01}, /* 祈 */
    {0x00,0x02,0x1F,0x01,0x91,0x07,0x92,0x00,0x14,0x01,0x12,0x01,0x91,0x03,0x51,0x05,0x11,0x01,0x16,0x01,0x10,0x01,0x10,0x01}, /* 祁 */
    {0x08,0x00,0x3E,0x07,0x14,0x01,0x22,0x05,0x7F,0x05,0x02,0x05,0xBA,0x07,0xAA,0x00,0xAA,0x01,0xBA,0x06,0xA2,0x00,0x06,0x03}, /* 骑 */
    {0x80,0x00,0x9E,0x00,0xC2,0x03,0x82,0x00,0x9E,0x00,0xD0,0x07,0x90,0x00,0x91,0x02,0xD1,0x02,0x8F,0x02,0x80,0x03,0xFF,0x04}, /* 起 */
    {0x20,0x00,0x22,0x02,0x22,0x02,0xFE,0x03,0x00,0x00,0xFE,0x03,0x02,0x00,0x02,0x00,0xFE,0x03,0x00,0x02,0x01,0x02,0xFF,0x01}, /* 岂 */
    {0x00,0x01,0x00,0x01,0xFE,0x01,0x00,0x02,0x00,0x02,0xFC,0x05,0x18,0x00,0x60,0x00,0x80,0x00,0x02,0x01,0x02,0x01,0xFE,0x00}, /* 乞 */
    {0x20,0x00,0x50,0x00,0x88,0x00,0x04,0x01,0x23,0x06,0x20,0x00,0x20,0x01,0x3E,0x01,0x20,0x01,0x20,0x01,0x20,0x01,0xFF,0x07}, /* 企 */
    {0x20,0x00,0x10,0x00,0xFF,0x01,0x01,0x01,0x01,0x01,0xFF,0x01,0x00,0x01,0xFF,0x01,0x81,0x01,0x81,0x02,0xFF,0x02,0x81,0x04}, /* 启 */
    {0x00,0x01,0xDF,0x07,0x09,0x01,0x89,0x03,0x09,0x01,0xD1,0x07,0x26,0x01,0x20,0x00,0xFF,0x07,0x50,0x00,0x8C,0x01,0x03,0x06}, /* 契 */
    {0x20,0x00,0xAF,0x07,0x25,0x01,0x35,0x01,0x65,0x02,0xA5,0x03,0xA5,0x06,0xB5,0x02,0xA9,0x02,0x89,0x03,0x91,0x02,0x26,0x00}, /* 砌 */
    {0xDE,0x03,0x52,0x02,0xDE,0x03,0x24,0x00,0x22,0x00,0xFF,0x07,0x50,0x00,0x8C,0x01,0x03,0x06,0xDE,0x03,0x52,0x02,0xDE,0x03}, /* 器 */
    {0x00,0x01,0xFF,0x01,0x00,0x02,0xFE,0x05,0x00,0x00,0xFC,0x03,0x04,0x00,0x04,0x00,0x04,0x00,0x05,0x00,0x03,0x00,0x01,0x00}, /* 气 */
    {0x20,0x02,0x20,0x01,0x7F,0x00,0x80,0x00,0x3E,0x07,0x04,0x01,0x08,0x01,0x11,0x01,0x21,0x01,0x3F,0x01,0x80,0x02,0x7F,0x04}, /* 迄 */
    {0x40,0x00,0x20,0x00,0xFF,0x07,0x80,0x00,0x04,0x01,0xFE,0x03,0x8A,0x00,0x88,0x00,0xFF,0x07,0x88,0x00,0x08,0x01,0x08,0x02}, /* 弃 */
    {0x40,0x00,0x7E,0x04,0x80,0x02,0x7C,0x01,0x00,0x00,0xFC,0x04,0x04,0x02,0x04,0x00,0x05,0x00,0x05,0x02,0x03,0x04,0x01,0x00}, /* 汽 */
    {0x10,0x00,0x08,0x04,0x00,0x02,0xFF,0x00,0x00,0x00,0x02,0x04,0x42,0x02,0x22,0x00,0x24,0x01,0x24,0x02,0x08,0x04,0xFF,0x01}, /* 泣 */
    {0x20,0x04,0x20,0x02,0x3F,0x00,0x40,0x00,0x80,0x06,0x7E,0x02,0x02,0x02,0x0C,0x02,0x30,0x02,0x41,0x02,0x41,0x03,0x3F,0x02}, /* 讫 */
    {0x20,0x02,0x3E,0x02,0x42,0x02,0x84,0x07,0x10,0x02,0x67,0x02,0x41,0x03,0x77,0x06,0x41,0x02,0x41,0x02,0x7F,0x02,0x41,0x06}, /* 掐 */
    {0x08,0x01,0x08,0x01,0x94,0x01,0x22,0x05,0x41,0x05,0x3E,0x05,0x00,0x05,0x3E,0x01,0x22,0x01,0x22,0x01,0x3E,0x01,0x22,0x01}, /* 恰 */
    {0x10,0x00,0x10,0x04,0x28,0x02,0x44,0x00,0x82,0x00,0x7D,0x05,0x00,0x02,0xFE,0x00,0x82,0x00,0x82,0x02,0xFE,0x04,0x82,0x00}, /* 洽 */
    {0x20,0x00,0xFE,0x03,0x50,0x00,0x88,0x00,0xFF,0x07,0x01,0x04,0x20,0x01,0xFE,0x01,0x20,0x02,0xFF,0x07,0x20,0x00,0x20,0x00}, /* 牵 */
    {0x06,0x01,0x38,0x01,0x08,0x01,0x88,0x07,0x08,0x01,0x7F,0x01,0x88,0x01,0x08,0x07,0x08,0x01,0x08,0x01,0x08,0x01,0x08,0x03}, /* 扦 */
    {0x06,0x02,0x38,0x02,0x88,0x03,0x08,0x04,0x88,0x07,0x7F,0x02,0x08,0x02,0x88,0x07,0x08,0x02,0x88,0x02,0x08,0x03,0x08,0x02}, /* 钎 */
    {0x3E,0x02,0x22,0x02,0xA2,0x03,0x22,0x04,0x41,0x07,0x00,0x02,0x3E,0x02,0xA2,0x07,0x22,0x02,0xA2,0x02,0x3E,0x03,0x22,0x02}, /* 铅 */
    {0x00,0x00,0x1E,0x00,0xE0,0x03,0x20,0x00,0x20,0x00,0x20,0x00,0xFF,0x07,0x20,0x00,0x20,0x00,0x20,0x00,0x20,0x00,0x20,0x00}, /* 千 */
    {0x06,0x02,0x38,0x01,0x08,0x00,0x08,0x00,0x08,0x07,0x7F,0x01,0x08,0x01,0x08,0x01,0x08,0x01,0x08,0x01,0x88,0x02,0x7F,0x04}, /* 迁 */
    {0x08,0x02,0xCF,0x03,0x14,0x05,0xA2,0x00,0x50,0x00,0x8C,0x01,0x03,0x06,0xFC,0x01,0x40,0x00,0x24,0x01,0x88,0x00,0xFF,0x07}, /* 签 */
    {0x86,0x00,0xB8,0x00,0x08,0x01,0x08,0x01,0x08,0x03,0x7F,0x05,0x08,0x01,0x08,0x01,0x08,0x01,0x08,0x01,0x08,0x01,0x08,0x01}, /* 仟 */
    {0x44,0x04,0x28,0x02,0xFF,0x00,0x28,0x00,0xFE,0x06,0x2A,0x02,0xFF,0x02,0x2A,0x02,0xFE,0x02,0x6C,0x03,0xAA,0x02,0x29,0x00}, /* 谦 */
    {0x08,0x01,0xC8,0x07,0x1F,0x01,0xE0,0x07,0x40,0x04,0xDE,0x07,0x42,0x04,0xC4,0x07,0x08,0x01,0xD1,0x07,0x11,0x01,0x0F,0x01}, /* 乾 */
    {0xE4,0x07,0xA4,0x04,0xEA,0x06,0xAA,0x04,0xF1,0x07,0xA4,0x00,0xE0,0x07,0x9F,0x00,0xE1,0x00,0x02,0x07,0xA2,0x02,0x54,0x05}, /* 黔 */
    {0x14,0x02,0x12,0x02,0x97,0x03,0x78,0x04,0x10,0x07,0x17,0x02,0xF8,0x02,0x92,0x07,0x0C,0x02,0x89,0x02,0x35,0x03,0xC3,0x02}, /* 钱 */
    {0x22,0x02,0x22,0x02,0x7F,0x03,0x22,0x04,0x22,0x07,0x22,0x02,0x3E,0x02,0xA2,0x07,0x22,0x02,0xA2,0x02,0x3E,0x03,0x22,0x02}, /* 钳 */
    {0x04,0x01,0x88,0x00,0xFF,0x07,0x00,0x00,0xE2,0x03,0x2A,0x02,0xEA,0x03,0x2A,0x02,0xEA,0x03,0x2A,0x02,0x22,0x02,0x66,0x02}, /* 前 */
    {0x44,0x00,0xEE,0x04,0x44,0x02,0xEF,0x01,0x44,0x00,0xAA,0x04,0x11,0x03,0xFE,0x00,0x82,0x00,0xFE,0x02,0x82,0x04,0xFE,0x00}, /* 潜 */
    {0x10,0x04,0xFE,0x02,0x92,0x00,0xFE,0x00,0x10,0x06,0xFF,0x03,0x44,0x02,0x7C,0x02,0x40,0x02,0x7E,0x02,0x42,0x02,0xFF,0x05}, /* 遣 */
    {0x14,0x00,0x12,0x02,0x17,0x01,0x78,0x00,0x10,0x04,0x17,0x02,0xF8,0x00,0x12,0x00,0x0C,0x01,0x09,0x02,0x35,0x04,0xC3,0x00}, /* 浅 */
    {0x08,0x04,0xBE,0x02,0x6A,0x00,0x3E,0x00,0x08,0x06,0x3F,0x02,0xD2,0x02,0x5E,0x02,0x50,0x02,0x5E,0x03,0x52,0x02,0xBF,0x00}, /* 谴 */
    {0x82,0x00,0xDC,0x07,0x10,0x01,0x9F,0x02,0xD4,0x03,0x94,0x00,0xD4,0x07,0xA4,0x00,0x20,0x00,0xFE,0x03,0x20,0x00,0xFF,0x07}, /* 堑 */
    {0x20,0x00,0x22,0x02,0xFE,0x03,0x08,0x00,0x48,0x02,0xEF,0x07,0x51,0x02,0x44,0x02,0xC4,0x03,0x4A,0x02,0x4A,0x02,0xD1,0x03}, /* 嵌 */
    {0x00,0x01,0x00,0x01,0xFE,0x01,0x02,0x02,0x22,0x02,0x24,0x04,0x20,0x00,0x50,0x00,0x50,0x00,0x88,0x00,0x04,0x01,0x03,0x06}, /* 欠 */
    {0x24,0x02,0x44,0x01,0xF7,0x07,0x45,0x01,0xF9,0x03,0x50,0x01,0xFA,0x07,0x52,0x01,0xF2,0x07,0x65,0x03,0x55,0x05,0x49,0x01}, /* 歉 */
    {0x08,0x01,0x08,0x01,0x14,0x01,0xA2,0x07,0x41,0x01,0x3E,0x03,0xA2,0x03,0x22,0x05,0x26,0x01,0x20,0x01,0x21,0x01,0x1F,0x01}, /* 枪 */
    {0x08,0x00,0x08,0x00,0x94,0x07,0xA2,0x04,0xC1,0x04,0xBE,0x04,0xA2,0x04,0xA2,0x04,0xA6,0x07,0xA0,0x04,0x21,0x00,0x1F,0x00}, /* 呛 */
    {0x10,0x00,0x88,0x03,0xFF,0x02,0xC1,0x02,0x94,0x03,0xA2,0x02,0xC1,0x02,0xBE,0x03,0x88,0x02,0x88,0x02,0x88,0x02,0xFF,0x05}, /* 腔 */
    {0x04,0x01,0x88,0x00,0xFE,0x03,0x20,0x00,0xFC,0x01,0x40,0x00,0xFF,0x07,0x50,0x00,0x90,0x00,0x90,0x00,0x11,0x01,0x0F,0x02}, /* 羌 */
    {0x08,0x02,0x7F,0x02,0x2A,0x02,0x7F,0x02,0x00,0x07,0x7F,0x02,0x41,0x02,0x5D,0x02,0x55,0x02,0x5D,0x03,0x41,0x06,0x7F,0x00}, /* 墙 */
    {0x88,0x00,0xFF,0x07,0x88,0x00,0x20,0x00,0xFE,0x03,0x24,0x01,0xA8,0x00,0xFF,0x07,0x02,0x02,0xFA,0x02,0x8A,0x02,0xFE,0x03}, /* 蔷 */
    {0x3E,0x00,0x22,0x07,0x22,0x01,0x3E,0x01,0x08,0x07,0x7F,0x04,0x49,0x04,0x49,0x07,0x7F,0x01,0x08,0x01,0x0A,0x01,0x7F,0x06}, /* 强 */
    {0x08,0x01,0x08,0x01,0x14,0x01,0xA2,0x07,0x41,0x01,0x3E,0x01,0xA2,0x01,0x22,0x07,0x26,0x01,0x20,0x01,0x21,0x01,0x1F,0x03}, /* 抢 */
    {0x82,0x00,0xF2,0x07,0x03,0x00,0xE2,0x03,0x22,0x02,0xEF,0x03,0x05,0x00,0xF5,0x07,0x15,0x04,0xD2,0x05,0x55,0x05,0xD9,0x05}, /* 敲 */
    {0x08,0x01,0x49,0x01,0x2A,0x01,0x88,0x05,0x7F,0x05,0x41,0x05,0x7F,0x05,0x41,0x01,0x7F,0x01,0x41,0x01,0x41,0x01,0x43,0x01}, /* 悄 */
    {0x06,0x01,0x38,0x01,0x88,0x07,0x7F,0x01,0x14,0x01,0xA2,0x03,0x41,0x03,0x22,0x05,0x22,0x01,0x22,0x01,0x22,0x01,0x42,0x01}, /* 桥 */
    {0x28,0x00,0x24,0x07,0x7F,0x05,0x48,0x05,0xFE,0x07,0x48,0x05,0x7E,0x05,0x48,0x07,0x7F,0x05,0x40,0x05,0xAA,0x07,0x95,0x04}, /* 瞧 */
    {0x1C,0x00,0xE0,0x03,0x20,0x00,0xFF,0x07,0x50,0x00,0x88,0x00,0x04,0x01,0x8B,0x06,0x88,0x00,0x88,0x00,0x08,0x01,0x08,0x02}, /* 乔 */
    {0x86,0x00,0xB8,0x00,0x08,0x01,0x7F,0x01,0x14,0x03,0x22,0x05,0x41,0x01,0x22,0x01,0x22,0x01,0x22,0x01,0x22,0x01,0x42,0x01}, /* 侨 */
    {0x00,0x00,0x3F,0x00,0x88,0x07,0x10,0x01,0x10,0x01,0x20,0x01,0x3F,0x01,0x01,0x01,0xC1,0x01,0x01,0x06,0x01,0x00,0x06,0x00}, /* 巧 */
    {0x00,0x02,0xBB,0x03,0x09,0x06,0xAD,0x02,0x5B,0x01,0xC9,0x06,0x1B,0x00,0xED,0x07,0x89,0x02,0x9B,0x02,0x80,0x02,0x7F,0x04}, /* 翘 */
    {0x04,0x01,0x15,0x01,0x0E,0x01,0x44,0x05,0x5F,0x05,0x51,0x05,0x5F,0x05,0x51,0x05,0x5F,0x05,0xD1,0x05,0x51,0x06,0x13,0x00}, /* 峭 */
    {0x08,0x01,0x49,0x01,0x2A,0x02,0x08,0x02,0x7F,0x06,0x41,0x02,0x7F,0x02,0x41,0x02,0x7F,0x02,0x41,0x02,0x41,0x02,0x43,0x02}, /* 俏 */
    {0x20,0x00,0xFF,0x07,0x89,0x04,0x04,0x01,0x00,0x00,0xBF,0x07,0x08,0x01,0x10,0x01,0x1F,0x01,0xC1,0x01,0x01,0x06,0x06,0x00}, /* 窍 */
    {0x00,0x01,0x3F,0x01,0x09,0x01,0xC9,0x01,0x09,0x07,0x09,0x01,0x09,0x01,0x09,0x01,0x51,0x01,0x91,0x01,0x21,0x01,0x46,0x00}, /* 切 */
    {0x88,0x00,0xFF,0x07,0x88,0x00,0x00,0x00,0x00,0x01,0xEF,0x07,0x29,0x01,0x29,0x01,0x29,0x01,0x29,0x02,0x2F,0x02,0xC9,0x04}, /* 茄 */
    {0x00,0x00,0xFC,0x01,0x04,0x01,0x04,0x01,0xFC,0x01,0x04,0x01,0x04,0x01,0xFC,0x01,0x04,0x01,0x04,0x01,0x04,0x01,0xFF,0x07}, /* 且 */
    {0x08,0x01,0x08,0x01,0x08,0x01,0xBE,0x05,0x48,0x05,0x08,0x05,0x7F,0x05,0x08,0x01,0x10,0x01,0x22,0x01,0x7F,0x01,0x01,0x01}, /* 怯 */
    {0x20,0x00,0xFF,0x07,0x05,0x05,0x02,0x02,0x3F,0x01,0x09,0x01,0xC9,0x01,0x09,0x07,0x09,0x01,0x51,0x01,0x91,0x01,0x26,0x01}, /* 窃 */
    {0x10,0x02,0x10,0x02,0x9F,0x03,0x21,0x04,0xA2,0x07,0x48,0x02,0x08,0x02,0x88,0x07,0x14,0x02,0x94,0x02,0x22,0x03,0x41,0x02}, /* 钦 */
    {0x7E,0x01,0x02,0x01,0x3E,0x02,0x02,0x02,0x7E,0x06,0x00,0x02,0xFF,0x02,0x81,0x02,0x7E,0x02,0x22,0x02,0x1C,0x02,0xE3,0x02}, /* 侵 */
    {0x20,0x00,0xFE,0x03,0x04,0x01,0x88,0x00,0xFF,0x07,0x20,0x00,0x20,0x00,0xFE,0x03,0x20,0x00,0x24,0x01,0x22,0x02,0x61,0x04}, /* 亲 */
    {0x20,0x00,0xFE,0x03,0x40,0x00,0xFC,0x01,0x80,0x00,0xFF,0x07,0x04,0x01,0xFA,0x02,0x21,0x04,0xFE,0x03,0xA8,0x00,0x24,0x01}, /* 秦 */
    {0xDF,0x07,0x04,0x01,0x8E,0x03,0x04,0x01,0xDF,0x07,0x20,0x00,0x50,0x00,0xAC,0x01,0x13,0x06,0xFC,0x01,0x08,0x00,0x10,0x00}, /* 琴 */
    {0x88,0x02,0xC8,0x07,0x88,0x02,0x9F,0x03,0x09,0x01,0xC9,0x07,0x49,0x05,0xC9,0x07,0x09,0x01,0xD1,0x07,0x11,0x01,0xE6,0x07}, /* 勤 */
    {0x88,0x00,0xFF,0x07,0x88,0x00,0x0E,0x00,0xF0,0x01,0x00,0x01,0x00,0x01,0xFF,0x01,0x08,0x01,0x08,0x01,0x08,0x02,0x08,0x04}, /* 芹 */
    {0x1C,0x01,0x6B,0x01,0x3E,0x01,0x94,0x07,0x49,0x01,0x55,0x01,0xFF,0x01,0x08,0x07,0x7F,0x01,0x55,0x01,0x5D,0x01,0x45,0x03}, /* 擒 */
    {0x20,0x00,0xD8,0x00,0x27,0x07,0xFC,0x01,0x88,0x00,0x72,0x02,0x8A,0x02,0xFE,0x03,0x20,0x00,0xFF,0x07,0x91,0x04,0xFB,0x05}, /* 禽 */
    {0x20,0x00,0xFF,0x07,0x01,0x04,0x7E,0x01,0x02,0x05,0x7E,0x03,0x02,0x01,0xFF,0x01,0xBD,0x03,0x24,0x05,0x18,0x01,0xE7,0x01}, /* 寝 */
    {0x08,0x00,0x04,0x02,0x04,0x01,0x00,0x00,0x12,0x04,0x51,0x02,0x51,0x00,0x51,0x00,0x50,0x01,0x92,0x02,0x12,0x04,0x0E,0x00}, /* 沁 */
    {0x20,0x00,0xFF,0x07,0x20,0x00,0xFE,0x03,0x20,0x00,0xFF,0x07,0x04,0x01,0xFC,0x01,0x04,0x01,0xFC,0x01,0x04,0x01,0x0C,0x01}, /* 青 */
    {0x00,0x01,0x3E,0x01,0x84,0x07,0x08,0x02,0x14,0x05,0xA2,0x07,0x41,0x01,0xBE,0x01,0x08,0x07,0x08,0x01,0x08,0x01,0x7F,0x01}, /* 轻 */
    {0xFE,0x01,0x00,0x02,0xFC,0x05,0x00,0x00,0xFC,0x03,0x04,0x00,0xE4,0x03,0xC4,0x00,0x34,0x07,0xE5,0x03,0x83,0x00,0xF1,0x07}, /* 氢 */
    {0x00,0x01,0x3F,0x01,0x84,0x02,0x88,0x02,0x9F,0x06,0xD1,0x02,0x95,0x02,0x95,0x02,0x95,0x02,0xC4,0x02,0x8A,0x02,0x11,0x02}, /* 倾 */
    {0x00,0x01,0x77,0x06,0x55,0x04,0x55,0x05,0x75,0x05,0x55,0x05,0x55,0x05,0x75,0x07,0x45,0x05,0x57,0x01,0x6C,0x02,0x44,0x04}, /* 卿 */
    {0x10,0x00,0xFF,0x05,0x10,0x02,0xFE,0x00,0x10,0x00,0xFF,0x05,0x82,0x02,0xFE,0x00,0x82,0x00,0xFE,0x02,0x82,0x04,0x86,0x00}, /* 清 */
    {0x48,0x02,0xEF,0x07,0x52,0x02,0xEA,0x03,0xA4,0x06,0xAA,0x03,0x51,0x00,0xFC,0x03,0x20,0x00,0xFF,0x07,0x20,0x00,0xE0,0x00}, /* 擎 */
    {0x08,0x00,0x7F,0x07,0x08,0x05,0x3E,0x05,0x08,0x05,0x7F,0x07,0x22,0x05,0x3E,0x05,0x22,0x05,0x3E,0x07,0x22,0x05,0x26,0x00}, /* 晴 */
    {0x00,0x01,0xFF,0x01,0x00,0x02,0xFC,0x05,0x84,0x00,0xF4,0x03,0x84,0x00,0xFC,0x07,0x14,0x02,0xF5,0x03,0x13,0x02,0x31,0x02}, /* 氰 */
    {0x08,0x01,0x7F,0x01,0x88,0x01,0x3E,0x05,0x08,0x05,0x7F,0x05,0x22,0x05,0x3E,0x01,0x22,0x01,0x3E,0x01,0x22,0x01,0x26,0x01}, /* 情 */
    {0x7F,0x04,0x08,0x04,0x10,0x04,0x7F,0x04,0x41,0x07,0x49,0x04,0x49,0x04,0x49,0x04,0x49,0x05,0x14,0x06,0x22,0x04,0xC1,0x00}, /* 顷 */
    {0x10,0x04,0xFF,0x02,0x10,0x00,0x7E,0x00,0x10,0x06,0xFF,0x02,0x42,0x02,0x7E,0x02,0x42,0x02,0x7E,0x02,0x42,0x03,0x46,0x02}, /* 请 */
    {0x20,0x00,0x10,0x00,0xFF,0x03,0x00,0x02,0x10,0x02,0x10,0x02,0xFF,0x02,0x10,0x02,0x28,0x02,0x28,0x02,0x44,0x02,0x83,0x04}, /* 庆 */
    {0x10,0x00,0x88,0x07,0x7F,0x01,0x00,0x01,0x3E,0x01,0xA2,0x07,0x22,0x01,0x3E,0x01,0x08,0x01,0xAA,0x01,0x49,0x06,0x18,0x00}, /* 琼 */
    {0x40,0x00,0x20,0x00,0xFF,0x07,0x89,0x04,0x04,0x01,0x42,0x02,0x40,0x00,0xFE,0x03,0x82,0x00,0x82,0x00,0x02,0x01,0x0C,0x02}, /* 穷 */
    {0x88,0x00,0x08,0x07,0x29,0x01,0x29,0x01,0xAA,0x07,0x48,0x01,0x08,0x03,0x94,0x03,0x14,0x05,0x22,0x01,0x22,0x01,0x41,0x01}, /* 秋 */
    {0x0C,0x00,0xF0,0x01,0x00,0x01,0x00,0x01,0x00,0x01,0xFE,0x01,0x08,0x01,0x08,0x01,0x08,0x01,0x08,0x01,0x08,0x01,0xFF,0x07}, /* 丘 */
    {0x40,0x00,0x8F,0x03,0x09,0x02,0x09,0x02,0xEA,0x03,0x4A,0x02,0x49,0x02,0x49,0x02,0x49,0x02,0xEE,0x02,0x08,0x07,0x08,0x00}, /* 邱 */
    {0x0A,0x00,0x89,0x07,0x08,0x01,0x7F,0x01,0x08,0x01,0xAC,0x07,0x1D,0x01,0x1A,0x01,0x2A,0x01,0xC9,0x01,0x08,0x06,0x18,0x00}, /* 球 */
    {0x24,0x00,0x22,0x00,0xFF,0x07,0x20,0x00,0x32,0x02,0x34,0x01,0x68,0x00,0xA8,0x00,0x24,0x01,0x22,0x06,0x21,0x00,0x60,0x00}, /* 求 */
    {0xFF,0x03,0x01,0x02,0x21,0x02,0x21,0x02,0x21,0x02,0x51,0x02,0x49,0x02,0x85,0x02,0x05,0x03,0x01,0x02,0x01,0x02,0xFF,0x03}, /* 囚 */
    {0x04,0x01,0x88,0x00,0xFF,0x07,0x50,0x00,0xFE,0x03,0x52,0x02,0x9E,0x02,0x02,0x03,0xFE,0x03,0x02,0x02,0xFE,0x03,0x02,0x02}, /* 酋 */
    {0x00,0x00,0xFF,0x04,0x81,0x02,0x91,0x00,0x91,0x00,0x91,0x04,0x91,0x02,0xA9,0x00,0xC5,0x00,0x81,0x02,0xFF,0x04,0x81,0x00}, /* 泅 */
    {0x88,0x00,0x88,0x00,0xDF,0x03,0x91,0x00,0xA2,0x00,0xDF,0x07,0x81,0x00,0x9F,0x02,0xC1,0x02,0x9F,0x02,0x80,0x03,0xFF,0x04}, /* 趋 */
    {0x00,0x00,0xFF,0x03,0x00,0x02,0x82,0x02,0x44,0x02,0x28,0x02,0x10,0x02,0x28,0x02,0x44,0x02,0x82,0x02,0x00,0x02,0xFF,0x03}, /* 区 */
    {0x00,0x01,0x1E,0x01,0x12,0x01,0xD2,0x07,0x5E,0x05,0x52,0x05,0xD2,0x07,0x1E,0x01,0x52,0x01,0xD2,0x01,0x52,0x06,0x3F,0x00}, /* 蛆 */
    {0x48,0x00,0x48,0x00,0xFF,0x03,0x49,0x02,0x49,0x02,0x49,0x02,0xFF,0x03,0x49,0x02,0x49,0x02,0x49,0x02,0xFF,0x03,0x01,0x02}, /* 曲 */
    {0x00,0x01,0xBF,0x03,0xA0,0x02,0xB2,0x03,0xAA,0x02,0xAA,0x03,0xA4,0x02,0xA4,0x07,0xAA,0x01,0xB2,0x02,0xA0,0x04,0xBF,0x01}, /* 躯 */
    {0xFF,0x01,0x01,0x01,0xFF,0x01,0x08,0x01,0x49,0x01,0x49,0x01,0x7F,0x01,0x08,0x01,0x49,0x01,0x49,0x02,0x7F,0x02,0x01,0x04}, /* 屈 */
    {0x00,0x00,0x3F,0x07,0x20,0x01,0x32,0x05,0x2A,0x05,0x2A,0x05,0xA4,0x07,0xA4,0x00,0xAA,0x01,0xB2,0x06,0xA0,0x00,0x3F,0x03}, /* 驱 */
    {0x7F,0x02,0x40,0x01,0x7E,0x04,0x42,0x02,0x7E,0x00,0x40,0x01,0x7F,0x02,0x20,0x00,0xFF,0x07,0xA8,0x00,0x24,0x01,0x23,0x06}, /* 渠 */
    {0x00,0x00,0xE0,0x07,0x5E,0x02,0x4A,0x02,0xCA,0x03,0x4A,0x02,0xCA,0x03,0x4A,0x02,0x64,0x02,0xC4,0x07,0x4A,0x00,0x51,0x00}, /* 取 */
    {0xE0,0x07,0x5F,0x02,0xC9,0x03,0x49,0x02,0xCA,0x03,0x64,0x02,0xCA,0x07,0x51,0x00,0xFF,0x07,0x88,0x01,0x70,0x00,0x8E,0x07}, /* 娶 */
    {0x03,0x01,0xDC,0x05,0x04,0x05,0x1F,0x05,0xD5,0x07,0x1F,0x00,0x44,0x05,0x5F,0x05,0xD5,0x06,0x5F,0x04,0xD1,0x07,0x53,0x00}, /* 龋 */
    {0xF8,0x01,0x57,0x01,0xD1,0x07,0x75,0x01,0x55,0x01,0xF5,0x07,0x52,0x01,0x5A,0x05,0xF5,0x05,0x19,0x05,0x10,0x07,0xFF,0x05}, /* 趣 */
    {0x20,0x00,0x20,0x00,0x20,0x00,0xFE,0x03,0x20,0x00,0x20,0x00,0xFF,0x07,0x40,0x00,0x88,0x00,0x04,0x01,0xFE,0x03,0x02,0x00}, /* 去 */
    {0xFF,0x07,0xA9,0x04,0xFD,0x05,0x41,0x04,0xFF,0x07,0x89,0x04,0xFD,0x05,0x8B,0x06,0xB5,0x04,0x7D,0x04,0x01,0x04,0xFF,0x07}, /* 圈 */
    {0x27,0x02,0xF2,0x07,0x24,0x02,0x77,0x07,0x55,0x05,0x75,0x07,0x85,0x02,0xF5,0x07,0x40,0x02,0xF2,0x03,0x42,0x02,0xF5,0x03}, /* 颧 */
    {0x00,0x01,0x7E,0x01,0x22,0x01,0xA2,0x07,0x22,0x01,0x22,0x03,0x94,0x03,0x14,0x05,0x08,0x01,0x14,0x01,0x22,0x01,0x41,0x01}, /* 权 */
    {0x0A,0x00,0xDF,0x07,0x0A,0x01,0xC4,0x07,0x4A,0x05,0x51,0x05,0xCE,0x06,0x44,0x04,0xCE,0x07,0x44,0x04,0xC4,0x07,0x5F,0x04}, /* 醛 */
    {0x40,0x00,0xFE,0x03,0x02,0x02,0xFE,0x03,0x02,0x02,0xFE,0x03,0x22,0x00,0xB4,0x07,0xA8,0x00,0x24,0x01,0x23,0x06,0x60,0x00}, /* 泉 */
    {0x20,0x00,0x50,0x00,0x88,0x00,0x04,0x01,0x03,0x06,0xFC,0x01,0x20,0x00,0x20,0x00,0xFE,0x03,0x20,0x00,0x20,0x00,0xFF,0x07}, /* 全 */
    {0x10,0x00,0xFF,0x01,0x08,0x01,0x14,0x05,0x22,0x03,0x41,0x01,0x3E,0x01,0x08,0x03,0x3E,0x05,0x08,0x01,0x08,0x02,0x7F,0x04}, /* 痊 */
    {0x24,0x01,0xFE,0x03,0x40,0x00,0xFF,0x07,0x0C,0x01,0xF2,0x02,0x21,0x04,0xFC,0x01,0x20,0x00,0xFE,0x03,0x20,0x00,0x60,0x00}, /* 拳 */
    {0x20,0x00,0x24,0x00,0x22,0x00,0x20,0x00,0xFF,0x07,0x20,0x00,0x50,0x00,0x50,0x00,0x88,0x00,0x88,0x00,0x04,0x01,0x03,0x06}, /* 犬 */
    {0x24,0x01,0xA8,0x00,0xFE,0x03,0x40,0x00,0xFF,0x07,0x04,0x01,0x02,0x02,0xFD,0x05,0x44,0x00,0x84,0x00,0x04,0x01,0x18,0x02}, /* 券 */
    {0x08,0x00,0x08,0x00,0xC8,0x07,0x5F,0x00,0x49,0x04,0x89,0x02,0x89,0x02,0x09,0x01,0x09,0x01,0x91,0x02,0x91,0x02,0x26,0x04}, /* 劝 */
    {0x08,0x02,0xC8,0x03,0x3E,0x05,0x0A,0x01,0x0A,0x01,0xCA,0x07,0x3F,0x01,0x48,0x05,0x54,0x05,0xD4,0x05,0x62,0x06,0x41,0x00}, /* 缺 */
    {0x08,0x01,0x08,0x01,0x7E,0x01,0x8A,0x05,0x0A,0x05,0x0A,0x05,0x7F,0x05,0x08,0x01,0x14,0x01,0x94,0x02,0xA2,0x02,0x41,0x04}, /* 炔 */
    {0x10,0x00,0xFF,0x03,0x40,0x02,0xF7,0x06,0x55,0x02,0xB7,0x02,0x10,0x02,0xFF,0x06,0x91,0x02,0xA9,0x02,0x91,0x02,0xAB,0x04}, /* 瘸 */
    {0x80,0x00,0x8F,0x00,0xE9,0x03,0x89,0x00,0x89,0x00,0xF9,0x07,0x89,0x00,0x09,0x01,0x49,0x02,0xEB,0x07,0x28,0x00,0x08,0x00}, /* 却 */
    {0x44,0x01,0x4F,0x01,0xE9,0x03,0x4D,0x01,0xF9,0x07,0x0B,0x00,0xE8,0x03,0x2F,0x02,0xE1,0x03,0x2F,0x02,0xE1,0x03,0x26,0x02}, /* 鹊 */
    {0x08,0x01,0x7F,0x01,0x49,0x01,0x94,0x07,0x22,0x01,0x7F,0x03,0xA4,0x03,0x3F,0x05,0x24,0x01,0x3F,0x01,0x24,0x01,0x3F,0x01}, /* 榷 */
    {0x10,0x00,0x9E,0x07,0x22,0x01,0x04,0x01,0x3F,0x02,0xA9,0x03,0xBF,0x06,0xA9,0x02,0xBF,0x02,0xA9,0x03,0xA9,0x02,0x43,0x00}, /* 确 */
    {0x20,0x00,0x24,0x01,0x2A,0x02,0x31,0x04,0xC8,0x00,0xFF,0x07,0x10,0x01,0xFE,0x01,0x10,0x01,0xFE,0x01,0x10,0x01,0xFF,0x01}, /* 雀 */
    {0x00,0x04,0x7E,0x02,0x12,0x07,0x7F,0x01,0x12,0x02,0x7E,0x03,0x20,0x06,0x7E,0x03,0xA2,0x02,0x22,0x02,0x3E,0x02,0x22,0x02}, /* 裙 */
    {0x11,0x00,0xCA,0x03,0x5F,0x01,0xE4,0x07,0x44,0x01,0xDF,0x03,0x04,0x01,0xC4,0x03,0x5F,0x03,0x44,0x05,0xC4,0x01,0x44,0x01}, /* 群 */
    {0x0A,0x01,0xC9,0x01,0x48,0x02,0x7F,0x03,0x88,0x04,0x94,0x02,0x14,0x01,0x22,0x02,0x41,0x04,0x00,0x00,0x92,0x02,0x49,0x04}, /* 然 */
    {0x24,0x01,0x25,0x01,0xB4,0x01,0x5F,0x05,0x74,0x05,0x94,0x05,0x6A,0x05,0x2A,0x01,0x51,0x01,0x80,0x02,0xD5,0x02,0x55,0x04}, /* 燃 */
    {0x20,0x00,0x20,0x00,0xFE,0x03,0x22,0x02,0x22,0x02,0xFE,0x03,0x22,0x02,0x22,0x02,0xFF,0x07,0x02,0x02,0x02,0x02,0x0E,0x02}, /* 冉 */
    {0x20,0x02,0x7C,0x01,0x24,0x04,0x24,0x00,0x45,0x02,0x83,0x04,0x20,0x00,0xFF,0x07,0xA8,0x00,0x24,0x01,0x23,0x06,0x20,0x00}, /* 染 */
    {0x08,0x02,0x7F,0x02,0x00,0x02,0x77,0x02,0x55,0x07,0x77,0x02,0x14,0x02,0x7F,0x02,0x14,0x02,0x7F,0x03,0x32,0x06,0x59,0x00}, /* 壤 */
    {0x08,0x00,0x7F,0x07,0x00,0x05,0x77,0x05,0x55,0x05,0x77,0x05,0x14,0x05,0x7F,0x05,0x14,0x07,0x7F,0x05,0x32,0x00,0x59,0x00}, /* 嚷 */
    {0x08,0x02,0x08,0x01,0x08,0x00,0x08,0x00,0x0E,0x07,0x08,0x01,0x08,0x01,0x08,0x01,0x48,0x01,0x88,0x01,0x08,0x01,0x7F,0x00}, /* 让 */
    {0x10,0x02,0x1E,0x02,0xB0,0x03,0x95,0x04,0x09,0x01,0x37,0x02,0x00,0x02,0x7F,0x02,0x14,0x02,0x94,0x02,0x25,0x03,0x43,0x02}, /* 饶 */
    {0x12,0x01,0x11,0x01,0x10,0x01,0xBF,0x07,0x14,0x01,0x14,0x01,0x94,0x01,0x14,0x07,0x14,0x01,0x25,0x01,0x25,0x01,0x43,0x03}, /* 扰 */
    {0x10,0x01,0x1E,0x01,0x70,0x02,0x95,0x04,0x09,0x07,0x37,0x01,0x00,0x02,0x7F,0x07,0x14,0x00,0x14,0x01,0x25,0x06,0x43,0x00}, /* 绕 */
    {0x88,0x00,0xFF,0x07,0xA8,0x00,0xFF,0x07,0x40,0x00,0xFE,0x01,0x82,0x06,0xFE,0x00,0x20,0x00,0x92,0x02,0x85,0x02,0x7D,0x04}, /* 惹 */
    {0x10,0x01,0x10,0x01,0xBC,0x07,0x14,0x01,0xB4,0x01,0x15,0x07,0x2D,0x01,0x23,0x01,0x41,0x03,0x00,0x00,0x92,0x02,0x49,0x04}, /* 热 */
    {0x80,0x00,0x80,0x00,0x00,0x01,0x7E,0x01,0x00,0x03,0x00,0x05,0x00,0x01,0x00,0x01,0x00,0x01,0x00,0x01,0xFF,0x01,0x00,0x01}, /* 仁 */
    {0x20,0x00,0x20,0x00,0x20,0x00,0x20,0x00,0x20,0x00,0x50,0x00,0x50,0x00,0x88,0x00,0x88,0x00,0x04,0x01,0x02,0x02,0x01,0x04}, /* 人 */
    {0xFE,0x03,0x22,0x00,0x22,0x01,0x22,0x01,0x42,0x02,0x9C,0x00,0x00,0x03,0x20,0x00,0x92,0x02,0x91,0x02,0x85,0x04,0x7C,0x00}, /* 忍 */
    {0x00,0x01,0x1F,0x01,0xC5,0x07,0x05,0x01,0xD5,0x07,0x15,0x01,0xD5,0x07,0x65,0x01,0x45,0x01,0xC5,0x01,0x09,0x01,0x13,0x01}, /* 韧 */
    {0x80,0x00,0x86,0x00,0x38,0x01,0x08,0x01,0x08,0x03,0x08,0x05,0x7F,0x01,0x08,0x01,0x08,0x01,0x08,0x01,0x08,0x01,0x3E,0x01}, /* 任 */
    {0x08,0x02,0x08,0x01,0x08,0x00,0x08,0x00,0x08,0x07,0x08,0x01,0x14,0x01,0x14,0x01,0x54,0x01,0xA2,0x01,0x22,0x01,0x41,0x00}, /* 认 */
    {0x00,0x00,0xFF,0x03,0x21,0x00,0x21,0x00,0x21,0x01,0x21,0x01,0x21,0x01,0x41,0x02,0x41,0x00,0x81,0x00,0x01,0x01,0x0E,0x06}, /* 刃 */
    {0x00,0x01,0x06,0x01,0x38,0x01,0x88,0x07,0x88,0x02,0x88,0x02,0xFF,0x02,0x88,0x04,0x88,0x02,0x08,0x01,0x88,0x02,0xBE,0x04}, /* 妊 */
    {0x00,0x01,0x3F,0x01,0x09,0x02,0x89,0x04,0x29,0x07,0x29,0x01,0x29,0x02,0x49,0x07,0x11,0x00,0x91,0x01,0x21,0x06,0x46,0x00}, /* 纫 */
    {0x00,0x01,0x7E,0x01,0x22,0x01,0xA2,0x07,0x24,0x01,0x24,0x01,0xA7,0x01,0x21,0x07,0x21,0x01,0x41,0x01,0x41,0x01,0x86,0x03}, /* 扔 */
    {0x00,0x01,0x7E,0x01,0x22,0x02,0x22,0x02,0x24,0x06,0x24,0x02,0x27,0x02,0x21,0x02,0x21,0x02,0x41,0x02,0x41,0x02,0x86,0x02}, /* 仍 */
    {0x00,0x00,0xFE,0x03,0x02,0x02,0x02,0x02,0x02,0x02,0xFE,0x03,0x02,0x02,0x02,0x02,0x02,0x02,0x02,0x02,0xFE,0x03,0x02,0x02}, /* 日 */
    {0x14,0x00,0x12,0x00,0xFF,0x07,0x10,0x00,0x12,0x01,0x12,0x01,0xD4,0x07,0x14,0x01,0x09,0x01,0x15,0x02,0x23,0x02,0x41,0x04}, /* 戎 */
    {0x88,0x00,0xFF,0x07,0x88,0x00,0x00,0x00,0xFE,0x03,0x04,0x01,0xFC,0x01,0x04,0x01,0xFC,0x01,0x07,0x01,0xFC,0x07,0x04,0x00}, /* 茸 */
    {0x88,0x00,0xFF,0x07,0xA8,0x00,0xFF,0x07,0x89,0x04,0x24,0x01,0x50,0x00,0x8C,0x01,0x03,0x06,0xFC,0x01,0x04,0x01,0xFC,0x01}, /* 蓉 */
    {0x88,0x00,0xFF,0x07,0x88,0x00,0x00,0x00,0xFF,0x07,0x21,0x04,0x20,0x00,0xFF,0x07,0xA8,0x00,0x24,0x01,0x23,0x06,0x20,0x00}, /* 荣 */
    {0xC4,0x07,0x04,0x00,0x84,0x03,0x9F,0x02,0x95,0x03,0x15,0x00,0xD5,0x07,0xDF,0x06,0x44,0x05,0xC5,0x07,0x47,0x05,0xDD,0x04}, /* 融 */
    {0x08,0x01,0x7F,0x01,0x41,0x01,0xA2,0x05,0x49,0x05,0x14,0x05,0x22,0x05,0x41,0x01,0x3E,0x01,0xA2,0x02,0xBE,0x02,0x22,0x04}, /* 熔 */
    {0x08,0x00,0x7F,0x02,0x41,0x01,0x22,0x00,0x49,0x04,0x14,0x02,0x22,0x00,0x41,0x00,0x3E,0x01,0x22,0x02,0x3E,0x04,0x22,0x00}, /* 溶 */
    {0x20,0x00,0xFF,0x07,0x89,0x04,0x24,0x01,0x50,0x00,0x8C,0x01,0x03,0x06,0xFC,0x01,0x04,0x01,0x04,0x01,0xFC,0x01,0x04,0x01}, /* 容 */
    {0x0A,0x01,0x09,0x01,0x08,0x02,0xFF,0x04,0x08,0x07,0x2A,0x01,0x2A,0x02,0x7A,0x07,0x24,0x00,0x25,0x01,0x4B,0x06,0x91,0x00}, /* 绒 */
    {0x00,0x00,0xFF,0x07,0x01,0x04,0x01,0x04,0xF8,0x00,0x88,0x00,0x88,0x00,0x88,0x00,0x88,0x00,0x09,0x01,0x09,0x02,0x07,0x04}, /* 冗 */
    {0x3E,0x02,0x12,0x02,0x0C,0x02,0x7F,0x07,0x15,0x02,0x24,0x02,0x4C,0x03,0x08,0x06,0x7F,0x02,0x1C,0x02,0x2A,0x02,0x49,0x06}, /* 揉 */
    {0xFC,0x01,0x48,0x00,0x30,0x00,0xFF,0x07,0x91,0x00,0x30,0x07,0x00,0x00,0x20,0x00,0xFF,0x07,0xA8,0x00,0x24,0x01,0x23,0x06}, /* 柔 */
    {0x20,0x00,0x20,0x00,0xFE,0x03,0x22,0x02,0x52,0x02,0x8A,0x02,0x22,0x02,0x22,0x02,0x52,0x02,0x8A,0x02,0x02,0x02,0x0E,0x02}, /* 肉 */
    {0x88,0x00,0xFF,0x07,0x88,0x00,0x00,0x00,0x80,0x00,0xEF,0x07,0x29,0x01,0x29,0x01,0x49,0x03,0x89,0x00,0x4F,0x01,0x29,0x06}, /* 茹 */
    {0x3E,0x01,0x08,0x01,0x7F,0x01,0xC9,0x07,0x2A,0x05,0x00,0x05,0xFF,0x07,0x08,0x01,0x7F,0x01,0xD5,0x01,0x55,0x06,0x43,0x00}, /* 蠕 */
    {0xBE,0x00,0x88,0x00,0x7F,0x01,0x49,0x01,0x2A,0x03,0x00,0x05,0x7F,0x01,0x08,0x01,0x7F,0x01,0x55,0x01,0x55,0x01,0x43,0x01}, /* 儒 */
    {0x3E,0x07,0x08,0x01,0x7F,0x01,0x49,0x02,0x2A,0x02,0x00,0x03,0x7F,0x06,0x08,0x02,0x7F,0x02,0x55,0x02,0x55,0x02,0x43,0x06}, /* 孺 */
    {0x00,0x01,0x00,0x01,0x1F,0x01,0xD1,0x07,0x51,0x02,0x51,0x02,0x51,0x02,0x91,0x04,0x91,0x02,0x11,0x01,0x9F,0x02,0x51,0x04}, /* 如 */
    {0xFF,0x03,0x00,0x02,0xFE,0x02,0x00,0x02,0xFF,0x03,0x92,0x02,0x8C,0x02,0xC3,0x04,0x04,0x00,0xFF,0x07,0x04,0x01,0x8C,0x00}, /* 辱 */
    {0x74,0x00,0x84,0x07,0x14,0x01,0xA4,0x04,0x04,0x02,0xE4,0x07,0x44,0x00,0x84,0x00,0xF4,0x00,0x85,0x07,0x85,0x00,0x83,0x01}, /* 乳 */
    {0x20,0x04,0x20,0x02,0x20,0x00,0xFF,0x01,0x44,0x04,0x44,0x02,0xC4,0x00,0x28,0x00,0x10,0x00,0x28,0x02,0x44,0x04,0x82,0x01}, /* 汝 */
    {0x80,0x01,0x40,0x00,0x20,0x00,0x20,0x00,0x50,0x00,0x50,0x00,0x50,0x00,0x88,0x00,0x88,0x00,0x04,0x01,0x02,0x02,0x01,0x04}, /* 入 */
    {0x7F,0x04,0x40,0x02,0x5F,0x07,0x40,0x01,0x7F,0x02,0x55,0x03,0x52,0x06,0x59,0x03,0x42,0x02,0x7F,0x02,0x52,0x02,0x86,0x02}, /* 褥 */
    {0x10,0x01,0x10,0x01,0x9F,0x07,0x21,0x02,0x22,0x03,0x48,0x05,0x88,0x07,0x08,0x01,0x94,0x01,0x14,0x07,0x22,0x01,0x41,0x01}, /* 软 */
    {0x00,0x00,0xBE,0x07,0x80,0x04,0x80,0x04,0x7F,0x05,0x14,0x05,0x94,0x04,0x94,0x04,0x94,0x04,0x25,0x07,0x25,0x04,0x43,0x04}, /* 阮 */
    {0x04,0x01,0xFF,0x07,0x04,0x01,0x40,0x00,0x20,0x00,0x8A,0x02,0x79,0x04,0x10,0x01,0x8A,0x00,0x31,0x05,0x54,0x05,0xCC,0x00}, /* 蕊 */
    {0x08,0x00,0x49,0x07,0x49,0x02,0x7F,0x02,0x00,0x02,0x7F,0x07,0x08,0x02,0x7F,0x02,0x55,0x02,0x55,0x03,0x55,0x06,0x43,0x00}, /* 瑞 */
    {0x22,0x02,0x14,0x02,0x80,0x03,0x3E,0x04,0xA2,0x07,0x22,0x02,0x3E,0x02,0x94,0x07,0x14,0x02,0x94,0x02,0x25,0x03,0x43,0x02}, /* 锐 */
    {0xFF,0x04,0x01,0x02,0x01,0x00,0xF9,0x04,0x21,0x04,0x21,0x04,0xF9,0x04,0x21,0x04,0x21,0x04,0xFD,0x05,0x01,0x04,0x03,0x04}, /* 闰 */
    {0x3F,0x01,0x81,0x04,0x01,0x02,0x7D,0x01,0x11,0x01,0x11,0x05,0x7D,0x03,0x11,0x01,0x11,0x01,0x7D,0x03,0x01,0x05,0x07,0x01}, /* 润 */
    {0x88,0x00,0xFF,0x07,0xA8,0x00,0x20,0x00,0xFF,0x07,0x40,0x00,0x80,0x00,0xFE,0x01,0x82,0x02,0x82,0x04,0xFE,0x00,0x82,0x00}, /* 若 */
    {0xCF,0x03,0x41,0x00,0x41,0x00,0xCF,0x03,0x08,0x02,0xCF,0x03,0x51,0x04,0x49,0x02,0x45,0x01,0x49,0x02,0x51,0x04,0x86,0x01}, /* 弱 */
    {0xA4,0x02,0xF4,0x03,0xA8,0x02,0xFF,0x07,0x12,0x02,0xEA,0x02,0xAA,0x03,0xEA,0x06,0xA4,0x02,0xE4,0x02,0xAA,0x02,0xB1,0x06}, /* 撒 */
    {0x00,0x00,0xFF,0x04,0x24,0x02,0x24,0x00,0xFF,0x00,0xA5,0x04,0xA5,0x02,0xA7,0x00,0xC1,0x00,0x81,0x02,0xFF,0x04,0x81,0x00}, /* 洒 */
    {0x88,0x00,0xFF,0x07,0x88,0x00,0x84,0x07,0xBF,0x04,0x92,0x04,0x0C,0x05,0xBF,0x04,0xA0,0x06,0x20,0x05,0x40,0x04,0x80,0x04}, /* 萨 */
    {0xBE,0x03,0xAA,0x02,0xAA,0x02,0xBE,0x03,0xAA,0x02,0xAA,0x02,0xBE,0x03,0x88,0x02,0xA5,0x02,0xD1,0x02,0x92,0x02,0x8E,0x05}, /* 腮 */
    {0x1F,0x02,0x95,0x03,0x95,0x04,0x1F,0x01,0xD5,0x07,0x55,0x05,0xDF,0x07,0x40,0x05,0xD5,0x07,0x29,0x00,0x8A,0x01,0x06,0x06}, /* 鳃 */
    {0x20,0x00,0xFF,0x07,0x89,0x04,0xFE,0x03,0x88,0x00,0xFE,0x03,0x88,0x00,0xFF,0x07,0x24,0x01,0xFA,0x02,0x21,0x04,0xFE,0x03}, /* 塞 */
    {0x20,0x00,0xFF,0x07,0x89,0x04,0xFE,0x03,0x88,0x00,0xFF,0x07,0x04,0x01,0xFE,0x03,0x25,0x05,0x24,0x01,0x58,0x00,0x84,0x01}, /* 赛 */
    {0x00,0x00,0xFE,0x03,0x00,0x00,0x00,0x00,0x00,0x00,0x00,0x00,0xFC,0x01,0x00,0x00,0x00,0x00,0x00,0x00,0x00,0x00,0xFF,0x07}, /* 三 */
    {0x80,0x00,0x04,0x01,0xFE,0x03,0x42,0x00,0xFF,0x07,0x88,0x00,0x04,0x01,0xFA,0x02,0x01,0x04,0xFC,0x01,0x00,0x00,0xFE,0x03}, /* 叁 */
    {0x20,0x00,0x50,0x00,0x88,0x00,0x04,0x01,0x23,0x06,0x20,0x00,0x24,0x01,0xA8,0x00,0xFF,0x07,0x20,0x00,0x20,0x00,0x20,0x00}, /* 伞 */
    {0x48,0x02,0xE8,0x07,0x48,0x02,0xEF,0x07,0x12,0x00,0xCA,0x03,0x4A,0x02,0xCA,0x03,0x4A,0x02,0xC4,0x03,0x4A,0x02,0xD1,0x02}, /* 散 */
    {0xFC,0x03,0x08,0x01,0xF0,0x00,0x08,0x01,0xDE,0x03,0x52,0x02,0x8C,0x01,0x52,0x02,0x20,0x00,0xFF,0x07,0x24,0x01,0x23,0x06}, /* 桑 */
    {0x3E,0x00,0x22,0x07,0x1C,0x05,0x22,0x05,0x77,0x05,0x55,0x05,0x22,0x05,0x55,0x05,0x08,0x07,0x7F,0x05,0x2A,0x00,0x49,0x00}, /* 嗓 */
    {0x20,0x00,0x20,0x00,0xFE,0x03,0x20,0x00,0x24,0x01,0xA8,0x00,0xFF,0x07,0x22,0x01,0x14,0x01,0x08,0x01,0x44,0x01,0x83,0x01}, /* 丧 */
    {0x00,0x01,0x7F,0x01,0x29,0x01,0xA2,0x07,0x1C,0x01,0x63,0x01,0x88,0x01,0x3E,0x07,0x2A,0x01,0x3E,0x01,0x09,0x01,0x7F,0x03}, /* 搔 */
    {0x00,0x00,0x7F,0x07,0x29,0x01,0x22,0x05,0x1C,0x05,0x63,0x05,0x88,0x07,0xBE,0x00,0xAA,0x01,0xBE,0x06,0x89,0x00,0x7F,0x03}, /* 骚 */
    {0x00,0x01,0x3F,0x01,0x01,0x01,0xC1,0x07,0x01,0x01,0x1F,0x01,0xC1,0x01,0x01,0x07,0x01,0x01,0x01,0x01,0x3F,0x01,0x01,0x03}, /* 扫 */
    {0x08,0x02,0x2B,0x02,0x49,0x02,0x6B,0x07,0x49,0x05,0x7F,0x05,0x08,0x05,0x7F,0x05,0x21,0x05,0x12,0x02,0x0C,0x05,0x73,0x04}, /* 嫂 */
    {0xDF,0x07,0x04,0x01,0x8E,0x03,0x04,0x01,0xDF,0x07,0x00,0x00,0x40,0x00,0x2A,0x02,0x91,0x02,0xA5,0x04,0xC4,0x00,0x7C,0x03}, /* 瑟 */
    {0x80,0x00,0xFC,0x01,0x04,0x02,0x08,0x04,0xFE,0x03,0x22,0x02,0x22,0x02,0xFE,0x03,0x00,0x02,0x01,0x02,0x01,0x02,0xFF,0x01}, /* 色 */
    {0x00,0x00,0xFE,0x04,0x22,0x02,0xA2,0x00,0x22,0x01,0x4C,0x04,0x90,0x02,0x10,0x00,0x9E,0x00,0x90,0x02,0x90,0x04,0xFF,0x01}, /* 涩 */
    {0x20,0x00,0xFF,0x07,0xA8,0x00,0x24,0x01,0x23,0x06,0x88,0x00,0x88,0x00,0xDF,0x07,0x8C,0x01,0xDA,0x02,0xA9,0x04,0x88,0x00}, /* 森 */
    {0xA2,0x00,0xFF,0x00,0x49,0x01,0x6B,0x01,0x49,0x03,0x7F,0x05,0x00,0x01,0x3E,0x01,0x22,0x01,0x3E,0x01,0x22,0x01,0x3E,0x01}, /* 僧 */
    {0x88,0x00,0xFF,0x07,0x88,0x00,0x00,0x00,0x10,0x02,0x54,0x01,0x52,0x04,0x91,0x02,0x15,0x00,0x08,0x01,0x10,0x02,0x60,0x04}, /* 莎 */
    {0x08,0x00,0x88,0x07,0x0A,0x01,0x29,0x01,0x29,0x02,0xA9,0x03,0xC8,0x06,0x89,0x02,0x82,0x02,0x84,0x03,0x18,0x02,0x60,0x00}, /* 砂 */
    {0x04,0x01,0x88,0x00,0x70,0x00,0x8C,0x00,0x22,0x03,0x20,0x00,0xFF,0x07,0x20,0x00,0x24,0x01,0x22,0x02,0x21,0x04,0x60,0x00}, /* 杀 */
    {0x21,0x02,0x41,0x01,0x85,0x00,0x45,0x01,0x25,0x02,0x85,0x00,0xF5,0x07,0x85,0x00,0xA5,0x02,0x91,0x04,0x81,0x00,0x83,0x01}, /* 刹 */
    {0x08,0x02,0x08,0x01,0x2A,0x00,0x29,0x00,0x49,0x04,0x49,0x02,0x88,0x00,0x09,0x00,0x02,0x01,0x0C,0x02,0x30,0x04,0xC0,0x01}, /* 沙 */
    {0x08,0x01,0x08,0x01,0x0A,0x02,0xA9,0x04,0x29,0x07,0x29,0x01,0x48,0x02,0x89,0x07,0x02,0x00,0x84,0x01,0x18,0x06,0x60,0x00}, /* 纱 */
    {0x10,0x01,0xFE,0x01,0xAA,0x02,0x92,0x02,0xAA,0x06,0xFE,0x02,0x44,0x02,0xA2,0x02,0x7C,0x02,0xA4,0x02,0x18,0x02,0xE7,0x02}, /* 傻 */
    {0x08,0x00,0x14,0x07,0x22,0x05,0x5D,0x05,0x08,0x05,0x7F,0x05,0x08,0x05,0x3E,0x05,0x22,0x07,0x22,0x05,0x3E,0x00,0x22,0x00}, /* 啥 */
    {0x08,0x01,0xC8,0x01,0x4F,0x02,0x92,0x04,0xEA,0x03,0x4A,0x00,0xC4,0x03,0x4A,0x00,0xD1,0x03,0x00,0x00,0x92,0x02,0x49,0x04}, /* 煞 */
    {0x08,0x02,0xCF,0x03,0x92,0x04,0x00,0x00,0x7F,0x01,0x08,0x05,0x7F,0x05,0x49,0x05,0x49,0x05,0x49,0x01,0x4B,0x01,0x08,0x02}, /* 筛 */
    {0x00,0x00,0x7F,0x07,0x14,0x05,0x14,0x05,0x7F,0x05,0x55,0x07,0x55,0x05,0x57,0x05,0x61,0x05,0x41,0x07,0x7F,0x05,0x41,0x00}, /* 晒 */
    {0xEE,0x00,0xAA,0x07,0xAA,0x02,0xAA,0x02,0xAA,0x02,0xFF,0x07,0xAA,0x02,0xAA,0x02,0xAA,0x03,0xAA,0x06,0x32,0x01,0x66,0x02}, /* 珊 */
    {0x02,0x01,0x04,0x01,0x08,0x01,0xD1,0x07,0x02,0x01,0x04,0x03,0x88,0x03,0x51,0x05,0x02,0x01,0x04,0x01,0x08,0x01,0x30,0x01}, /* 杉 */
    {0x20,0x00,0x20,0x00,0x20,0x00,0x22,0x02,0x22,0x02,0x22,0x02,0x22,0x02,0x22,0x02,0x22,0x02,0x22,0x02,0xFE,0x03,0x02,0x00}, /* 山 */
    {0x01,0x00,0x71,0x07,0x55,0x05,0x55,0x05,0x55,0x05,0xFD,0x07,0x55,0x05,0x55,0x05,0x55,0x05,0x51,0x05,0x51,0x05,0x33,0x03}, /* 删 */
    {0x08,0x01,0x7F,0x01,0x41,0x01,0xFF,0x05,0x40,0x05,0x7B,0x05,0x49,0x05,0x6D,0x01,0x5B,0x01,0xED,0x02,0x49,0x02,0x9B,0x04}, /* 煽 */
    {0x02,0x02,0x04,0x01,0x88,0x07,0x91,0x00,0x02,0x01,0x44,0x01,0x88,0x03,0x51,0x05,0x02,0x01,0x04,0x01,0x08,0x01,0x30,0x01}, /* 衫 */
    {0x7F,0x02,0x01,0x01,0x21,0x00,0x21,0x02,0x21,0x02,0x51,0x02,0x49,0x02,0x85,0x02,0x05,0x03,0x01,0x02,0x01,0x02,0x07,0x02}, /* 闪 */
    {0x08,0x00,0x88,0x07,0xFF,0x04,0x88,0x04,0x49,0x05,0x2A,0x05,0x88,0x04,0xFF,0x04,0x88,0x04,0x14,0x07,0x22,0x04,0x41,0x04}, /* 陕 */
    {0x08,0x02,0x7F,0x02,0x00,0x02,0x7F,0x07,0x55,0x02,0x5D,0x02,0x41,0x03,0x7F,0x06,0x22,0x02,0x3E,0x02,0x22,0x02,0x7F,0x06}, /* 擅 */
    {0x3C,0x00,0x44,0x07,0x7F,0x05,0x52,0x05,0x69,0x05,0x5E,0x05,0x40,0x05,0x5E,0x05,0x40,0x00,0x5E,0x02,0x52,0x02,0x9E,0x05}, /* 赡 */
    {0xA2,0x03,0xFF,0x02,0x88,0x02,0xBE,0x03,0x88,0x02,0xFF,0x02,0xAA,0x03,0xFF,0x02,0x80,0x02,0xBE,0x02,0xA2,0x02,0xBE,0x05}, /* 膳 */
    {0x88,0x00,0xFF,0x07,0x20,0x00,0xFE,0x03,0x20,0x00,0xFE,0x03,0x24,0x01,0xFF,0x07,0x00,0x00,0xFE,0x03,0x02,0x02,0xFE,0x03}, /* 善 */
    {0x08,0x02,0x08,0x01,0x08,0x00,0x49,0x00,0x49,0x04,0x49,0x02,0x49,0x00,0x49,0x00,0x49,0x01,0x49,0x02,0x7F,0x04,0x01,0x00}, /* 汕 */
    {0x10,0x00,0xFF,0x03,0x01,0x02,0xFF,0x03,0x00,0x02,0xEF,0x03,0x21,0x02,0xA5,0x02,0x63,0x02,0xA5,0x02,0x29,0x03,0x63,0x04}, /* 扇 */
    {0x90,0x00,0x90,0x00,0x1F,0x01,0x20,0x01,0x48,0x03,0x08,0x05,0x3F,0x01,0x09,0x01,0x11,0x01,0x11,0x01,0x21,0x01,0x46,0x01}, /* 伤 */
    {0x20,0x00,0xFF,0x07,0x04,0x01,0x88,0x00,0xFE,0x03,0x52,0x02,0x8A,0x02,0x76,0x03,0x52,0x02,0x72,0x02,0x02,0x02,0x06,0x02}, /* 商 */
    {0x24,0x01,0xFF,0x07,0x01,0x04,0xFC,0x01,0x04,0x01,0xFC,0x01,0x00,0x00,0xFE,0x03,0x22,0x02,0x22,0x02,0xDC,0x00,0x03,0x07}, /* 赏 */
    {0x40,0x00,0x40,0x00,0x40,0x00,0x40,0x00,0x7E,0x00,0x40,0x00,0x40,0x00,0x40,0x00,0x40,0x00,0x40,0x00,0x40,0x00,0xFF,0x07}, /* 上 */
    {0x20,0x00,0x22,0x02,0x24,0x01,0x20,0x00,0xFE,0x03,0x02,0x02,0xFA,0x02,0x8A,0x02,0x8A,0x02,0xFA,0x02,0x02,0x02,0x06,0x02}, /* 尚 */
    {0x24,0x01,0xA8,0x00,0xFF,0x07,0x01,0x04,0xFC,0x01,0x04,0x01,0xFC,0x01,0x20,0x00,0xFF,0x07,0x52,0x00,0x8C,0x01,0xC3,0x06}, /* 裳 */
    {0x08,0x01,0x49,0x01,0x2A,0x01,0x88,0x07,0x3F,0x01,0x21,0x03,0xBF,0x03,0x21,0x05,0x3F,0x01,0x21,0x01,0x21,0x01,0x23,0x01}, /* 梢 */
    {0x08,0x02,0x49,0x02,0x2A,0x02,0x08,0x07,0x7F,0x02,0x41,0x02,0x7F,0x03,0x41,0x06,0x7F,0x02,0x41,0x02,0x41,0x02,0x43,0x06}, /* 捎 */
    {0x88,0x00,0x49,0x07,0x2A,0x01,0x08,0x01,0xBF,0x07,0x21,0x01,0x3F,0x03,0xA1,0x03,0x3F,0x05,0x21,0x01,0x21,0x01,0x23,0x01}, /* 稍 */
    {0x10,0x01,0x1E,0x01,0x70,0x01,0x95,0x05,0x09,0x05,0x37,0x05,0x00,0x05,0x7F,0x01,0x14,0x01,0x94,0x02,0xA5,0x02,0x43,0x04}, /* 烧 */
    {0x88,0x00,0xFF,0x07,0x88,0x00,0x00,0x01,0xFE,0x01,0x02,0x02,0x02,0x04,0x82,0x00,0x42,0x00,0x42,0x00,0x02,0x00,0x1C,0x00}, /* 芍 */
    {0x80,0x00,0x80,0x00,0xFF,0x01,0x01,0x01,0x01,0x02,0x01,0x04,0x41,0x00,0x21,0x00,0x21,0x00,0x01,0x00,0x01,0x00,0x0E,0x00}, /* 勺 */
    {0x00,0x01,0xDF,0x07,0x09,0x00,0x49,0x04,0x89,0x02,0xD3,0x07,0x20,0x00,0xDF,0x07,0x51,0x04,0xD1,0x07,0x5F,0x04,0xD1,0x07}, /* 韶 */
    {0x20,0x00,0x20,0x00,0x24,0x01,0x22,0x01,0x21,0x02,0x21,0x04,0x20,0x00,0x24,0x00,0x08,0x00,0x30,0x00,0xC0,0x00,0x00,0x07}, /* 少 */
    {0x08,0x00,0x49,0x00,0x2A,0x07,0x08,0x05,0x7F,0x05,0x41,0x05,0x7F,0x05,0x41,0x05,0x7F,0x07,0x41,0x05,0x41,0x00,0x43,0x00}, /* 哨 */
    {0x00,0x00,0xEF,0x03,0x29,0x01,0x29,0x01,0x2A,0x01,0x6A,0x02,0x09,0x04,0xE9,0x03,0x29,0x02,0x2E,0x02,0xE8,0x03,0x28,0x02}, /* 邵 */
    {0x00,0x01,0x3F,0x01,0x11,0x02,0x91,0x04,0x21,0x07,0x46,0x01,0x00,0x02,0xBF,0x07,0x21,0x00,0xA1,0x01,0x3F,0x06,0x21,0x00}, /* 绍 */
    {0x20,0x00,0xFF,0x07,0x50,0x00,0xAC,0x01,0xF3,0x06,0x28,0x00,0xFF,0x07,0x84,0x00,0xFC,0x01,0x84,0x06,0xFC,0x00,0x84,0x00}, /* 奢 */
    {0x04,0x00,0xC4,0x07,0x4A,0x04,0x51,0x05,0x4E,0x05,0x40,0x05,0x5F,0x05,0x44,0x05,0x56,0x05,0x15,0x01,0xA5,0x02,0x4C,0x04}, /* 赊 */
    {0x08,0x01,0x04,0x01,0x3F,0x01,0xE1,0x07,0x40,0x05,0x51,0x05,0x52,0x05,0xD4,0x07,0x18,0x01,0x51,0x01,0xD1,0x01,0x4F,0x06}, /* 蛇 */
    {0x1E,0x00,0xE0,0x03,0x20,0x00,0x20,0x00,0xFF,0x07,0x20,0x00,0x20,0x00,0xFE,0x03,0x02,0x02,0x02,0x02,0xFE,0x03,0x02,0x02}, /* 舌 */
    {0x20,0x00,0x50,0x00,0x8C,0x01,0x03,0x06,0xFC,0x01,0x20,0x00,0xFF,0x07,0x20,0x00,0xFE,0x03,0x02,0x02,0xFE,0x03,0x02,0x02}, /* 舍 */
    {0x88,0x00,0x88,0x00,0xC8,0x03,0x8F,0x00,0x92,0x00,0xEA,0x07,0x4A,0x01,0x4A,0x03,0x64,0x05,0x44,0x01,0x4A,0x02,0xD1,0x04}, /* 赦 */
    {0x7F,0x01,0x22,0x01,0x3E,0x01,0xA2,0x07,0x3E,0x01,0x23,0x01,0xFE,0x01,0x02,0x07,0x77,0x01,0x55,0x01,0x22,0x01,0x55,0x03}, /* 摄 */
    {0x02,0x01,0xC2,0x03,0x42,0x02,0xDF,0x03,0x42,0x02,0xC2,0x03,0x52,0x02,0xCA,0x07,0x4A,0x01,0x42,0x02,0x42,0x04,0xCE,0x00}, /* 射 */
    {0x7F,0x01,0x22,0x01,0x3E,0x01,0xA2,0x05,0x3E,0x05,0x23,0x05,0x7E,0x05,0x02,0x01,0x77,0x01,0x55,0x01,0x22,0x01,0x55,0x01}, /* 慑 */
    {0x08,0x00,0x4E,0x02,0x48,0x01,0x48,0x00,0xFF,0x04,0x00,0x02,0x08,0x00,0x49,0x00,0x4A,0x01,0x84,0x02,0x18,0x04,0xE0,0x00}, /* 涉 */
    {0x08,0x02,0x08,0x01,0x88,0x07,0x88,0x00,0x3E,0x01,0x88,0x01,0x48,0x03,0x08,0x05,0x08,0x01,0x08,0x01,0x08,0x01,0x7F,0x01}, /* 社 */
    {0x3C,0x02,0x24,0x01,0x24,0x00,0x24,0x00,0x43,0x07,0x00,0x01,0x7E,0x01,0x22,0x01,0x14,0x01,0x88,0x01,0x14,0x01,0x63,0x00}, /* 设 */
    {0x08,0x00,0x88,0x07,0x3F,0x01,0x29,0x01,0x29,0x02,0xBF,0x03,0xA9,0x06,0xA9,0x02,0xBF,0x02,0xA9,0x03,0x88,0x02,0x08,0x00}, /* 砷 */
    {0x20,0x00,0x20,0x00,0xFE,0x03,0x22,0x02,0x22,0x02,0xFE,0x03,0x22,0x02,0x22,0x02,0xFE,0x03,0x22,0x02,0x20,0x00,0x20,0x00}, /* 申 */
    {0x08,0x00,0x08,0x00,0x7F,0x07,0x49,0x05,0x49,0x05,0x7F,0x05,0x49,0x05,0x49,0x05,0x7F,0x07,0x49,0x05,0x08,0x00,0x08,0x00}, /* 呻 */
    {0x88,0x00,0x88,0x00,0x7F,0x01,0x49,0x01,0x49,0x03,0x7F,0x05,0x49,0x01,0x49,0x01,0x7F,0x01,0x49,0x01,0x08,0x01,0x08,0x01}, /* 伸 */
    {0x40,0x00,0xFC,0x01,0x04,0x01,0xFC,0x01,0x04,0x01,0xFD,0x01,0x06,0x01,0xFC,0x07,0x34,0x00,0xC4,0x00,0x04,0x07,0x1C,0x00}, /* 身 */
    {0x00,0x00,0xFF,0x05,0x29,0x03,0x44,0x00,0x92,0x00,0x10,0x04,0xFF,0x02,0x10,0x00,0x38,0x00,0x54,0x02,0x93,0x05,0x10,0x00}, /* 深 */
    {0x00,0x01,0x3F,0x01,0x20,0x01,0xAE,0x07,0xA0,0x02,0xBF,0x02,0xB4,0x02,0xB5,0x04,0xD6,0x02,0x54,0x01,0xDA,0x02,0x91,0x04}, /* 娠 */
    {0x08,0x02,0x08,0x02,0x7F,0x04,0x49,0x05,0x49,0x06,0x7F,0x02,0x49,0x04,0x49,0x07,0x7F,0x00,0x49,0x01,0x08,0x06,0x08,0x00}, /* 绅 */
    {0x08,0x02,0x08,0x01,0xBF,0x07,0xA9,0x00,0x29,0x01,0xBF,0x01,0x69,0x03,0x29,0x05,0x3F,0x01,0x29,0x01,0x08,0x01,0x08,0x01}, /* 神 */
    {0x10,0x00,0x10,0x04,0xFF,0x02,0x91,0x00,0x91,0x00,0x10,0x04,0x28,0x02,0x28,0x00,0x48,0x00,0x49,0x02,0x89,0x04,0x07,0x01}, /* 沈 */
    {0x20,0x00,0xFF,0x07,0x01,0x04,0x20,0x00,0xFE,0x03,0x22,0x02,0xFE,0x03,0x22,0x02,0xFE,0x03,0x22,0x02,0x20,0x00,0x20,0x00}, /* 审 */
    {0x08,0x02,0x7F,0x02,0x41,0x02,0x08,0x07,0x7F,0x05,0x49,0x05,0x7F,0x05,0x49,0x05,0x7F,0x05,0x49,0x02,0x08,0x05,0x08,0x04}, /* 婶 */
    {0x04,0x01,0xFF,0x07,0x04,0x01,0xFC,0x01,0x04,0x01,0xFC,0x01,0x04,0x01,0xFF,0x07,0x48,0x02,0x84,0x02,0x00,0x02,0xFE,0x03}, /* 甚 */
    {0xBE,0x00,0x92,0x04,0x8C,0x04,0xB2,0x04,0x01,0x00,0xFE,0x03,0x02,0x02,0xFE,0x03,0x02,0x02,0xFE,0x03,0x02,0x02,0x06,0x02}, /* 肾 */
    {0x08,0x01,0x7F,0x01,0x08,0x01,0xBE,0x05,0x22,0x05,0x3E,0x05,0x22,0x05,0x3E,0x01,0x22,0x01,0x7F,0x01,0x14,0x01,0x22,0x01}, /* 慎 */
    {0x20,0x00,0x44,0x04,0xFE,0x02,0x22,0x00,0xFF,0x01,0x44,0x04,0x92,0x02,0x65,0x01,0x18,0x00,0x62,0x02,0x0C,0x04,0xF0,0x00}, /* 渗 */
    {0x20,0x00,0xFF,0x07,0x20,0x00,0xFE,0x03,0x00,0x00,0xFE,0x03,0x22,0x02,0x22,0x02,0xFE,0x03,0x02,0x02,0x00,0x02,0x00,0x04}, /* 声 */
    {0x20,0x00,0x20,0x01,0x20,0x01,0xFE,0x01,0x20,0x02,0x20,0x04,0x20,0x00,0xFC,0x01,0x20,0x00,0x20,0x00,0x20,0x00,0xFF,0x07}, /* 生 */
    {0x80,0x00,0x9F,0x00,0x95,0x02,0xFF,0x03,0x95,0x02,0x9F,0x04,0xC8,0x03,0x9F,0x00,0x89,0x00,0xE9,0x00,0x09,0x07,0x13,0x00}, /* 甥 */
    {0x08,0x01,0x08,0x01,0x28,0x05,0xBE,0x07,0x28,0x05,0x48,0x01,0x88,0x01,0x3E,0x07,0x08,0x01,0x08,0x01,0x08,0x01,0x7F,0x01}, /* 牲 */
    {0x64,0x00,0x84,0x03,0x84,0x00,0x84,0x00,0x84,0x00,0xFF,0x07,0x84,0x00,0x84,0x00,0x84,0x00,0x04,0x01,0x04,0x01,0x04,0x02}, /* 升 */
    {0x7C,0x02,0x44,0x02,0x7C,0x04,0x10,0x05,0xFE,0x06,0x92,0x02,0xFE,0x04,0x92,0x07,0xFE,0x00,0x90,0x01,0x11,0x06,0x0F,0x00}, /* 绳 */
    {0x20,0x00,0x24,0x01,0x2A,0x02,0x31,0x04,0xC0,0x00,0xFE,0x07,0x02,0x01,0xFE,0x01,0x02,0x01,0xFE,0x01,0x02,0x01,0xFE,0x01}, /* 省 */
    {0x0A,0x00,0xFF,0x03,0x08,0x02,0xE9,0x03,0x2A,0x02,0x25,0x02,0x6B,0x02,0x11,0x04,0xFE,0x03,0x52,0x02,0x52,0x02,0xFF,0x07}, /* 盛 */
    {0x61,0x00,0x81,0x03,0x85,0x00,0xF5,0x07,0xA5,0x02,0xB5,0x06,0xA5,0x02,0xB5,0x06,0xC5,0x01,0xA1,0x02,0x91,0x04,0x83,0x00}, /* 剩 */
    {0x08,0x00,0x88,0x03,0xA8,0x02,0xBE,0x02,0xA8,0x03,0xC8,0x02,0x88,0x02,0xBE,0x03,0x88,0x02,0x88,0x02,0x88,0x02,0xFF,0x05}, /* 胜 */
    {0x00,0x00,0xFE,0x03,0x04,0x01,0x88,0x00,0x70,0x00,0x8C,0x01,0x23,0x06,0x20,0x00,0xFC,0x01,0x20,0x00,0x20,0x00,0xFF,0x07}, /* 圣 */
    {0x00,0x01,0x7F,0x01,0x08,0x05,0x08,0x05,0x7F,0x05,0x49,0x05,0x49,0x05,0x49,0x05,0x49,0x05,0x4B,0x01,0x08,0x02,0x08,0x04}, /* 师 */
    {0x20,0x00,0x20,0x01,0x20,0x01,0xFC,0x01,0x20,0x02,0x20,0x04,0x20,0x00,0xFF,0x07,0x50,0x00,0x88,0x00,0x04,0x01,0x03,0x06}, /* 失 */
    {0x40,0x01,0x5F,0x05,0x44,0x02,0x44,0x05,0x5F,0x01,0x55,0x01,0x55,0x03,0x55,0x05,0x55,0x01,0x57,0x01,0x44,0x01,0x84,0x06}, /* 狮 */
    {0x20,0x02,0x3F,0x01,0xC8,0x07,0x08,0x02,0x2B,0x02,0xAD,0x03,0xF9,0x02,0xA9,0x02,0xAB,0x02,0xA8,0x02,0xA1,0x02,0x9F,0x05}, /* 施 */
    {0x00,0x04,0xFE,0x02,0x82,0x00,0xFE,0x00,0x82,0x04,0xFE,0x02,0x28,0x00,0x29,0x01,0xAA,0x00,0x28,0x02,0x28,0x04,0xFF,0x01}, /* 湿 */
    {0x08,0x04,0x08,0x02,0x7E,0x00,0x08,0x00,0xFF,0x06,0x04,0x02,0xFF,0x02,0x04,0x02,0x44,0x02,0x24,0x02,0x04,0x03,0x0C,0x02}, /* 诗 */
    {0x00,0x00,0xFF,0x01,0x01,0x01,0x01,0x01,0x01,0x01,0xFF,0x01,0x01,0x01,0x00,0x01,0x00,0x01,0x00,0x02,0x00,0x02,0x00,0x04}, /* 尸 */
    {0xFC,0x03,0x04,0x00,0x74,0x00,0x84,0x07,0x84,0x00,0xF4,0x07,0x94,0x04,0xF4,0x07,0x85,0x00,0xA5,0x00,0xF3,0x07,0x11,0x00}, /* 虱 */
    {0x20,0x00,0x20,0x00,0x20,0x00,0x20,0x00,0x20,0x00,0xFF,0x07,0x20,0x00,0x20,0x00,0x20,0x00,0x20,0x00,0x20,0x00,0x20,0x00}, /* 十 */
    {0x00,0x00,0xFF,0x07,0x40,0x00,0x40,0x00,0x80,0x00,0xFE,0x00,0x82,0x01,0x82,0x02,0x82,0x04,0x82,0x00,0xFE,0x00,0x82,0x00}, /* 石 */
    {0x08,0x01,0x08,0x01,0x14,0x01,0xA2,0x07,0x41,0x01,0x3E,0x01,0x80,0x01,0x3E,0x07,0x22,0x01,0x22,0x01,0x3E,0x01,0x22,0x03}, /* 拾 */
    {0x02,0x00,0x82,0x07,0x82,0x04,0xBF,0x04,0x82,0x04,0x82,0x07,0x92,0x04,0x8A,0x04,0x8A,0x04,0x82,0x07,0x82,0x04,0x0E,0x00}, /* 时 */
    {0x88,0x00,0x88,0x00,0x08,0x01,0x08,0x01,0x08,0x03,0x7F,0x05,0x08,0x01,0x08,0x01,0x08,0x01,0x08,0x01,0x08,0x01,0x08,0x01}, /* 什 */
    {0x20,0x00,0x50,0x00,0x8C,0x01,0x23,0x06,0xFC,0x01,0x04,0x01,0xFC,0x01,0x04,0x01,0xFD,0x01,0x12,0x01,0x4C,0x01,0x82,0x01}, /* 食 */
    {0x08,0x02,0x08,0x02,0x88,0x03,0xFF,0x04,0x49,0x01,0x49,0x02,0x49,0x02,0x7F,0x02,0x08,0x02,0x89,0x02,0x0F,0x03,0x79,0x02}, /* 蚀 */
    {0x20,0x00,0xFF,0x07,0x01,0x04,0x90,0x00,0x50,0x00,0x10,0x01,0x90,0x00,0xFF,0x07,0x20,0x00,0x4C,0x00,0x82,0x01,0x01,0x06}, /* 实 */
    {0x00,0x02,0x7E,0x01,0x42,0x00,0x42,0x00,0x42,0x06,0x42,0x02,0x7E,0x02,0x00,0x02,0x00,0x02,0x24,0x03,0x42,0x02,0x81,0x00}, /* 识 */
    {0x20,0x00,0x20,0x00,0xFE,0x03,0x22,0x02,0x22,0x02,0x22,0x02,0xFE,0x03,0x20,0x00,0x40,0x01,0xC0,0x00,0x30,0x01,0x0F,0x06}, /* 史 */
    {0x00,0x01,0x00,0x01,0xFE,0x01,0x20,0x02,0x20,0x04,0x20,0x00,0xFF,0x07,0x20,0x00,0x50,0x00,0x88,0x00,0x04,0x01,0x03,0x06}, /* 矢 */
    {0x88,0x00,0x88,0x00,0x7F,0x01,0x08,0x01,0x7F,0x03,0x49,0x05,0x7F,0x01,0x48,0x01,0x28,0x01,0x10,0x01,0x2C,0x01,0x43,0x01}, /* 使 */
    {0xFF,0x03,0x01,0x02,0xFF,0x03,0x00,0x02,0x92,0x02,0x54,0x02,0x10,0x02,0xFF,0x03,0x54,0x02,0x92,0x02,0x11,0x03,0x10,0x04}, /* 屎 */
    {0x04,0x00,0x84,0x07,0x9F,0x00,0x95,0x02,0x95,0x02,0x95,0x02,0xDF,0x03,0x64,0x00,0x54,0x01,0x48,0x06,0x54,0x00,0xA3,0x01}, /* 驶 */
    {0x08,0x01,0x08,0x01,0x10,0x01,0xA2,0x07,0xBF,0x02,0x81,0x02,0xBE,0x02,0xA2,0x04,0xA2,0x02,0x22,0x01,0xBE,0x02,0xA2,0x04}, /* 始 */
    {0x0A,0x00,0x09,0x00,0x08,0x00,0xFF,0x07,0x08,0x00,0x08,0x00,0xE8,0x03,0x88,0x00,0x84,0x00,0x85,0x00,0xF3,0x00,0x01,0x07}, /* 式 */
    {0x00,0x00,0xFC,0x01,0x00,0x00,0x00,0x00,0xFF,0x07,0x20,0x00,0x20,0x00,0x24,0x01,0x22,0x01,0x21,0x02,0x21,0x04,0x60,0x00}, /* 示 */
    {0x20,0x00,0x20,0x00,0x20,0x00,0x20,0x00,0xFF,0x07,0x20,0x00,0x20,0x00,0x20,0x00,0x20,0x00,0x20,0x00,0x20,0x00,0xFE,0x03}, /* 士 */
    {0x24,0x00,0x24,0x01,0x24,0x01,0x24,0x01,0xFF,0x07,0x24,0x01,0x24,0x01,0x24,0x01,0x3C,0x01,0x00,0x01,0x00,0x01,0xFF,0x01}, /* 世 */
    {0x10,0x01,0x08,0x01,0x7F,0x01,0x88,0x07,0x08,0x01,0x7F,0x03,0xC9,0x03,0x49,0x05,0x49,0x01,0x49,0x01,0x4B,0x01,0x08,0x01}, /* 柿 */
    {0x20,0x00,0xFF,0x07,0x24,0x01,0xFC,0x01,0x20,0x00,0xFE,0x03,0x22,0x00,0xFF,0x07,0x22,0x00,0xFE,0x03,0x20,0x00,0x60,0x00}, /* 事 */
    {0x05,0x01,0x04,0x01,0x7F,0x01,0x84,0x07,0x04,0x01,0x74,0x01,0xA4,0x01,0x24,0x07,0x24,0x01,0x35,0x01,0x63,0x01,0x01,0x03}, /* 拭 */
    {0x06,0x01,0xB8,0x07,0x20,0x01,0xBF,0x07,0x24,0x01,0x44,0x03,0x40,0x00,0xFF,0x07,0x00,0x00,0xFE,0x03,0x04,0x01,0xFC,0x01}, /* 誓 */
    {0x41,0x04,0x4E,0x02,0x48,0x00,0xE8,0x01,0x4F,0x06,0x6A,0x02,0xCA,0x03,0x4A,0x02,0x4A,0x02,0xD2,0x02,0x00,0x02,0xFF,0x05}, /* 逝 */
    {0x10,0x01,0xBC,0x07,0x14,0x01,0xB5,0x01,0x15,0x07,0x2B,0x01,0x41,0x03,0x40,0x00,0xFE,0x07,0x82,0x00,0x02,0x01,0x0C,0x06}, /* 势 */
    {0xFC,0x01,0x04,0x01,0xFC,0x01,0x04,0x01,0xFC,0x01,0x00,0x00,0xFF,0x07,0x20,0x00,0x3E,0x01,0x20,0x01,0xA0,0x02,0x7F,0x04}, /* 是 */
    {0x10,0x00,0x7A,0x07,0x14,0x05,0xFF,0x05,0x32,0x05,0x55,0x05,0x8F,0x05,0x7E,0x05,0x42,0x07,0x7E,0x05,0x42,0x00,0x7E,0x00}, /* 嗜 */
    {0x06,0x02,0x38,0x01,0x08,0x00,0x08,0x00,0x7F,0x07,0x08,0x01,0x3E,0x01,0x22,0x01,0x22,0x01,0x3E,0x01,0x80,0x02,0x7F,0x04}, /* 适 */
    {0x88,0x00,0x88,0x00,0x08,0x01,0x08,0x01,0x7F,0x03,0x08,0x05,0x08,0x01,0x08,0x01,0x08,0x01,0x08,0x01,0x3E,0x01,0x00,0x01}, /* 仕 */
    {0x88,0x00,0x88,0x00,0x3E,0x01,0x08,0x01,0x7F,0x03,0x04,0x05,0x7F,0x01,0x04,0x01,0x24,0x01,0x14,0x01,0x04,0x01,0x1C,0x01}, /* 侍 */
    {0xBF,0x00,0x11,0x07,0x0A,0x01,0x44,0x05,0x8A,0x03,0x35,0x01,0x84,0x07,0x1F,0x01,0x84,0x03,0x7F,0x05,0x04,0x01,0x04,0x01}, /* 释 */
    {0x10,0x02,0x10,0x02,0x3F,0x03,0x48,0x05,0x08,0x00,0x7F,0x02,0x49,0x02,0x49,0x02,0x49,0x02,0x4B,0x02,0x08,0x03,0x08,0x02}, /* 饰 */
    {0x0E,0x00,0xF0,0x03,0x10,0x02,0x10,0x02,0x10,0x02,0xFF,0x03,0x10,0x02,0x08,0x02,0x09,0x02,0x85,0x02,0x03,0x03,0x01,0x02}, /* 氏 */
    {0x40,0x00,0x20,0x00,0xFF,0x07,0x20,0x00,0x20,0x00,0xFE,0x03,0x22,0x02,0x22,0x02,0x22,0x02,0x22,0x02,0x26,0x02,0x20,0x00}, /* 市 */
    {0x08,0x01,0x08,0x01,0x3E,0x01,0x88,0x05,0x7F,0x05,0x04,0x05,0x7F,0x05,0x04,0x01,0x24,0x01,0x14,0x01,0x04,0x01,0x1C,0x01}, /* 恃 */
    {0x40,0x00,0x20,0x00,0xFF,0x07,0x01,0x04,0xFD,0x05,0x40,0x00,0x88,0x00,0xFC,0x01,0x20,0x00,0xFE,0x03,0x20,0x00,0xFF,0x07}, /* 室 */
    {0x00,0x02,0x3E,0x01,0xA2,0x07,0xAA,0x00,0x2A,0x01,0xAA,0x01,0x6A,0x03,0x2A,0x05,0x14,0x01,0x14,0x01,0x25,0x01,0x43,0x01}, /* 视 */
    {0x05,0x04,0x04,0x02,0x7F,0x00,0x04,0x00,0x04,0x06,0x74,0x02,0x24,0x02,0x24,0x02,0x24,0x02,0x35,0x02,0x63,0x03,0x01,0x02}, /* 试 */
    {0x90,0x00,0x90,0x04,0x90,0x04,0x9F,0x04,0xA2,0x04,0xD2,0x04,0x92,0x04,0x94,0x05,0x88,0x06,0x94,0x04,0xA2,0x00,0xC1,0x00}, /* 收 */
    {0x1E,0x00,0xE0,0x03,0x20,0x00,0x20,0x00,0xFE,0x03,0x20,0x00,0x20,0x00,0xFF,0x07,0x20,0x00,0x20,0x00,0x20,0x00,0xE0,0x00}, /* 手 */
    {0x04,0x01,0x88,0x00,0xFF,0x07,0x20,0x00,0xFE,0x03,0x02,0x02,0xFE,0x03,0x02,0x02,0xFE,0x03,0x02,0x02,0xFE,0x03,0x02,0x02}, /* 首 */
    {0x40,0x00,0x20,0x00,0xFF,0x07,0x01,0x04,0x08,0x00,0x08,0x00,0xFF,0x07,0x08,0x00,0x08,0x01,0x88,0x00,0x08,0x00,0x38,0x00}, /* 守 */
    {0x20,0x00,0xFE,0x03,0x20,0x00,0xFC,0x01,0x40,0x00,0xFF,0x07,0x84,0x00,0xFF,0x01,0x44,0x01,0x24,0x02,0x04,0x04,0x1C,0x00}, /* 寿 */
    {0x03,0x02,0xFC,0x02,0x51,0x02,0x2A,0x07,0xFF,0x02,0x81,0x02,0x7E,0x03,0x42,0x06,0x24,0x02,0x18,0x02,0x24,0x02,0xC3,0x06}, /* 授 */
    {0x10,0x01,0xFF,0x01,0x10,0x02,0xFE,0x07,0x10,0x02,0xFE,0x03,0x10,0x02,0xFF,0x03,0x00,0x00,0xFE,0x03,0x02,0x02,0xFE,0x03}, /* 售 */
    {0x1F,0x00,0xE0,0x07,0x42,0x02,0x24,0x01,0xFF,0x07,0x01,0x04,0xFD,0x05,0x04,0x01,0x88,0x00,0x70,0x00,0x8C,0x01,0x03,0x06}, /* 受 */
    {0x20,0x00,0xFF,0x03,0x56,0x02,0x92,0x06,0xD6,0x02,0x92,0x02,0xFE,0x02,0x10,0x02,0xFE,0x06,0x42,0x02,0x3C,0x02,0xC3,0x05}, /* 瘦 */
    {0x88,0x00,0xFE,0x03,0x22,0x02,0xFE,0x03,0x22,0x02,0xFE,0x03,0x00,0x00,0xFF,0x07,0x00,0x00,0xFE,0x03,0x02,0x02,0xFE,0x03}, /* 兽 */
    {0x88,0x00,0xFF,0x07,0x88,0x00,0x04,0x00,0xBF,0x07,0x88,0x00,0x12,0x01,0xBF,0x05,0x01,0x05,0x2A,0x05,0xAA,0x05,0x4B,0x06}, /* 蔬 */
    {0x00,0x01,0x7F,0x01,0x40,0x01,0xD2,0x07,0x4A,0x01,0x4A,0x03,0xC4,0x03,0x44,0x05,0x4A,0x01,0x52,0x01,0x40,0x01,0x7F,0x01}, /* 枢 */
    {0x10,0x01,0x08,0x01,0x7F,0x01,0x90,0x07,0x22,0x01,0x7F,0x03,0x81,0x03,0x54,0x05,0x54,0x01,0x54,0x01,0x55,0x01,0x83,0x01}, /* 梳 */
    {0x08,0x00,0xA8,0x07,0x3E,0x02,0x48,0x02,0x88,0x03,0xFF,0x02,0x88,0x02,0x9C,0x05,0xAA,0x00,0x49,0x01,0x08,0x02,0x08,0x04}, /* 殊 */
    {0x00,0x01,0x3E,0x01,0x02,0x01,0x94,0x07,0x08,0x01,0x7F,0x01,0x89,0x01,0x08,0x07,0x08,0x01,0x08,0x01,0x08,0x01,0x38,0x03}, /* 抒 */
    {0x08,0x01,0x14,0x01,0xA2,0x07,0x5D,0x02,0x00,0x05,0xF1,0x07,0x55,0x01,0xF5,0x01,0x55,0x07,0x75,0x01,0x51,0x01,0x53,0x01}, /* 输 */
    {0x80,0x00,0xEF,0x00,0x89,0x00,0x89,0x00,0xE9,0x07,0x0A,0x00,0x8A,0x00,0xC4,0x02,0xA4,0x02,0x8A,0x04,0x92,0x00,0xA1,0x01}, /* 叔 */
    {0x00,0x01,0x9F,0x02,0x41,0x04,0x8A,0x03,0x04,0x01,0xDF,0x07,0x05,0x01,0xC4,0x07,0x44,0x04,0x44,0x04,0xC4,0x07,0x5C,0x04}, /* 舒 */
    {0x40,0x00,0x5E,0x04,0x6A,0x02,0x4A,0x00,0xFA,0x01,0x0A,0x04,0x4A,0x02,0x4A,0x00,0xE4,0x00,0x54,0x03,0x4A,0x04,0xD1,0x00}, /* 淑 */
    {0x08,0x00,0x84,0x07,0xBF,0x00,0x08,0x01,0x12,0x01,0x3F,0x05,0x81,0x05,0x2A,0x05,0x2A,0x05,0xAA,0x05,0x2A,0x06,0x43,0x00}, /* 疏 */
    {0x44,0x00,0x42,0x00,0xFC,0x03,0x44,0x00,0x44,0x00,0x44,0x00,0xFF,0x07,0x41,0x00,0x41,0x00,0x41,0x00,0x46,0x00,0x40,0x00}, /* 书 */
    {0x04,0x00,0xDF,0x07,0x44,0x04,0x5F,0x05,0x41,0x05,0x4A,0x05,0x56,0x05,0x4A,0x05,0x5F,0x05,0x04,0x01,0x8A,0x02,0x51,0x04}, /* 赎 */
    {0x88,0x00,0xE8,0x07,0x1E,0x00,0xCA,0x03,0x4A,0x02,0xDA,0x03,0x0E,0x00,0xCA,0x03,0x4A,0x00,0xEA,0x07,0x93,0x00,0xA1,0x01}, /* 孰 */
    {0x08,0x01,0xE8,0x07,0x5E,0x02,0xCA,0x03,0x0A,0x00,0xDA,0x03,0x4E,0x00,0xEA,0x07,0x93,0x00,0xA1,0x01,0x92,0x02,0x49,0x04}, /* 熟 */
    {0x88,0x00,0xFF,0x07,0x88,0x00,0xFE,0x03,0x52,0x02,0xFE,0x03,0x40,0x00,0xFF,0x07,0x02,0x01,0xFE,0x03,0x02,0x05,0xFE,0x01}, /* 薯 */
    {0xFE,0x03,0x22,0x02,0x12,0x02,0xFE,0x03,0x44,0x00,0xE8,0x01,0x50,0x00,0xFF,0x07,0x84,0x00,0xFC,0x01,0x84,0x06,0xFC,0x00}, /* 暑 */
    {0x7F,0x00,0x55,0x07,0x7F,0x05,0x10,0x05,0x3A,0x05,0x14,0x07,0xFF,0x05,0x22,0x05,0x7E,0x05,0xA2,0x07,0x3E,0x05,0x22,0x00}, /* 曙 */
    {0xFE,0x03,0x52,0x02,0xFE,0x03,0x24,0x00,0xF4,0x01,0x28,0x00,0xFF,0x07,0x84,0x00,0xFC,0x01,0x84,0x06,0xFC,0x00,0x84,0x00}, /* 署 */
    {0xFE,0x03,0x52,0x02,0xFE,0x03,0x00,0x01,0xFF,0x01,0x41,0x02,0xF9,0x07,0x49,0x02,0xF9,0x03,0x45,0x00,0xFD,0x07,0x06,0x00}, /* 蜀 */
    {0x1C,0x00,0xE0,0x01,0x20,0x00,0xFF,0x07,0x24,0x01,0x52,0x02,0x8C,0x01,0x23,0x06,0x24,0x01,0xA8,0x00,0x24,0x01,0x62,0x02}, /* 黍 */
    {0x40,0x00,0x9E,0x03,0x02,0x02,0xDE,0x03,0x02,0x02,0xFE,0x03,0x24,0x02,0x34,0x03,0x24,0x02,0x35,0x03,0x23,0x02,0x31,0x03}, /* 鼠 */
    {0xFF,0x03,0x01,0x02,0xFF,0x03,0x10,0x02,0xFE,0x02,0x92,0x02,0xFE,0x02,0x10,0x02,0xFF,0x03,0x15,0x03,0x7D,0x03,0x03,0x05}, /* 属 */
    {0x24,0x00,0x22,0x00,0x20,0x00,0xFF,0x07,0x70,0x00,0xA8,0x00,0xA8,0x00,0x24,0x01,0x22,0x02,0x21,0x04,0x20,0x00,0x20,0x00}, /* 术 */
    {0x0A,0x02,0x09,0x01,0x08,0x00,0x7F,0x00,0x08,0x07,0x1C,0x01,0x2A,0x01,0x49,0x01,0x08,0x01,0x08,0x01,0x80,0x02,0x7F,0x04}, /* 述 */
    {0x02,0x01,0x02,0x01,0x72,0x01,0x9F,0x07,0x52,0x01,0x52,0x03,0xAA,0x03,0x26,0x05,0x52,0x01,0x92,0x01,0x02,0x01,0x06,0x01}, /* 树 */
    {0x20,0x00,0xFF,0x07,0x20,0x00,0xFE,0x03,0x22,0x02,0x22,0x02,0xFE,0x03,0x70,0x00,0xA8,0x00,0x24,0x01,0x23,0x06,0x20,0x00}, /* 束 */
    {0xBE,0x00,0x82,0x04,0x94,0x04,0x88,0x04,0x94,0x04,0xA2,0x00,0x20,0x00,0xFE,0x03,0x00,0x00,0x04,0x01,0x88,0x00,0xFF,0x07}, /* 竖 */
    {0x10,0x00,0xFF,0x03,0x00,0x02,0x44,0x02,0x44,0x02,0xFF,0x03,0x44,0x02,0x44,0x02,0x7C,0x02,0x00,0x02,0xAA,0x02,0x15,0x05}, /* 庶 */
    {0x88,0x00,0xA8,0x02,0x88,0x00,0xEF,0x07,0x92,0x01,0xCA,0x02,0xAA,0x04,0x0A,0x01,0xCA,0x07,0x44,0x02,0x8A,0x01,0x51,0x06}, /* 数 */
    {0x00,0x01,0x1E,0x01,0xD2,0x07,0x52,0x02,0x52,0x02,0x92,0x01,0x5E,0x02,0x00,0x04,0x22,0x00,0x91,0x02,0x85,0x02,0x7C,0x04}, /* 恕 */
    {0xF1,0x03,0x11,0x02,0x15,0x02,0xF5,0x03,0x45,0x02,0x45,0x02,0xF5,0x03,0x55,0x03,0x55,0x05,0x51,0x01,0x71,0x01,0x43,0x00}, /* 刷 */
    {0x00,0x00,0xFF,0x07,0x20,0x00,0xFE,0x03,0x52,0x02,0x52,0x02,0x06,0x02,0x40,0x00,0xFF,0x07,0x88,0x01,0x70,0x00,0x8E,0x07}, /* 耍 */
    {0x08,0x01,0x7F,0x01,0x08,0x01,0x94,0x07,0x5D,0x01,0x2A,0x01,0xD5,0x01,0x1C,0x07,0x08,0x01,0x7F,0x01,0x08,0x01,0x08,0x03}, /* 摔 */
    {0x20,0x00,0xFF,0x07,0x00,0x00,0xFC,0x01,0x04,0x01,0xFF,0x07,0x04,0x01,0xFC,0x01,0x50,0x00,0x8A,0x01,0xA4,0x06,0xC3,0x00}, /* 衰 */
    {0xFE,0x03,0x22,0x02,0x22,0x02,0xFE,0x03,0x22,0x02,0x22,0x02,0xFE,0x03,0x22,0x02,0x22,0x02,0x2E,0x02,0x21,0x04,0x1F,0x00}, /* 甩 */
    {0x08,0x01,0x08,0x01,0x7F,0x05,0x49,0x05,0x49,0x05,0x49,0x05,0x49,0x05,0x49,0x05,0x49,0x05,0x4B,0x01,0x08,0x02,0x08,0x04}, /* 帅 */
    {0x08,0x01,0x08,0x01,0x14,0x01,0xA2,0x07,0x41,0x01,0x3E,0x03,0x88,0x03,0x08,0x05,0x3E,0x01,0x08,0x01,0x08,0x01,0x7F,0x01}, /* 栓 */
    {0x08,0x01,0x08,0x01,0x14,0x01,0xA2,0x07,0x41,0x01,0x3E,0x01,0x88,0x01,0x08,0x07,0x3E,0x01,0x08,0x01,0x08,0x01,0x7F,0x03}, /* 拴 */
    {0xFE,0x03,0x20,0x00,0xFF,0x07,0xA9,0x04,0x00,0x01,0x3F,0x01,0xE1,0x07,0x3F,0x01,0xA1,0x03,0x7F,0x05,0x21,0x01,0x3F,0x01}, /* 霜 */
    {0x00,0x00,0xDF,0x07,0x51,0x00,0x51,0x00,0x51,0x04,0x8A,0x02,0x8A,0x02,0x04,0x01,0x04,0x01,0x8A,0x02,0x92,0x02,0x21,0x04}, /* 双 */
    {0x20,0x00,0xFF,0x07,0xAA,0x02,0x24,0x01,0xAA,0x02,0x20,0x00,0xAA,0x02,0x24,0x01,0xAA,0x02,0x50,0x00,0x8C,0x01,0x03,0x06}, /* 爽 */
    {0x28,0x02,0x24,0x01,0x7F,0x00,0x48,0x00,0xC8,0x06,0x7E,0x03,0x48,0x02,0x48,0x02,0x7E,0x02,0x48,0x03,0x48,0x02,0x7F,0x00}, /* 谁 */
    {0x20,0x00,0x20,0x00,0x21,0x00,0xB2,0x03,0xB4,0x00,0xA8,0x00,0xA8,0x00,0x24,0x01,0x24,0x01,0x22,0x02,0x21,0x04,0xE0,0x00}, /* 水 */
    {0x06,0x00,0x38,0x07,0x08,0x05,0x7F,0x05,0x2A,0x07,0x2A,0x05,0xFF,0x05,0x2A,0x07,0x2A,0x05,0x7F,0x05,0x08,0x07,0x3E,0x05}, /* 睡 */
    {0xA2,0x00,0x14,0x07,0x00,0x01,0x3E,0x01,0xA2,0x07,0x22,0x01,0x3E,0x03,0x94,0x03,0x14,0x05,0x14,0x01,0x25,0x01,0x43,0x01}, /* 税 */
    {0x07,0x00,0x78,0x07,0x51,0x05,0x2A,0x05,0x7F,0x07,0x41,0x05,0x22,0x05,0x37,0x07,0x5A,0x05,0x2F,0x05,0x22,0x07,0x42,0x05}, /* 瞬 */
    {0x5F,0x00,0x44,0x04,0x48,0x05,0x5F,0x05,0x51,0x05,0x55,0x05,0x55,0x05,0x55,0x05,0x55,0x05,0x44,0x05,0x4A,0x04,0x51,0x00}, /* 顺 */
    {0x1F,0x00,0xE0,0x07,0x42,0x02,0x24,0x01,0xFF,0x07,0x05,0x05,0xDE,0x01,0x44,0x02,0x54,0x05,0x9F,0x00,0x04,0x01,0x04,0x02}, /* 舜 */
    {0x42,0x02,0x24,0x01,0x00,0x00,0x7E,0x00,0x42,0x06,0x42,0x02,0x42,0x02,0x7E,0x02,0xA4,0x02,0x24,0x03,0x45,0x02,0x83,0x00}, /* 说 */
    {0x00,0x00,0xBF,0x07,0x08,0x01,0x10,0x01,0x3E,0x02,0xA2,0x03,0xAA,0x06,0xAA,0x02,0xAA,0x02,0x94,0x03,0x22,0x02,0x41,0x00}, /* 硕 */
    {0x20,0x02,0x4F,0x01,0x09,0x00,0xE9,0x07,0x8F,0x00,0xA9,0x02,0xA9,0x02,0xEF,0x03,0xA9,0x00,0x89,0x00,0x09,0x01,0x13,0x02}, /* 朔 */
    {0x06,0x01,0x38,0x01,0x60,0x01,0xA8,0x05,0x28,0x05,0x3F,0x05,0x08,0x05,0x2A,0x01,0x29,0x01,0xC9,0x02,0x48,0x02,0x18,0x04}, /* 烁 */
    {0x42,0x02,0x5C,0x02,0xF0,0x07,0x50,0x02,0xDF,0x03,0x52,0x02,0xD2,0x03,0x52,0x02,0xF2,0x07,0x12,0x00,0x52,0x02,0x22,0x04}, /* 斯 */
    {0xA1,0x02,0xAE,0x02,0xF8,0x07,0xA8,0x02,0xEF,0x02,0xAA,0x02,0xEA,0x03,0xAA,0x06,0xFA,0x03,0x0A,0x02,0xAA,0x02,0x12,0x07}, /* 撕 */
    {0x51,0x00,0x56,0x07,0xFC,0x05,0x54,0x05,0x77,0x05,0x55,0x05,0x75,0x05,0x55,0x05,0xFD,0x07,0x05,0x05,0x55,0x00,0x89,0x00}, /* 嘶 */
    {0xFE,0x03,0x22,0x02,0x22,0x02,0xFE,0x03,0x22,0x02,0x22,0x02,0xFE,0x03,0x20,0x00,0x92,0x02,0x91,0x02,0x85,0x04,0x7C,0x00}, /* 思 */
    {0x44,0x00,0x84,0x03,0x84,0x00,0x84,0x00,0xE4,0x07,0x88,0x00,0xC8,0x01,0xA8,0x02,0x8A,0x04,0x91,0x00,0xBF,0x00,0x81,0x00}, /* 私 */
    {0x00,0x00,0xFE,0x03,0x02,0x00,0xFA,0x07,0x02,0x00,0xF2,0x03,0x12,0x02,0x12,0x02,0x12,0x02,0xF2,0x03,0x02,0x02,0x1C,0x00}, /* 司 */
    {0x84,0x00,0x04,0x01,0x08,0x02,0x51,0x04,0x9E,0x07,0x04,0x01,0x08,0x02,0x10,0x04,0xDF,0x07,0x00,0x00,0x00,0x00,0xFF,0x07}, /* 丝 */
    {0x00,0x00,0xFF,0x07,0x10,0x01,0x10,0x01,0xD1,0x01,0x52,0x02,0x54,0x05,0x98,0x00,0x90,0x00,0x11,0x01,0x11,0x02,0x0F,0x04}, /* 死 */
    {0x08,0x00,0xBE,0x03,0x0A,0x02,0xBF,0x03,0x0A,0x02,0xBE,0x03,0x08,0x02,0xBE,0x07,0x08,0x02,0xBF,0x04,0xC8,0x07,0x48,0x00}, /* 肆 */
    {0x20,0x00,0xFE,0x03,0x20,0x00,0x20,0x00,0xFF,0x07,0x08,0x00,0x08,0x00,0xFF,0x07,0x08,0x01,0x88,0x00,0x08,0x00,0x38,0x00}, /* 寺 */
    {0xDF,0x07,0x41,0x04,0xDD,0x07,0x01,0x00,0xDD,0x07,0x55,0x05,0x55,0x05,0xD5,0x07,0x5D,0x05,0x51,0x05,0x41,0x05,0xC6,0x04}, /* 嗣 */
    {0x00,0x00,0xFF,0x03,0x49,0x02,0x49,0x02,0x49,0x02,0x49,0x02,0x49,0x02,0x87,0x02,0x01,0x03,0x01,0x02,0xFF,0x03,0x01,0x02}, /* 四 */
    {0x00,0x01,0x7F,0x01,0x01,0x02,0xFD,0x02,0x01,0x06,0x7D,0x02,0x45,0x02,0x45,0x02,0x7D,0x02,0x41,0x02,0x01,0x02,0x0E,0x02}, /* 伺 */
    {0x02,0x01,0x52,0x01,0x4A,0x02,0x4A,0x02,0x42,0x06,0x44,0x02,0x44,0x02,0x54,0x02,0x6A,0x02,0x4A,0x02,0x11,0x02,0x21,0x02}, /* 似 */
    {0x00,0x02,0x7F,0x02,0x01,0x03,0x7D,0x05,0x01,0x00,0x7D,0x02,0x45,0x02,0x45,0x02,0x7D,0x02,0x41,0x02,0x01,0x03,0x0E,0x02}, /* 饲 */
    {0x00,0x00,0xFE,0x03,0x02,0x02,0x02,0x02,0x02,0x02,0x02,0x02,0xFE,0x03,0x00,0x02,0x00,0x02,0x01,0x02,0x01,0x02,0xFF,0x01}, /* 巳 */
    {0x14,0x01,0x14,0x01,0x14,0x01,0xA2,0x07,0x22,0x01,0x49,0x03,0x88,0x03,0x10,0x05,0x14,0x01,0x22,0x01,0x3E,0x01,0x02,0x01}, /* 松 */
    {0x88,0x00,0x88,0x00,0x54,0x01,0x22,0x02,0xFF,0x07,0x04,0x01,0xFC,0x01,0x04,0x01,0xFC,0x01,0x07,0x01,0xFC,0x07,0x04,0x00}, /* 耸 */
    {0x88,0x00,0x88,0x00,0x88,0x00,0x54,0x01,0x22,0x02,0x41,0x04,0x00,0x00,0x20,0x00,0x92,0x02,0x91,0x02,0x85,0x04,0x7C,0x00}, /* 怂 */
    {0x9F,0x00,0x84,0x02,0x48,0x02,0x5F,0x04,0x51,0x04,0x15,0x01,0x15,0x01,0x15,0x02,0x95,0x02,0x44,0x04,0xCA,0x07,0x51,0x00}, /* 颂 */
    {0x44,0x04,0x28,0x02,0x00,0x00,0xFE,0x00,0x10,0x06,0x10,0x02,0xFF,0x03,0x10,0x02,0x28,0x02,0x44,0x02,0x82,0x02,0xFF,0x05}, /* 送 */
    {0x40,0x00,0x20,0x00,0xFF,0x07,0x01,0x04,0x20,0x00,0x20,0x00,0xFF,0x07,0x70,0x00,0xA8,0x00,0x24,0x01,0x23,0x06,0x20,0x00}, /* 宋 */
    {0x24,0x02,0x24,0x01,0x24,0x00,0x42,0x00,0x42,0x06,0x91,0x02,0x10,0x02,0x20,0x02,0xA4,0x02,0x42,0x03,0x7E,0x02,0x02,0x00}, /* 讼 */
    {0x7E,0x02,0x02,0x01,0x14,0x00,0x08,0x00,0x7F,0x06,0x49,0x02,0x7F,0x02,0x49,0x02,0x7F,0x02,0x49,0x03,0x49,0x02,0x43,0x00}, /* 诵 */
    {0x08,0x01,0x2B,0x01,0x49,0x01,0xEB,0x07,0x49,0x01,0x7F,0x01,0x88,0x01,0x7F,0x07,0x21,0x01,0x12,0x01,0x0C,0x01,0x73,0x03}, /* 搜 */
    {0x08,0x01,0x9B,0x03,0xA9,0x02,0xBB,0x03,0xA9,0x02,0xBF,0x07,0x88,0x02,0xBF,0x03,0x91,0x02,0x8A,0x02,0x8C,0x02,0xB3,0x05}, /* 艘 */
    {0x44,0x00,0x44,0x07,0xF7,0x05,0x49,0x05,0xF1,0x05,0x54,0x05,0xF4,0x05,0x44,0x05,0x64,0x07,0xDA,0x04,0x4A,0x01,0x51,0x00}, /* 嗽 */
    {0x88,0x00,0xFF,0x07,0x88,0x00,0x40,0x00,0xFC,0x03,0x44,0x00,0x46,0x02,0x45,0x02,0x85,0x02,0x84,0x04,0x04,0x01,0x38,0x02}, /* 苏 */
    {0x01,0x00,0xF6,0x07,0x42,0x01,0xF2,0x07,0x5F,0x05,0x52,0x05,0x32,0x06,0x17,0x04,0xFA,0x07,0x12,0x04,0xF2,0x07,0x12,0x04}, /* 酥 */
    {0x94,0x00,0xA2,0x00,0x49,0x01,0x08,0x01,0x14,0x03,0x22,0x05,0x41,0x01,0x3E,0x01,0x22,0x01,0x22,0x01,0x3E,0x01,0x22,0x01}, /* 俗 */
    {0x20,0x00,0xFF,0x07,0x20,0x00,0xFE,0x03,0x20,0x00,0xFF,0x07,0x88,0x00,0xF0,0x01,0x44,0x00,0xFE,0x03,0x24,0x01,0x62,0x02}, /* 素 */
    {0x10,0x04,0xFF,0x02,0x10,0x00,0xFE,0x00,0x92,0x06,0x92,0x02,0xFE,0x02,0x38,0x02,0x54,0x02,0x92,0x02,0x10,0x02,0xFF,0x05}, /* 速 */
    {0xFF,0x07,0x50,0x00,0xFE,0x03,0x52,0x02,0x52,0x02,0xFE,0x03,0x24,0x01,0xA8,0x00,0xFF,0x07,0xA8,0x00,0x24,0x01,0x23,0x06}, /* 粟 */
    {0x2F,0x02,0x49,0x01,0xEF,0x07,0x89,0x00,0xAF,0x02,0xE9,0x03,0x11,0x01,0x23,0x06,0x20,0x00,0xFE,0x03,0x20,0x00,0xFF,0x07}, /* 塑 */
    {0x40,0x00,0x20,0x00,0xFF,0x07,0x01,0x04,0xFE,0x01,0x20,0x02,0xFE,0x06,0x82,0x02,0xFE,0x02,0x82,0x02,0xFE,0x02,0x82,0x02}, /* 宿 */
    {0x0E,0x02,0x70,0x01,0x40,0x00,0x40,0x00,0x7F,0x06,0x44,0x02,0x44,0x02,0x5C,0x02,0xC6,0x02,0x45,0x03,0x44,0x02,0x84,0x00}, /* 诉 */
    {0x20,0x00,0xFE,0x03,0x22,0x00,0xFF,0x07,0x22,0x00,0xFE,0x03,0x20,0x00,0x22,0x02,0x72,0x02,0xAA,0x02,0x22,0x02,0x22,0x04}, /* 肃 */
    {0x08,0x00,0xD2,0x07,0x1F,0x01,0xC1,0x07,0x52,0x05,0x69,0x05,0xCE,0x06,0x52,0x04,0xEA,0x07,0x44,0x04,0xCA,0x07,0x51,0x04}, /* 酸 */
    {0x88,0x00,0xFF,0x07,0x88,0x00,0x00,0x00,0x8E,0x03,0x00,0x00,0xDF,0x07,0x04,0x01,0x8E,0x03,0x55,0x05,0x04,0x01,0x0C,0x03}, /* 蒜 */
    {0x08,0x02,0xCF,0x03,0x92,0x04,0xFC,0x01,0x04,0x01,0xFC,0x01,0x04,0x01,0xFC,0x01,0x04,0x01,0xFF,0x07,0x88,0x00,0x08,0x01}, /* 算 */
    {0xFC,0x01,0x04,0x01,0x04,0x01,0xFC,0x01,0x20,0x00,0xFE,0x03,0x22,0x02,0x22,0x02,0xFE,0x03,0x21,0x00,0xFF,0x07,0x01,0x00}, /* 虽 */
    {0x10,0x07,0x7F,0x05,0x20,0x05,0x5E,0x05,0x08,0x06,0x7F,0x06,0x22,0x05,0x3E,0x05,0x22,0x05,0x3E,0x06,0x22,0x04,0x26,0x04}, /* 隋 */
    {0x08,0x07,0x7F,0x05,0x10,0x05,0xBE,0x05,0x52,0x06,0x1E,0x06,0xD2,0x05,0x5E,0x05,0x52,0x05,0x56,0x06,0x40,0x04,0xBF,0x04}, /* 随 */
    {0x07,0x01,0x78,0x01,0x11,0x02,0xCA,0x04,0x20,0x07,0x08,0x01,0x7F,0x02,0x92,0x07,0x32,0x00,0x8C,0x01,0x12,0x06,0x61,0x00}, /* 绥 */
    {0x84,0x03,0x9F,0x02,0x88,0x02,0xDF,0x07,0x64,0x04,0x9F,0x03,0xE9,0x02,0xAF,0x03,0xA9,0x02,0xAB,0x03,0xA0,0x02,0xDF,0x02}, /* 髓 */
    {0x10,0x00,0x88,0x07,0x7F,0x01,0x22,0x01,0x22,0x02,0xD5,0x03,0x80,0x06,0x88,0x02,0xFF,0x02,0x88,0x03,0x88,0x02,0x08,0x00}, /* 碎 */
    {0x20,0x00,0x22,0x02,0x22,0x02,0xFE,0x03,0x40,0x00,0x40,0x00,0xFE,0x00,0x02,0x03,0x84,0x00,0x58,0x00,0xE0,0x00,0x00,0x07}, /* 岁 */
    {0x88,0x00,0x7F,0x07,0x08,0x01,0x3E,0x01,0xAA,0x07,0x3E,0x01,0xAA,0x03,0x7F,0x03,0x10,0x05,0x0A,0x01,0x35,0x01,0x5D,0x01}, /* 穗 */
    {0x42,0x04,0x24,0x02,0xFF,0x00,0x20,0x00,0x51,0x06,0x9A,0x02,0x2C,0x02,0xDA,0x02,0x29,0x02,0xC9,0x02,0x30,0x02,0xFF,0x05}, /* 遂 */
    {0x22,0x07,0x94,0x05,0x7F,0x05,0x08,0x05,0x15,0x06,0xEE,0x06,0x54,0x05,0x6E,0x05,0x55,0x05,0x6C,0x06,0x40,0x04,0xBF,0x04}, /* 隧 */
    {0x20,0x00,0x22,0x02,0xFE,0x03,0x21,0x04,0xFF,0x07,0x00,0x00,0xFE,0x03,0x00,0x00,0xFF,0x07,0x20,0x00,0x24,0x01,0x62,0x02}, /* 祟 */
    {0x08,0x00,0x88,0x07,0x88,0x00,0x88,0x00,0x2A,0x01,0x2A,0x01,0xA9,0x01,0x29,0x07,0x49,0x01,0x08,0x01,0x08,0x01,0x18,0x03}, /* 孙 */
    {0x3E,0x02,0x22,0x02,0x3E,0x02,0x00,0x07,0x7F,0x02,0x41,0x02,0x49,0x03,0x49,0x06,0x49,0x02,0x14,0x02,0x22,0x02,0x41,0x06}, /* 损 */
    {0x08,0x02,0xCF,0x03,0x14,0x05,0x82,0x00,0xFC,0x03,0x44,0x00,0xFF,0x07,0x44,0x00,0xFC,0x03,0x84,0x00,0x00,0x01,0x00,0x06}, /* 笋 */
    {0x10,0x01,0x22,0x01,0x7F,0x01,0x81,0x07,0x22,0x01,0x51,0x03,0x9E,0x03,0x22,0x05,0x54,0x01,0x08,0x01,0x14,0x01,0x63,0x01}, /* 梭 */
    {0x08,0x01,0x7F,0x01,0x41,0x02,0x90,0x04,0x2F,0x07,0x64,0x01,0x2F,0x02,0xA9,0x07,0x2F,0x00,0xA9,0x01,0x2F,0x06,0x29,0x00}, /* 缩 */
    {0x08,0x00,0x49,0x07,0x2A,0x02,0x08,0x02,0x7F,0x02,0x41,0x07,0x49,0x02,0x49,0x02,0x49,0x02,0x14,0x03,0x22,0x06,0xC1,0x00}, /* 琐 */
    {0x20,0x00,0xFE,0x03,0x20,0x00,0xFF,0x07,0x41,0x04,0x88,0x00,0xF0,0x01,0x44,0x00,0xFE,0x03,0x20,0x00,0x24,0x01,0x62,0x02}, /* 索 */
    {0x08,0x02,0x49,0x03,0x2A,0x04,0x08,0x00,0x7F,0x07,0x41,0x02,0x49,0x02,0x49,0x07,0x49,0x02,0x14,0x02,0x22,0x03,0xC1,0x02}, /* 锁 */
    {0x43,0x00,0x9C,0x03,0x10,0x02,0x10,0x02,0xDF,0x03,0x52,0x02,0x52,0x02,0xD2,0x03,0x52,0x02,0x12,0x02,0x22,0x02,0x42,0x04}, /* 所 */
    {0x3E,0x02,0x22,0x02,0x3E,0x02,0x22,0x02,0x3E,0x07,0x00,0x02,0x77,0x02,0x11,0x02,0x55,0x02,0x33,0x03,0x55,0x06,0x33,0x00}, /* 塌 */
    {0x88,0x00,0x88,0x00,0x2B,0x01,0x2D,0x01,0x39,0x03,0x69,0x05,0x29,0x01,0x2B,0x01,0x28,0x01,0x21,0x01,0x21,0x01,0x1F,0x01}, /* 他 */
    {0x40,0x00,0x20,0x00,0xFF,0x07,0x01,0x04,0x01,0x05,0x0C,0x01,0x30,0x01,0xC0,0x01,0x00,0x01,0x02,0x01,0x02,0x01,0xFE,0x00}, /* 它 */
    {0x08,0x01,0x08,0x01,0x2B,0x01,0xAD,0x07,0xB9,0x02,0xE9,0x02,0xA9,0x02,0xAB,0x04,0xA8,0x02,0x21,0x01,0xA1,0x02,0x9F,0x04}, /* 她 */
    {0x22,0x01,0x7F,0x01,0x22,0x01,0x08,0x01,0x94,0x07,0x22,0x01,0x5D,0x01,0x00,0x01,0x3E,0x01,0xA2,0x01,0x3E,0x06,0x22,0x00}, /* 塔 */
    {0x24,0x01,0x27,0x05,0xF9,0x02,0x22,0x06,0xFF,0x02,0xAD,0x02,0xFD,0x02,0x25,0x06,0x75,0x02,0xA2,0x02,0x25,0x02,0x29,0x04}, /* 獭 */
    {0x44,0x01,0x24,0x01,0x04,0x01,0x8F,0x07,0x64,0x01,0x24,0x01,0xA4,0x01,0x2A,0x07,0x29,0x01,0x31,0x01,0x60,0x01,0x9F,0x03}, /* 挞 */
    {0x3E,0x00,0xA2,0x07,0xBE,0x04,0xA2,0x04,0xBE,0x07,0x00,0x01,0x77,0x01,0x91,0x05,0x55,0x05,0x33,0x05,0xD5,0x05,0x33,0x06}, /* 蹋 */
    {0x08,0x00,0x6D,0x07,0x2A,0x05,0x2A,0x05,0x59,0x07,0x00,0x01,0x7F,0x01,0xC1,0x05,0x7F,0x05,0x41,0x05,0xFF,0x05,0x41,0x06}, /* 踏 */
    {0x08,0x00,0x88,0x03,0x90,0x02,0xA2,0x02,0xBF,0x03,0x81,0x02,0xBE,0x02,0xA2,0x03,0xA2,0x02,0xA2,0x02,0xBE,0x02,0xA2,0x05}, /* 胎 */
    {0x88,0x00,0xFF,0x07,0x88,0x00,0x00,0x01,0x02,0x02,0xFF,0x07,0x01,0x00,0xFE,0x03,0x02,0x02,0x02,0x02,0xFE,0x03,0x02,0x02}, /* 苔 */
    {0x08,0x01,0x08,0x01,0x10,0x01,0xA2,0x07,0x7F,0x01,0x01,0x01,0xBE,0x01,0x22,0x07,0x22,0x01,0x22,0x01,0x3E,0x01,0x22,0x03}, /* 抬 */
    {0x40,0x00,0x80,0x00,0x04,0x01,0x02,0x02,0xFF,0x07,0x01,0x00,0xFE,0x03,0x02,0x02,0x02,0x02,0x02,0x02,0xFE,0x03,0x02,0x02}, /* 台 */
    {0x20,0x00,0xFE,0x03,0x40,0x00,0xFC,0x01,0x80,0x00,0xFF,0x07,0x24,0x01,0x22,0x02,0x75,0x05,0xA8,0x00,0x24,0x01,0x63,0x06}, /* 泰 */
    {0xC8,0x07,0x08,0x01,0xC8,0x07,0x7F,0x05,0x48,0x05,0xC8,0x06,0x54,0x04,0xD4,0x07,0x54,0x04,0x6A,0x04,0xEA,0x07,0x41,0x04}, /* 酞 */
    {0x20,0x00,0x20,0x00,0x20,0x00,0xFF,0x07,0x20,0x00,0x50,0x00,0x50,0x00,0x90,0x00,0x88,0x00,0x48,0x01,0x24,0x02,0x03,0x04}, /* 太 */
    {0x20,0x00,0x20,0x00,0xFF,0x07,0x50,0x00,0x88,0x00,0x24,0x01,0x13,0x06,0x20,0x00,0x92,0x02,0x91,0x02,0x85,0x04,0x7C,0x00}, /* 态 */
    {0x10,0x02,0x10,0x01,0x10,0x00,0xFF,0x01,0x10,0x04,0x28,0x02,0x28,0x00,0x28,0x00,0x44,0x01,0x64,0x02,0x92,0x04,0x01,0x01}, /* 汰 */
    {0x00,0x01,0x3E,0x01,0x22,0x01,0xB2,0x07,0x2A,0x01,0x22,0x01,0x7F,0x01,0x22,0x01,0xA2,0x01,0x22,0x06,0x42,0x00,0x86,0x00}, /* 坍 */
    {0x05,0x02,0xE4,0x02,0x2F,0x02,0x2A,0x07,0xBA,0x02,0xAF,0x02,0x4A,0x03,0x4A,0x06,0xAF,0x02,0xAA,0x02,0x2A,0x03,0x0F,0x06}, /* 摊 */
    {0x20,0x00,0x50,0x00,0x8C,0x01,0x23,0x06,0xFC,0x01,0x08,0x00,0xFE,0x03,0x22,0x02,0x22,0x02,0x58,0x00,0x86,0x01,0x01,0x06}, /* 贪 */
    {0x10,0x00,0xFF,0x03,0x0C,0x02,0x0A,0x06,0xDF,0x03,0x74,0x02,0x5F,0x03,0x94,0x06,0x9F,0x02,0x54,0x03,0x5F,0x02,0x10,0x04}, /* 瘫 */
    {0x05,0x00,0xE4,0x04,0x2F,0x02,0x2A,0x00,0xBA,0x00,0xAF,0x04,0x4A,0x02,0x4A,0x00,0xAF,0x00,0xAA,0x02,0x2A,0x05,0x0F,0x00}, /* 滩 */
    {0x00,0x01,0x3E,0x01,0x00,0x01,0x00,0x01,0x80,0x07,0x7F,0x01,0x08,0x01,0x10,0x01,0x10,0x01,0xA2,0x01,0x7F,0x06,0x01,0x00}, /* 坛 */
    {0x08,0x01,0x7F,0x01,0x00,0x01,0xFF,0x07,0x55,0x01,0x5D,0x03,0xC1,0x03,0x7F,0x05,0x22,0x01,0x3E,0x01,0x22,0x01,0x7F,0x01}, /* 檀 */
    {0x10,0x00,0xFF,0x01,0x00,0x01,0x49,0x05,0x4A,0x03,0x94,0x01,0x22,0x01,0x09,0x03,0x4A,0x05,0x48,0x01,0x94,0x02,0x63,0x04}, /* 痰 */
    {0xFE,0x04,0x28,0x02,0xFF,0x01,0x29,0x01,0xFF,0x05,0x82,0x02,0xFE,0x00,0x82,0x00,0xFE,0x00,0x10,0x02,0xFF,0x05,0x10,0x00}, /* 潭 */
    {0x7F,0x02,0x14,0x01,0x7F,0x00,0x55,0x00,0x7F,0x07,0x22,0x01,0x3E,0x01,0x22,0x01,0x3E,0x01,0x88,0x01,0x7F,0x01,0x08,0x00}, /* 谭 */
    {0x08,0x02,0x29,0x01,0x2A,0x00,0x48,0x00,0x16,0x07,0x61,0x01,0x08,0x01,0x29,0x01,0x4A,0x01,0x94,0x01,0x22,0x01,0xC1,0x00}, /* 谈 */
    {0x00,0x02,0x7E,0x02,0x42,0x02,0x42,0x02,0x7E,0x07,0x42,0x02,0x42,0x02,0x42,0x02,0x7E,0x02,0x00,0x03,0x00,0x06,0xFF,0x00}, /* 坦 */
    {0x89,0x00,0x2A,0x07,0x48,0x01,0x94,0x01,0x22,0x07,0x08,0x01,0x2A,0x01,0xAC,0x01,0x48,0x07,0x14,0x01,0x23,0x01,0xFF,0x00}, /* 毯 */
    {0x00,0x02,0x3E,0x01,0xA2,0x07,0xA2,0x00,0x3E,0x01,0xA2,0x01,0x22,0x03,0xA2,0x05,0x3E,0x01,0x00,0x01,0x00,0x01,0x7F,0x01}, /* 袒 */
    {0x08,0x00,0xC9,0x07,0x7F,0x01,0x10,0x01,0x7F,0x02,0x90,0x03,0x94,0x06,0xA5,0x02,0xAE,0x02,0xD4,0x03,0x4A,0x02,0x91,0x00}, /* 碳 */
    {0x00,0x01,0x7F,0x01,0x41,0x01,0x94,0x07,0x22,0x01,0x08,0x01,0x7F,0x01,0x88,0x01,0x1C,0x07,0x2A,0x01,0x49,0x01,0x08,0x03}, /* 探 */
    {0x00,0x00,0x7F,0x07,0x21,0x05,0x21,0x05,0x21,0x05,0x22,0x05,0x12,0x05,0x14,0x05,0x08,0x07,0x14,0x05,0x22,0x00,0xC1,0x00}, /* 叹 */
    {0x20,0x00,0x22,0x02,0xFE,0x03,0x00,0x01,0xFF,0x07,0x10,0x01,0x52,0x01,0x54,0x01,0x90,0x02,0x28,0x02,0x44,0x02,0x83,0x04}, /* 炭 */
    {0x00,0x00,0xFE,0x04,0x04,0x02,0x18,0x00,0x60,0x00,0xFF,0x04,0x25,0x02,0x25,0x00,0x49,0x00,0x49,0x02,0x91,0x04,0x26,0x00}, /* 汤 */
    {0x08,0x02,0xFF,0x02,0x88,0x02,0xBE,0x07,0x8A,0x02,0xFF,0x02,0x8A,0x02,0xBE,0x02,0x88,0x03,0xBE,0x06,0xA2,0x00,0x3E,0x01}, /* 塘 */
    {0x22,0x02,0x24,0x01,0xFF,0x07,0x01,0x04,0xFC,0x01,0x04,0x01,0x04,0x01,0xFC,0x01,0x20,0x00,0xFE,0x03,0x20,0x00,0xFF,0x07}, /* 堂 */
    {0x24,0x01,0xA8,0x00,0xFF,0x07,0x01,0x04,0xFC,0x01,0x04,0x01,0xFC,0x01,0x20,0x00,0xFF,0x07,0xA8,0x00,0x24,0x01,0x23,0x06}, /* 棠 */
    {0x49,0x00,0xAA,0x03,0xFF,0x02,0xC1,0x02,0xBE,0x03,0xA2,0x02,0xA2,0x02,0xBE,0x03,0x88,0x02,0xBE,0x02,0x88,0x02,0xFF,0x05}, /* 膛 */
    {0x10,0x00,0xFF,0x03,0x10,0x02,0xFE,0x02,0x12,0x02,0xFF,0x03,0x12,0x02,0xFE,0x02,0x10,0x02,0xFE,0x02,0x82,0x02,0xFE,0x04}, /* 唐 */
    {0x08,0x01,0x7F,0x01,0x48,0x05,0xDE,0x03,0x4A,0x01,0xFF,0x07,0x4A,0x01,0xDE,0x03,0x48,0x05,0x5E,0x01,0x52,0x01,0x9E,0x01}, /* 糖 */
    {0x08,0x01,0xA9,0x03,0x9A,0x02,0x88,0x03,0xBF,0x02,0xA1,0x03,0xAF,0x02,0xAB,0x07,0xAB,0x01,0xAF,0x02,0xA1,0x04,0xA3,0x01}, /* 躺 */
    {0x08,0x00,0x49,0x02,0x2A,0x01,0x08,0x00,0x7F,0x04,0x41,0x02,0x5D,0x00,0x55,0x00,0x55,0x01,0x5D,0x02,0x41,0x04,0x43,0x00}, /* 淌 */
    {0x49,0x01,0x2A,0x01,0x88,0x07,0x7F,0x01,0x41,0x01,0xDD,0x07,0x55,0x01,0x5D,0x05,0xC1,0x05,0x43,0x05,0x00,0x07,0xFF,0x05}, /* 趟 */
    {0x7E,0x02,0x0C,0x01,0x30,0x00,0x7F,0x04,0x15,0x02,0x25,0x00,0xC9,0x02,0x03,0x04,0x22,0x01,0x24,0x02,0xD8,0x00,0x07,0x07}, /* 烫 */
    {0x40,0x02,0x7F,0x02,0xA1,0x02,0x3D,0x07,0x51,0x02,0x11,0x02,0x7D,0x03,0x11,0x06,0x55,0x02,0x7D,0x02,0x01,0x02,0x06,0x06}, /* 掏 */
    {0x10,0x00,0xFF,0x04,0x10,0x02,0x7E,0x00,0x20,0x00,0xFF,0x04,0x22,0x02,0x7F,0x00,0x52,0x00,0x8A,0x02,0x82,0x04,0x06,0x01}, /* 涛 */
    {0x0F,0x00,0xF0,0x05,0x11,0x02,0x8A,0x00,0x54,0x00,0xE7,0x04,0x81,0x02,0x81,0x00,0xE7,0x00,0x81,0x02,0x81,0x04,0xFF,0x00}, /* 滔 */
    {0x88,0x00,0xFF,0x07,0x88,0x02,0xFF,0x03,0x01,0x05,0xF9,0x01,0x41,0x02,0xFD,0x07,0x41,0x00,0x49,0x02,0xF9,0x03,0x06,0x00}, /* 萄 */
    {0x14,0x01,0x14,0x01,0x55,0x01,0xB6,0x07,0x14,0x01,0x14,0x03,0xB6,0x03,0x55,0x05,0x14,0x01,0x15,0x01,0x25,0x01,0x43,0x01}, /* 桃 */
    {0x28,0x04,0x28,0x02,0xAA,0x00,0x6C,0x00,0x28,0x06,0x6C,0x02,0xAA,0x02,0x28,0x02,0x49,0x02,0x87,0x02,0x00,0x02,0xFF,0x05}, /* 逃 */
    {0x40,0x00,0x7F,0x04,0xA1,0x02,0x3D,0x01,0x51,0x00,0x11,0x04,0xFD,0x02,0x11,0x00,0x55,0x01,0x7D,0x02,0x01,0x04,0x06,0x00}, /* 淘 */
    {0x40,0x00,0x7F,0x07,0xA1,0x05,0x3D,0x05,0x51,0x06,0x11,0x06,0xFD,0x05,0x11,0x05,0x55,0x05,0x7D,0x06,0x01,0x04,0x06,0x04}, /* 陶 */
    {0x02,0x02,0x02,0x01,0x02,0x00,0x7F,0x00,0x02,0x07,0x02,0x01,0x22,0x01,0x12,0x01,0x12,0x01,0x42,0x01,0x82,0x01,0x0E,0x01}, /* 讨 */
    {0x40,0x00,0xFF,0x07,0x88,0x00,0xFC,0x01,0x03,0x07,0xF8,0x01,0x00,0x01,0xF8,0x01,0x00,0x01,0xFF,0x07,0x04,0x01,0xFE,0x03}, /* 套 */
    {0x08,0x01,0x08,0x01,0x3E,0x05,0x88,0x07,0x7F,0x05,0x04,0x01,0xBF,0x01,0x04,0x07,0x24,0x01,0x14,0x01,0x04,0x01,0x1C,0x01}, /* 特 */
    {0x04,0x01,0xFF,0x07,0x04,0x01,0xAA,0x03,0x88,0x02,0xBE,0x02,0x90,0x03,0xFF,0x02,0xA2,0x03,0xC9,0x02,0xAA,0x02,0xD9,0x05}, /* 藤 */
    {0xAA,0x03,0x88,0x02,0xBE,0x02,0x90,0x03,0xFF,0x02,0xA2,0x02,0xFD,0x03,0xA4,0x02,0xBF,0x02,0x81,0x02,0xFD,0x02,0x83,0x05}, /* 腾 */
    {0x10,0x00,0xFF,0x01,0x20,0x01,0x3E,0x05,0x42,0x03,0xA4,0x01,0x18,0x01,0x24,0x03,0xDB,0x05,0x04,0x01,0x30,0x02,0x0C,0x04}, /* 疼 */
    {0x22,0x01,0x14,0x01,0x3E,0x01,0x8A,0x07,0x3E,0x01,0x28,0x03,0xBF,0x03,0x09,0x05,0x19,0x01,0x2B,0x01,0x48,0x01,0x08,0x01}, /* 梯 */
    {0xE1,0x03,0x21,0x02,0xE5,0x03,0x25,0x02,0xE5,0x03,0x05,0x01,0xF5,0x03,0x55,0x05,0x55,0x02,0x91,0x04,0x11,0x01,0x63,0x02}, /* 剔 */
    {0xBE,0x07,0xA2,0x04,0xBE,0x04,0xA2,0x07,0x3E,0x01,0x10,0x01,0xBF,0x05,0x55,0x05,0x25,0x05,0xC9,0x05,0x11,0x06,0x26,0x00}, /* 踢 */
    {0x3E,0x01,0x22,0x01,0x3E,0x01,0xE2,0x07,0x3E,0x01,0x00,0x01,0xBF,0x01,0x08,0x07,0x2E,0x01,0x28,0x01,0x28,0x01,0x5F,0x03}, /* 提 */
    {0xDF,0x03,0x44,0x02,0xC8,0x03,0x5F,0x02,0xD1,0x03,0x15,0x00,0xF5,0x07,0x95,0x00,0xCA,0x02,0x91,0x02,0x80,0x02,0xFF,0x05}, /* 题 */
    {0x88,0x07,0xFF,0x04,0xA2,0x04,0x94,0x07,0x7F,0x01,0x49,0x01,0xBE,0x05,0x2A,0x05,0x2A,0x05,0xAE,0x05,0x08,0x06,0x08,0x00}, /* 蹄 */
    {0x08,0x00,0x7F,0x07,0x22,0x05,0x14,0x05,0x7F,0x05,0x41,0x05,0x08,0x05,0x7F,0x05,0x49,0x07,0x49,0x05,0x4B,0x00,0x08,0x00}, /* 啼 */
    {0x10,0x01,0x10,0x01,0x10,0x02,0xFE,0x02,0x10,0x06,0x38,0x02,0x54,0x02,0x92,0x02,0x11,0x03,0x7C,0x02,0x10,0x02,0x10,0x02}, /* 体 */
    {0x88,0x00,0xDE,0x03,0x88,0x00,0xFF,0x07,0x54,0x01,0x22,0x02,0xFD,0x05,0x04,0x01,0xFC,0x01,0x04,0x01,0xFC,0x01,0x04,0x01}, /* 替 */
    {0x3E,0x01,0x22,0x01,0x3E,0x01,0xA2,0x05,0x3E,0x05,0x10,0x05,0x3F,0x05,0x55,0x01,0x25,0x01,0x49,0x01,0x11,0x01,0x26,0x01}, /* 惕 */
    {0x44,0x00,0x28,0x04,0xFE,0x02,0x12,0x00,0xFE,0x00,0x90,0x04,0xFF,0x02,0x31,0x00,0x51,0x00,0x96,0x02,0x10,0x05,0x10,0x00}, /* 涕 */
    {0x21,0x02,0x41,0x01,0xE5,0x07,0xA5,0x00,0xE5,0x07,0x85,0x04,0xF5,0x07,0x95,0x00,0x95,0x01,0xB1,0x02,0x81,0x04,0x83,0x00}, /* 剃 */
    {0x00,0x00,0xFE,0x03,0x20,0x00,0x20,0x00,0x20,0x00,0xFF,0x07,0x20,0x00,0x50,0x00,0x50,0x00,0x88,0x00,0x04,0x01,0x03,0x06}, /* 天 */
    {0x7E,0x00,0x10,0x04,0x10,0x02,0xFF,0x00,0x24,0x00,0x42,0x04,0x91,0x02,0x10,0x00,0x1A,0x01,0x55,0x02,0x95,0x04,0x30,0x00}, /* 添 */
    {0x10,0x02,0xFF,0x02,0x10,0x02,0x7E,0x07,0x42,0x02,0x7E,0x02,0x42,0x02,0x7E,0x02,0x42,0x03,0xFF,0x06,0x24,0x00,0x42,0x00}, /* 填 */
    {0x00,0x00,0xFE,0x03,0x22,0x02,0x22,0x02,0x22,0x02,0xFE,0x03,0x22,0x02,0x22,0x02,0x22,0x02,0x22,0x02,0xFE,0x03,0x02,0x02}, /* 田 */
    {0xD2,0x00,0x12,0x07,0x3F,0x01,0x12,0x01,0xD2,0x07,0x12,0x01,0x1E,0x01,0xD2,0x07,0x52,0x04,0x52,0x04,0xDE,0x07,0x52,0x04}, /* 甜 */
    {0x06,0x01,0x38,0x01,0x08,0x01,0x88,0x05,0x7F,0x05,0x08,0x05,0x08,0x05,0x3E,0x01,0x22,0x01,0x22,0x01,0x3E,0x01,0x22,0x01}, /* 恬 */
    {0x7E,0x01,0x10,0x06,0x10,0x02,0xFF,0x02,0x24,0x07,0x42,0x02,0x91,0x02,0x10,0x07,0x1A,0x05,0x55,0x05,0x95,0x07,0x30,0x05}, /* 舔 */
    {0x14,0x01,0x14,0x01,0x55,0x01,0xB6,0x07,0x14,0x01,0x14,0x01,0xB6,0x01,0x55,0x07,0x14,0x01,0x15,0x01,0x25,0x01,0x43,0x03}, /* 挑 */
    {0x80,0x00,0xFC,0x01,0x88,0x02,0x70,0x00,0x8C,0x01,0x23,0x06,0x20,0x00,0xFE,0x03,0x20,0x00,0x24,0x01,0x22,0x02,0x61,0x04}, /* 条 */
    {0x14,0x00,0x94,0x07,0xD5,0x04,0xB6,0x04,0x94,0x07,0x94,0x04,0xB6,0x04,0xD5,0x07,0x94,0x04,0x95,0x04,0xA5,0x07,0x43,0x04}, /* 眺 */
    {0x94,0x07,0x94,0x04,0xD5,0x04,0xB6,0x07,0x14,0x01,0x14,0x01,0xB6,0x05,0x55,0x05,0x14,0x05,0x95,0x05,0x25,0x06,0x43,0x00}, /* 跳 */
    {0x04,0x00,0xC4,0x07,0x44,0x04,0x47,0x05,0x44,0x05,0x44,0x05,0x5F,0x05,0x51,0x05,0x51,0x05,0x11,0x01,0x9F,0x02,0x51,0x04}, /* 贴 */
    {0x08,0x02,0x08,0x02,0xA8,0x03,0x3E,0x04,0x48,0x07,0x08,0x02,0x7F,0x02,0x88,0x07,0x14,0x02,0x94,0x02,0x22,0x03,0x41,0x02}, /* 铁 */
    {0x04,0x01,0x04,0x01,0xC4,0x07,0x47,0x05,0x44,0x05,0x44,0x05,0x5F,0x05,0x51,0x05,0xD1,0x05,0x11,0x01,0x1F,0x01,0x11,0x01}, /* 帖 */
    {0x00,0x00,0xFF,0x03,0x00,0x02,0x00,0x02,0xFF,0x02,0x08,0x02,0x08,0x02,0x08,0x02,0x08,0x02,0x08,0x02,0x08,0x02,0x38,0x04}, /* 厅 */
    {0x06,0x00,0xB8,0x07,0xA0,0x04,0xA0,0x04,0xBF,0x04,0xA4,0x04,0xA4,0x04,0xA4,0x04,0xA4,0x07,0xA4,0x04,0x24,0x00,0x44,0x00}, /* 听 */
    {0x00,0x01,0x3E,0x01,0x44,0x01,0x88,0x05,0x14,0x05,0x22,0x05,0x41,0x05,0x3E,0x01,0x08,0x01,0x88,0x02,0x88,0x02,0x7F,0x04}, /* 烃 */
    {0x06,0x00,0xB8,0x07,0x88,0x00,0x08,0x01,0x3E,0x02,0x88,0x03,0x88,0x00,0x88,0x00,0xFF,0x02,0x00,0x01,0x80,0x02,0x7F,0x04}, /* 廷 */
    {0x88,0x00,0xFF,0x00,0x00,0x01,0x3E,0x01,0x22,0x03,0x3E,0x05,0x00,0x01,0x7F,0x01,0x41,0x01,0x3E,0x01,0x08,0x01,0x18,0x01}, /* 停 */
    {0x20,0x00,0xFF,0x07,0x00,0x00,0xFC,0x01,0x04,0x01,0xFC,0x01,0x00,0x00,0xFF,0x07,0x01,0x04,0xFE,0x03,0x20,0x00,0xE0,0x00}, /* 亭 */
    {0x10,0x00,0xFF,0x03,0x00,0x02,0xC3,0x02,0x5C,0x02,0x44,0x02,0x9F,0x02,0xC4,0x02,0x44,0x02,0x5F,0x03,0x80,0x02,0x7F,0x05}, /* 庭 */
    {0x02,0x02,0x6C,0x02,0x24,0x02,0x24,0x07,0x44,0x02,0x4E,0x02,0x64,0x03,0x24,0x06,0x24,0x02,0xAE,0x02,0x40,0x02,0xBF,0x06}, /* 挺 */
    {0x01,0x01,0xB6,0x03,0x92,0x02,0x92,0x03,0xA2,0x02,0xA7,0x07,0xB2,0x02,0x92,0x03,0x92,0x02,0xD7,0x02,0xA0,0x02,0xDF,0x05}, /* 艇 */
    {0xFC,0x04,0x24,0x02,0x18,0x00,0xFE,0x00,0x92,0x06,0xFE,0x02,0x92,0x02,0xFE,0x02,0x92,0x02,0x96,0x02,0x00,0x02,0xFF,0x05}, /* 通 */
    {0x00,0x01,0x7F,0x01,0x41,0x01,0xDD,0x07,0x41,0x01,0x5D,0x03,0xD5,0x03,0x55,0x05,0x5D,0x01,0x41,0x01,0x41,0x01,0x43,0x01}, /* 桐 */
    {0x00,0x00,0xDF,0x07,0x11,0x01,0xDD,0x07,0x51,0x05,0x5D,0x05,0xD5,0x06,0x55,0x04,0xDD,0x07,0x51,0x04,0xD1,0x07,0x53,0x04}, /* 酮 */
    {0x08,0x00,0xBE,0x07,0x94,0x04,0xFF,0x04,0xAA,0x07,0xBE,0x04,0xAA,0x04,0xBE,0x07,0x88,0x04,0xBE,0x04,0x88,0x07,0x7F,0x04}, /* 瞳 */
    {0x00,0x00,0xFF,0x03,0x01,0x02,0xFD,0x02,0x01,0x02,0xFD,0x02,0x85,0x02,0x85,0x02,0xFD,0x02,0x01,0x02,0x01,0x02,0x07,0x02}, /* 同 */
    {0x00,0x02,0x7F,0x03,0x41,0x04,0x5D,0x00,0x41,0x07,0x5D,0x02,0x55,0x02,0x55,0x07,0x5D,0x02,0x41,0x02,0x41,0x03,0x43,0x02}, /* 铜 */
    {0x02,0x00,0xE2,0x03,0x24,0x02,0x29,0x03,0xA1,0x02,0x22,0x02,0xF4,0x07,0x28,0x02,0x21,0x02,0x22,0x02,0x24,0x02,0x78,0x04}, /* 彤 */
    {0x20,0x00,0xFE,0x03,0x88,0x00,0xFF,0x07,0x22,0x02,0xFE,0x03,0x22,0x02,0xFE,0x03,0x20,0x00,0xFE,0x03,0x20,0x00,0xFF,0x07}, /* 童 */
    {0x7E,0x01,0x02,0x01,0x14,0x01,0x88,0x07,0x7F,0x01,0x49,0x03,0xFF,0x03,0x49,0x05,0x7F,0x01,0x49,0x01,0x49,0x01,0x43,0x01}, /* 桶 */
    {0x7E,0x01,0x02,0x01,0x14,0x01,0x88,0x07,0x7F,0x01,0x49,0x01,0xFF,0x01,0x49,0x07,0x7F,0x01,0x49,0x01,0x49,0x01,0x43,0x03}, /* 捅 */
    {0x10,0x02,0xDF,0x03,0xA4,0x04,0xFE,0x03,0x02,0x02,0xFA,0x02,0x02,0x02,0xFA,0x02,0x8A,0x02,0xFA,0x02,0x02,0x02,0x0E,0x02}, /* 筒 */
    {0x08,0x01,0x04,0x01,0x3F,0x02,0x88,0x04,0x12,0x07,0x21,0x01,0x3F,0x02,0x95,0x07,0x14,0x00,0x94,0x01,0x25,0x06,0x43,0x00}, /* 统 */
    {0x10,0x00,0xFF,0x01,0x00,0x01,0x7E,0x05,0x14,0x03,0x7F,0x01,0x49,0x01,0x7F,0x03,0x49,0x05,0x7F,0x01,0x49,0x02,0x43,0x04}, /* 痛 */
    {0x10,0x01,0x28,0x01,0x44,0x02,0xBB,0x02,0x00,0x06,0xF1,0x02,0x95,0x02,0xF5,0x02,0x95,0x02,0xF5,0x02,0x91,0x02,0xB3,0x02}, /* 偷 */
    {0x3C,0x01,0x24,0x01,0x24,0x01,0xA4,0x07,0x43,0x01,0x00,0x01,0x7E,0x01,0xA2,0x01,0x14,0x07,0x08,0x01,0x14,0x01,0x63,0x03}, /* 投 */
    {0x10,0x00,0x90,0x00,0x50,0x00,0x10,0x02,0x10,0x01,0x10,0x00,0xFF,0x07,0x20,0x00,0x28,0x00,0x44,0x00,0x82,0x01,0x01,0x06}, /* 头 */
    {0x02,0x04,0x7C,0x02,0x10,0x00,0xFF,0x00,0x54,0x06,0x92,0x02,0x7C,0x02,0x24,0x02,0x2E,0x02,0x42,0x02,0x8C,0x02,0xFF,0x05}, /* 透 */
    {0xF8,0x00,0x88,0x00,0x88,0x00,0x88,0x00,0x8F,0x07,0x01,0x04,0x01,0x04,0x01,0x04,0x01,0x04,0x01,0x04,0xFF,0x07,0x01,0x04}, /* 凸 */
    {0x1C,0x00,0xE0,0x01,0x20,0x00,0xFF,0x07,0xA8,0x00,0x24,0x01,0x03,0x06,0xF8,0x00,0x88,0x00,0x88,0x00,0x09,0x01,0x07,0x06}, /* 秃 */
    {0x40,0x00,0x20,0x00,0xFF,0x07,0x89,0x04,0x05,0x05,0x28,0x00,0x24,0x00,0xFF,0x07,0x50,0x00,0x88,0x00,0x04,0x01,0x03,0x06}, /* 突 */
    {0xFF,0x07,0x41,0x04,0xF9,0x04,0x89,0x05,0x71,0x04,0x8F,0x07,0x61,0x04,0x11,0x04,0xC1,0x04,0x31,0x04,0xFF,0x07,0x01,0x04}, /* 图 */
    {0x88,0x00,0x08,0x01,0x3E,0x02,0x88,0x04,0x08,0x01,0x3F,0x03,0x08,0x05,0x28,0x01,0x2E,0x01,0x28,0x01,0x58,0x01,0x8F,0x01}, /* 徒 */
    {0x08,0x02,0x14,0x01,0x22,0x00,0x5D,0x00,0x08,0x07,0x7F,0x01,0x08,0x01,0x2A,0x01,0x49,0x01,0x18,0x01,0x80,0x02,0x7F,0x04}, /* 途 */
    {0x10,0x00,0x28,0x04,0x44,0x02,0x83,0x00,0x7C,0x00,0x10,0x04,0xFE,0x02,0x10,0x00,0x54,0x00,0x92,0x02,0x12,0x05,0x30,0x00}, /* 涂 */
    {0xFF,0x03,0x01,0x02,0xFF,0x03,0x12,0x02,0xFA,0x02,0x14,0x02,0xFF,0x03,0x42,0x02,0xFE,0x02,0x42,0x03,0x7E,0x02,0x42,0x04}, /* 屠 */
    {0x20,0x00,0x20,0x00,0x20,0x00,0x20,0x00,0xFE,0x03,0x20,0x00,0x20,0x00,0x20,0x00,0x20,0x00,0x20,0x00,0x20,0x00,0xFF,0x07}, /* 土 */
    {0x08,0x00,0x08,0x00,0x88,0x07,0x88,0x04,0xBE,0x04,0x88,0x04,0x88,0x04,0x88,0x04,0x88,0x07,0x88,0x04,0x08,0x00,0x7F,0x00}, /* 吐 */
    {0x80,0x00,0xF8,0x00,0x08,0x01,0x10,0x02,0xFE,0x07,0x22,0x02,0x22,0x02,0xFE,0x03,0x50,0x00,0x94,0x00,0x11,0x01,0x0F,0x06}, /* 兔 */
    {0xFF,0x07,0x11,0x04,0x11,0x04,0xFD,0x05,0x31,0x04,0x51,0x04,0x91,0x04,0x11,0x05,0x31,0x04,0x01,0x04,0xFF,0x07,0x01,0x04}, /* 团 */
    {0x14,0x01,0x12,0x01,0x3F,0x01,0xA4,0x07,0x64,0x01,0x3F,0x01,0xA4,0x01,0x24,0x07,0x3F,0x01,0x24,0x01,0x24,0x01,0x3F,0x03}, /* 推 */
    {0xDF,0x00,0x04,0x07,0x08,0x01,0xDF,0x07,0x11,0x01,0x95,0x03,0x55,0x05,0x15,0x01,0x95,0x03,0x84,0x02,0xCA,0x02,0x91,0x04}, /* 颓 */
    {0x8F,0x03,0xC9,0x02,0xAF,0x02,0xA9,0x03,0x8F,0x02,0xEC,0x02,0xAB,0x03,0xAA,0x02,0xAD,0x02,0xA9,0x02,0xB0,0x02,0xCF,0x05}, /* 腿 */
    {0x11,0x01,0x0A,0x01,0x00,0x01,0xDF,0x07,0x51,0x05,0x51,0x05,0x51,0x05,0xDF,0x07,0x0A,0x01,0x4A,0x01,0xCA,0x01,0x53,0x06}, /* 蜕 */
    {0x0F,0x02,0x49,0x01,0xAF,0x07,0xA9,0x00,0x0F,0x01,0xEC,0x01,0x2B,0x03,0xAA,0x05,0x2D,0x01,0x29,0x01,0x30,0x01,0x4F,0x01}, /* 褪 */
    {0x7E,0x02,0x42,0x01,0x7E,0x00,0x42,0x00,0x7E,0x07,0x51,0x01,0x4A,0x01,0x54,0x01,0x62,0x01,0x42,0x01,0x80,0x02,0x7F,0x04}, /* 退 */
    {0xFE,0x03,0x20,0x00,0x40,0x00,0xFF,0x07,0x88,0x00,0x04,0x01,0x02,0x02,0xFD,0x05,0x04,0x01,0x04,0x01,0xFC,0x01,0x04,0x01}, /* 吞 */
    {0x20,0x00,0x20,0x00,0xFF,0x07,0x20,0x00,0x22,0x02,0x22,0x02,0x22,0x02,0xFE,0x03,0x20,0x00,0x21,0x00,0x21,0x00,0x1F,0x00}, /* 屯 */
    {0xEE,0x03,0x2B,0x02,0xF0,0x03,0xAE,0x02,0xFA,0x03,0xA4,0x02,0x1B,0x05,0xFE,0x03,0x02,0x02,0xFE,0x03,0x02,0x02,0x06,0x02}, /* 臀 */
    {0x10,0x01,0x10,0x01,0x3F,0x01,0xC8,0x07,0x2B,0x01,0x2D,0x01,0xF9,0x01,0x29,0x07,0x2B,0x01,0x28,0x01,0x21,0x01,0x1F,0x03}, /* 拖 */
    {0x06,0x01,0x38,0x01,0x08,0x01,0x88,0x07,0x08,0x01,0x0F,0x01,0xB8,0x01,0x08,0x07,0x08,0x01,0x09,0x01,0x09,0x01,0x07,0x03}, /* 托 */
    {0x22,0x00,0x94,0x03,0x80,0x02,0xBE,0x02,0xA2,0x03,0xA2,0x02,0xBE,0x02,0x94,0x03,0x94,0x02,0x94,0x02,0xA5,0x02,0xC3,0x05}, /* 脱 */
    {0x08,0x02,0x84,0x07,0xBF,0x04,0xA1,0x06,0x80,0x05,0x11,0x04,0xD2,0x07,0x54,0x00,0x58,0x01,0x51,0x06,0x51,0x00,0x8F,0x01}, /* 鸵 */
    {0x08,0x00,0x84,0x07,0xBF,0x04,0xA1,0x04,0x00,0x05,0x11,0x05,0x92,0x04,0x94,0x04,0x98,0x04,0x11,0x07,0x11,0x04,0x0F,0x04}, /* 陀 */
    {0x08,0x00,0x88,0x07,0x88,0x00,0xBF,0x02,0x88,0x02,0x88,0x02,0xC8,0x03,0x54,0x00,0x54,0x01,0x54,0x06,0x52,0x00,0xA1,0x01}, /* 驮 */
    {0x08,0x00,0x84,0x07,0xBF,0x00,0xA1,0x02,0x80,0x02,0x91,0x02,0xD2,0x03,0x54,0x00,0x58,0x01,0x51,0x06,0x51,0x00,0x8F,0x01}, /* 驼 */
    {0x04,0x02,0xE4,0x02,0xBF,0x02,0xA8,0x07,0xCF,0x02,0xD9,0x02,0xAF,0x07,0xA9,0x06,0xAF,0x02,0xC9,0x02,0x89,0x02,0x8B,0x02}, /* 椭 */
    {0x1F,0x00,0xE0,0x07,0x02,0x00,0x42,0x02,0x24,0x01,0x00,0x00,0x40,0x00,0xFF,0x07,0x84,0x00,0x88,0x01,0x70,0x00,0x8E,0x07}, /* 妥 */
    {0x00,0x01,0x3F,0x01,0x08,0x01,0xC8,0x07,0x10,0x01,0x1F,0x01,0xB1,0x01,0x51,0x07,0x11,0x01,0x11,0x01,0x1F,0x01,0x11,0x03}, /* 拓 */
    {0x06,0x00,0x38,0x07,0x08,0x05,0x7F,0x05,0x2A,0x05,0x2A,0x05,0x7F,0x05,0x2A,0x05,0x2A,0x07,0x7F,0x05,0x08,0x00,0x3E,0x00}, /* 唾 */
    {0x10,0x02,0x08,0x02,0x7F,0x02,0x55,0x07,0x22,0x02,0x00,0x02,0x7E,0x03,0x04,0x06,0x18,0x02,0x20,0x02,0x41,0x02,0x3F,0x06}, /* 挖 */
    {0x08,0x00,0x08,0x00,0xBE,0x07,0x88,0x04,0x88,0x04,0xFF,0x04,0x80,0x04,0x88,0x04,0xBE,0x07,0x88,0x04,0x08,0x00,0x7F,0x00}, /* 哇 */
    {0x04,0x01,0x04,0x01,0x1F,0x01,0xC4,0x07,0x44,0x05,0x5F,0x05,0x40,0x05,0xC4,0x07,0x1F,0x01,0x44,0x01,0xC4,0x01,0x7F,0x06}, /* 蛙 */
    {0x10,0x00,0x10,0x04,0xFE,0x02,0x10,0x00,0x10,0x00,0xFF,0x05,0x00,0x02,0x10,0x00,0xFE,0x01,0x10,0x02,0x10,0x04,0xFF,0x01}, /* 洼 */
    {0x08,0x01,0x08,0x01,0x3E,0x01,0x88,0x07,0x88,0x02,0xFF,0x02,0x80,0x02,0x88,0x04,0xBE,0x02,0x08,0x01,0x88,0x02,0x7F,0x04}, /* 娃 */
    {0x00,0x00,0xFF,0x07,0x80,0x00,0x80,0x00,0xF8,0x00,0x08,0x01,0x48,0x01,0x28,0x01,0x28,0x02,0x09,0x02,0xC9,0x02,0x07,0x03}, /* 瓦 */
    {0x08,0x02,0x08,0x01,0xBF,0x07,0x88,0x00,0x08,0x01,0xBE,0x01,0x08,0x03,0x9C,0x05,0x2A,0x01,0x49,0x01,0x08,0x01,0x08,0x01}, /* 袜 */
    {0xFF,0x07,0x20,0x00,0x6C,0x00,0xA2,0x01,0x21,0x06,0x00,0x00,0xFF,0x07,0x20,0x00,0x3E,0x01,0x20,0x01,0x20,0x01,0xFF,0x07}, /* 歪 */
    {0x08,0x01,0x08,0x01,0x08,0x01,0xC8,0x01,0x4C,0x02,0x4A,0x02,0x49,0x05,0x89,0x00,0x88,0x00,0x08,0x01,0x08,0x02,0x08,0x04}, /* 外 */
    {0x08,0x00,0x7F,0x07,0x41,0x00,0x20,0x07,0x37,0x05,0x55,0x05,0x55,0x07,0xB7,0x00,0x14,0x05,0x25,0x02,0xA5,0x01,0x43,0x06}, /* 豌 */
    {0x20,0x00,0xFF,0x07,0x88,0x00,0x8A,0x02,0x89,0x04,0xFE,0x03,0x02,0x00,0xFE,0x03,0x00,0x02,0xFF,0x03,0x01,0x00,0x06,0x00}, /* 弯 */
    {0x08,0x00,0xFF,0x04,0x24,0x02,0x66,0x00,0xA5,0x00,0x7E,0x04,0x02,0x02,0x7E,0x00,0x40,0x01,0x7F,0x02,0x01,0x04,0x0E,0x00}, /* 湾 */
    {0x00,0x00,0xBE,0x07,0x00,0x01,0x00,0x01,0x7F,0x01,0x94,0x07,0x14,0x01,0x14,0x01,0x14,0x01,0xA5,0x01,0x25,0x06,0x43,0x00}, /* 玩 */
    {0x00,0x00,0x9F,0x03,0x04,0x00,0x08,0x00,0xDF,0x07,0x91,0x02,0x95,0x02,0x95,0x02,0x95,0x02,0xC4,0x02,0x8A,0x02,0x11,0x04}, /* 顽 */
    {0x80,0x00,0x80,0x00,0x80,0x00,0xF8,0x07,0x88,0x00,0x88,0x02,0x88,0x01,0x88,0x00,0x48,0x01,0x29,0x01,0x09,0x02,0x07,0x04}, /* 丸 */
    {0x10,0x01,0x08,0x01,0x7F,0x01,0xC1,0x05,0x00,0x05,0x3E,0x05,0x00,0x05,0x7F,0x01,0x14,0x01,0x94,0x02,0xA5,0x02,0x43,0x04}, /* 烷 */
    {0x20,0x00,0xFF,0x07,0x01,0x04,0x00,0x00,0xFC,0x01,0x00,0x00,0x00,0x00,0xFF,0x07,0x88,0x00,0x88,0x00,0x09,0x01,0x07,0x06}, /* 完 */
    {0x08,0x00,0x7F,0x07,0x41,0x02,0x20,0x02,0x37,0x04,0x55,0x07,0x55,0x05,0xB7,0x05,0x14,0x05,0x25,0x07,0x25,0x05,0x43,0x00}, /* 碗 */
    {0x10,0x01,0x1E,0x01,0x22,0x01,0xC4,0x07,0x7F,0x01,0x49,0x01,0xC9,0x01,0x7F,0x07,0x14,0x01,0x14,0x01,0x25,0x01,0x43,0x03}, /* 挽 */
    {0x10,0x00,0x1E,0x07,0x22,0x05,0x44,0x05,0x7F,0x05,0x49,0x07,0x49,0x05,0x7F,0x05,0x14,0x05,0x14,0x07,0x25,0x05,0x43,0x00}, /* 晚 */
    {0x10,0x01,0x08,0x02,0x7F,0x07,0x41,0x05,0x00,0x05,0x3E,0x05,0x00,0x07,0x7F,0x05,0x14,0x05,0x14,0x05,0x25,0x07,0x43,0x05}, /* 皖 */
    {0x08,0x01,0x7F,0x01,0x41,0x01,0xA0,0x05,0x37,0x05,0x55,0x05,0x55,0x05,0xB7,0x01,0x14,0x01,0x25,0x01,0x25,0x01,0x43,0x01}, /* 惋 */
    {0x20,0x00,0xFF,0x07,0x01,0x04,0x00,0x01,0xDE,0x01,0x52,0x02,0x52,0x02,0x52,0x05,0x96,0x00,0x90,0x00,0x11,0x01,0x0F,0x02}, /* 宛 */
    {0x08,0x01,0x7F,0x01,0x41,0x01,0xA0,0x07,0xB7,0x02,0xD5,0x02,0xD5,0x02,0xB7,0x04,0x94,0x02,0x25,0x01,0xA5,0x02,0x43,0x04}, /* 婉 */
    {0x00,0x00,0xFF,0x07,0x80,0x00,0x80,0x00,0x80,0x00,0xFE,0x00,0x82,0x00,0x82,0x00,0x02,0x01,0x02,0x01,0x02,0x02,0x1C,0x04}, /* 万 */
    {0x08,0x00,0x7F,0x07,0x41,0x05,0x20,0x05,0x37,0x07,0x55,0x05,0x55,0x05,0xB7,0x07,0x14,0x05,0x25,0x05,0x25,0x05,0x43,0x03}, /* 腕 */
    {0x00,0x00,0xFE,0x04,0x10,0x02,0x10,0x00,0x10,0x00,0x10,0x04,0xFE,0x02,0x10,0x00,0x10,0x01,0x10,0x02,0x10,0x04,0xFF,0x01}, /* 汪 */
    {0x00,0x00,0xFE,0x03,0x20,0x00,0x20,0x00,0x20,0x00,0x20,0x00,0xFE,0x03,0x20,0x00,0x20,0x00,0x20,0x00,0x20,0x00,0xFF,0x07}, /* 王 */
    {0x40,0x00,0x20,0x00,0x00,0x00,0xFF,0x07,0x00,0x01,0x00,0x01,0x00,0x01,0x00,0x01,0x00,0x01,0x00,0x01,0x00,0x01,0xFF,0x01}, /* 亡 */
    {0x00,0x01,0x3F,0x01,0x08,0x01,0xC8,0x07,0x08,0x01,0x08,0x03,0xBE,0x03,0x48,0x05,0x08,0x01,0x08,0x01,0x08,0x01,0x7F,0x01}, /* 枉 */
    {0xFF,0x07,0x01,0x04,0x01,0x04,0x23,0x06,0x55,0x05,0x89,0x04,0x89,0x04,0x55,0x05,0x23,0x06,0x01,0x04,0x01,0x04,0x07,0x04}, /* 网 */
    {0x90,0x00,0x08,0x01,0x00,0x02,0xBF,0x04,0x08,0x01,0x08,0x03,0x08,0x05,0x3E,0x01,0x08,0x01,0x08,0x01,0x08,0x01,0x7F,0x01}, /* 往 */
    {0x00,0x00,0xBE,0x07,0x88,0x04,0x88,0x04,0x88,0x04,0x88,0x07,0xBE,0x04,0x88,0x04,0x88,0x04,0x88,0x07,0x08,0x04,0x7F,0x00}, /* 旺 */
    {0x1F,0x01,0x91,0x00,0xDF,0x07,0x11,0x02,0x1F,0x02,0xD1,0x03,0x23,0x00,0xFE,0x03,0x20,0x00,0xFC,0x01,0x20,0x00,0xFF,0x07}, /* 望 */
    {0x20,0x00,0x10,0x00,0xFF,0x07,0x00,0x01,0x00,0x01,0xFE,0x01,0x00,0x00,0x20,0x00,0x92,0x02,0x91,0x02,0x85,0x04,0x7C,0x00}, /* 忘 */
    {0x20,0x00,0x10,0x00,0xFF,0x07,0x00,0x01,0x00,0x01,0xFE,0x01,0x40,0x00,0xFF,0x07,0x84,0x00,0x88,0x01,0x70,0x00,0x8E,0x07}, /* 妄 */
    {0x0A,0x00,0x09,0x00,0xFF,0x03,0x08,0x02,0xE9,0x03,0x89,0x02,0xEA,0x03,0xAA,0x02,0x25,0x03,0xC5,0x02,0x2B,0x03,0x11,0x04}, /* 威 */
    {0x22,0x02,0xFE,0x03,0x88,0x00,0x10,0x03,0x3E,0x01,0xEA,0x07,0xBE,0x03,0x6A,0x05,0xFE,0x07,0x4A,0x02,0x99,0x01,0x67,0x06}, /* 巍 */
    {0x22,0x01,0xAA,0x02,0xAB,0x04,0xFD,0x01,0x09,0x02,0x75,0x06,0x05,0x02,0x75,0x02,0x52,0x02,0x5A,0x02,0x55,0x02,0x89,0x02}, /* 微 */
    {0x80,0x00,0xFC,0x00,0x04,0x01,0xFF,0x03,0x00,0x05,0x7E,0x01,0x42,0x01,0x42,0x01,0x4C,0x01,0x41,0x02,0x41,0x02,0x3F,0x04}, /* 危 */
    {0x20,0x00,0x20,0x00,0xFF,0x07,0x20,0x00,0xFE,0x03,0x20,0x00,0xFF,0x07,0x21,0x00,0x21,0x00,0x21,0x00,0x26,0x00,0x20,0x00}, /* 韦 */
    {0x10,0x04,0x10,0x02,0xFF,0x00,0x10,0x00,0xFE,0x06,0x10,0x02,0xFF,0x03,0x11,0x02,0x11,0x02,0x16,0x02,0x10,0x02,0xFF,0x05}, /* 违 */
    {0x10,0x01,0x1E,0x01,0x22,0x01,0xC4,0x07,0x3F,0x01,0x20,0x03,0xAF,0x03,0x29,0x05,0x2B,0x01,0x28,0x01,0x29,0x01,0x47,0x01}, /* 桅 */
    {0xFF,0x07,0x01,0x04,0x21,0x04,0xFD,0x05,0x21,0x04,0xF9,0x04,0x21,0x04,0xFD,0x05,0x25,0x04,0x2D,0x04,0x21,0x04,0xFF,0x07}, /* 围 */
    {0x28,0x00,0x24,0x07,0x7F,0x05,0x48,0x05,0xC8,0x05,0x7E,0x05,0x48,0x05,0x48,0x05,0x7E,0x07,0x48,0x05,0x48,0x00,0x7F,0x00}, /* 唯 */
    {0x14,0x01,0x12,0x01,0xBF,0x01,0x24,0x05,0x64,0x05,0xBF,0x05,0x24,0x05,0x24,0x01,0x3F,0x01,0x24,0x01,0x24,0x01,0x3F,0x01}, /* 惟 */
    {0x10,0x00,0x10,0x01,0x90,0x00,0xFF,0x03,0x21,0x00,0x21,0x00,0x51,0x00,0x49,0x00,0x89,0x00,0x01,0x01,0x01,0x02,0x0E,0x04}, /* 为 */
    {0x8A,0x04,0x88,0x02,0x1F,0x01,0x54,0x01,0xB4,0x05,0x9F,0x02,0x14,0x01,0xD4,0x01,0x1F,0x00,0x54,0x02,0x94,0x05,0x1F,0x00}, /* 潍 */
    {0x14,0x01,0x12,0x01,0x3F,0x02,0xA4,0x04,0x64,0x07,0x3F,0x01,0x24,0x02,0xA4,0x07,0x3F,0x00,0xA4,0x01,0x24,0x06,0x3F,0x00}, /* 维 */
    {0x88,0x00,0xFF,0x07,0x88,0x00,0x20,0x00,0xFF,0x07,0x20,0x00,0xFE,0x03,0x20,0x00,0xFF,0x07,0x21,0x00,0x26,0x00,0x20,0x00}, /* 苇 */
    {0x88,0x00,0xFF,0x07,0x8A,0x00,0xFC,0x03,0x20,0x00,0xFF,0x07,0x24,0x01,0x42,0x02,0xFF,0x07,0x88,0x00,0x70,0x00,0x8E,0x03}, /* 萎 */
    {0x06,0x00,0xF8,0x03,0x20,0x00,0xFF,0x07,0x24,0x01,0x23,0x06,0x40,0x00,0xFF,0x07,0x84,0x00,0x88,0x01,0x70,0x00,0x8E,0x07}, /* 委 */
    {0x10,0x01,0x10,0x01,0xFF,0x02,0x10,0x02,0x7E,0x06,0x10,0x02,0xFF,0x02,0x11,0x02,0x11,0x02,0x11,0x02,0x16,0x02,0x10,0x02}, /* 伟 */
    {0x88,0x00,0xC8,0x00,0x28,0x01,0x7F,0x01,0x09,0x03,0x11,0x05,0x19,0x01,0x15,0x01,0x25,0x01,0x21,0x01,0x41,0x01,0x8E,0x01}, /* 伪 */
    {0xFF,0x03,0x01,0x02,0xFF,0x03,0x00,0x02,0x0E,0x02,0xF0,0x02,0x1C,0x02,0xF0,0x02,0x1E,0x02,0xF0,0x03,0x11,0x02,0x0F,0x04}, /* 尾 */
    {0x08,0x01,0x08,0x01,0x7F,0x02,0x88,0x04,0x3E,0x07,0x08,0x01,0x7F,0x02,0x09,0x07,0x09,0x00,0x8B,0x01,0x08,0x06,0x08,0x00}, /* 纬 */
    {0x20,0x00,0x20,0x00,0xFE,0x03,0x20,0x00,0x20,0x00,0xFF,0x07,0x70,0x00,0xA8,0x00,0x24,0x01,0x23,0x06,0x20,0x00,0x20,0x00}, /* 未 */
    {0x88,0x00,0xFF,0x07,0x88,0x00,0xE2,0x03,0x22,0x02,0xEF,0x03,0x02,0x02,0xEA,0x03,0x46,0x02,0xE2,0x02,0x52,0x05,0xC6,0x00}, /* 蔚 */
    {0x08,0x00,0x88,0x07,0xBE,0x04,0x88,0x04,0x88,0x04,0xFF,0x04,0x88,0x04,0x9C,0x04,0xAA,0x07,0xC9,0x04,0x08,0x00,0x08,0x00}, /* 味 */
    {0xFE,0x03,0x22,0x02,0xFE,0x03,0x22,0x02,0xFE,0x03,0x00,0x00,0xFF,0x07,0x42,0x02,0x24,0x02,0x18,0x02,0xCC,0x02,0x03,0x03}, /* 畏 */
    {0xFE,0x03,0x22,0x02,0xFE,0x03,0x22,0x02,0xFE,0x03,0x04,0x01,0xFC,0x01,0x04,0x01,0xFC,0x01,0x04,0x01,0x04,0x01,0x0C,0x01}, /* 胃 */
    {0x7F,0x00,0x49,0x07,0x7F,0x05,0x49,0x05,0x7F,0x05,0x00,0x05,0xFF,0x05,0x48,0x05,0x49,0x07,0x46,0x05,0x52,0x00,0x61,0x00}, /* 喂 */
    {0xC8,0x00,0x10,0x07,0x3E,0x01,0xEA,0x07,0xBE,0x03,0x6A,0x05,0x3E,0x01,0xD4,0x07,0x5A,0x02,0xAE,0x06,0xA9,0x01,0x47,0x06}, /* 魏 */
    {0x10,0x01,0x08,0x01,0x00,0x02,0xFF,0x02,0x00,0x06,0x42,0x02,0x42,0x02,0x22,0x02,0x24,0x02,0x24,0x02,0x08,0x02,0xFF,0x02}, /* 位 */
    {0xFF,0x05,0x11,0x03,0xFF,0x01,0x11,0x01,0xFF,0x05,0x82,0x02,0xFE,0x00,0x82,0x00,0xFE,0x00,0x82,0x02,0x82,0x04,0x86,0x00}, /* 渭 */
    {0xFF,0x04,0x89,0x02,0xFF,0x00,0x89,0x00,0xFF,0x06,0x42,0x02,0x7E,0x02,0x42,0x02,0x7E,0x02,0x42,0x02,0x42,0x03,0x46,0x02}, /* 谓 */
    {0xF2,0x03,0x12,0x02,0xF2,0x03,0x0F,0x02,0xE2,0x02,0x02,0x02,0xFA,0x03,0x46,0x02,0xE2,0x02,0x52,0x03,0x42,0x02,0xC6,0x04}, /* 尉 */
    {0xE2,0x03,0x2F,0x02,0xE2,0x03,0x0A,0x02,0xE6,0x03,0x82,0x04,0xA2,0x02,0x96,0x05,0x20,0x00,0x92,0x02,0x85,0x02,0x7D,0x04}, /* 慰 */
    {0x00,0x00,0xFE,0x03,0x42,0x00,0x42,0x00,0x42,0x00,0x42,0x00,0x42,0x00,0x5C,0x00,0x40,0x00,0x40,0x00,0x40,0x00,0xFF,0x07}, /* 卫 */
    {0x10,0x00,0xFF,0x01,0x00,0x01,0x7C,0x05,0x44,0x03,0x7C,0x01,0x44,0x01,0x7C,0x03,0x00,0x05,0xFE,0x01,0xAA,0x02,0xFF,0x05}, /* 瘟 */
    {0x7C,0x00,0x44,0x04,0x7C,0x02,0x44,0x00,0x7C,0x00,0x00,0x04,0xFE,0x02,0xAA,0x00,0xAA,0x01,0xAA,0x02,0xAA,0x04,0xFF,0x01}, /* 温 */
    {0x08,0x01,0x04,0x01,0x00,0x01,0xFF,0x07,0x52,0x05,0x52,0x05,0xD2,0x07,0x12,0x01,0x54,0x01,0xC8,0x01,0x54,0x06,0x23,0x00}, /* 蚊 */
    {0x40,0x00,0x20,0x00,0xFF,0x07,0x04,0x01,0x04,0x01,0x88,0x00,0x88,0x00,0x50,0x00,0x20,0x00,0x50,0x00,0x8C,0x01,0x03,0x06}, /* 文 */
    {0x7F,0x04,0x01,0x02,0x01,0x00,0xFD,0x05,0x89,0x04,0xF9,0x04,0x89,0x04,0xF9,0x04,0x8D,0x04,0xF9,0x05,0x09,0x04,0x07,0x04}, /* 闻 */
    {0x10,0x01,0x08,0x01,0x7F,0x02,0xA2,0x04,0x22,0x07,0x22,0x01,0x14,0x02,0x94,0x07,0x08,0x00,0x94,0x01,0x22,0x06,0x41,0x00}, /* 纹 */
    {0x20,0x00,0x20,0x07,0x3F,0x05,0x55,0x05,0x55,0x05,0x95,0x05,0x25,0x05,0x29,0x05,0x49,0x07,0x91,0x05,0x21,0x00,0x46,0x00}, /* 吻 */
    {0xA0,0x00,0x3C,0x07,0x44,0x01,0x3E,0x01,0x82,0x07,0x3E,0x01,0x82,0x03,0x7E,0x03,0x10,0x05,0x4A,0x01,0xA5,0x01,0x3C,0x01}, /* 稳 */
    {0x00,0x02,0x3F,0x01,0x01,0x00,0x01,0x02,0x79,0x02,0x49,0x02,0x49,0x02,0x49,0x02,0x79,0x02,0x01,0x02,0x01,0x02,0x07,0x02}, /* 问 */
    {0x12,0x00,0x21,0x07,0x48,0x05,0x12,0x05,0x3F,0x05,0x00,0x05,0x77,0x05,0x11,0x05,0x55,0x07,0x33,0x05,0x55,0x00,0x33,0x00}, /* 嗡 */
    {0x88,0x00,0x04,0x01,0x43,0x06,0x88,0x00,0xFC,0x01,0x00,0x00,0xDE,0x03,0x42,0x00,0x52,0x02,0x4A,0x01,0x52,0x02,0xC6,0x00}, /* 翁 */
    {0x88,0x00,0x24,0x01,0x43,0x06,0x88,0x00,0xFC,0x01,0x02,0x00,0xFF,0x07,0x00,0x01,0xF8,0x01,0x49,0x01,0x29,0x02,0xC7,0x03}, /* 瓮 */
    {0x1F,0x01,0x11,0x01,0x11,0x01,0xDF,0x07,0x44,0x05,0x5F,0x05,0xD5,0x07,0x15,0x01,0x5B,0x01,0xD1,0x01,0x51,0x06,0x13,0x00}, /* 蜗 */
    {0xFE,0x00,0x82,0x04,0x82,0x02,0xFE,0x00,0x10,0x00,0xFF,0x05,0x11,0x03,0x29,0x01,0x45,0x01,0x01,0x03,0x01,0x05,0x03,0x01}, /* 涡 */
    {0x20,0x00,0xFF,0x07,0x05,0x05,0x02,0x02,0xFC,0x01,0x04,0x01,0xFC,0x01,0x20,0x00,0xFE,0x03,0x52,0x02,0x8A,0x02,0x06,0x02}, /* 窝 */
    {0xD0,0x00,0x92,0x03,0x91,0x00,0x90,0x00,0xFF,0x07,0x90,0x00,0x92,0x00,0xD4,0x00,0x88,0x01,0x99,0x06,0xA5,0x00,0x83,0x01}, /* 我 */
    {0x08,0x00,0xE8,0x07,0x88,0x04,0x88,0x04,0xEC,0x07,0x2A,0x04,0x29,0x04,0xE9,0x07,0x88,0x04,0x88,0x04,0x88,0x04,0xE8,0x07}, /* 卧 */
    {0x7F,0x02,0x41,0x02,0x7F,0x02,0x40,0x07,0x5F,0x02,0x44,0x02,0x49,0x03,0x5F,0x06,0x44,0x02,0x5F,0x02,0x44,0x02,0xBF,0x06}, /* 握 */
    {0x0E,0x04,0xF0,0x02,0x10,0x00,0x10,0x00,0x10,0x04,0xFF,0x02,0x28,0x00,0x28,0x00,0x44,0x01,0x44,0x02,0x82,0x04,0x01,0x01}, /* 沃 */
    {0x00,0x00,0xFE,0x03,0x20,0x00,0x24,0x01,0x24,0x01,0x24,0x01,0x24,0x01,0xAA,0x02,0x71,0x04,0x20,0x00,0x20,0x00,0xFF,0x07}, /* 巫 */
    {0x10,0x00,0x3E,0x07,0x22,0x05,0x22,0x05,0x26,0x05,0x20,0x05,0x3F,0x05,0x01,0x05,0x01,0x07,0x7D,0x05,0x01,0x00,0x06,0x00}, /* 呜 */
    {0x40,0x00,0xFC,0x01,0x04,0x01,0x04,0x01,0x0C,0x01,0x00,0x01,0xFF,0x01,0x01,0x00,0x01,0x00,0xFD,0x07,0x01,0x00,0x0E,0x00}, /* 乌 */
    {0x00,0x04,0xFE,0x02,0x00,0x00,0x00,0x00,0xFF,0x05,0x20,0x02,0x40,0x00,0x7E,0x00,0x02,0x01,0x02,0x02,0x02,0x04,0x0C,0x00}, /* 污 */
    {0x00,0x04,0xFE,0x02,0x10,0x00,0x54,0x00,0x54,0x06,0x54,0x02,0x54,0x02,0xBA,0x02,0x11,0x03,0x10,0x02,0x10,0x03,0xFF,0x02}, /* 诬 */
    {0xFF,0x03,0x01,0x02,0xFF,0x03,0x00,0x02,0xFE,0x02,0x20,0x02,0x44,0x02,0xFE,0x02,0x10,0x02,0xFE,0x02,0x10,0x02,0xFF,0x05}, /* 屋 */
    {0x00,0x00,0xFE,0x03,0x20,0x00,0x20,0x00,0x20,0x00,0xFF,0x07,0x50,0x00,0x50,0x00,0x90,0x00,0x11,0x01,0x11,0x02,0x0F,0x04}, /* 无 */
    {0x88,0x00,0xFF,0x07,0x88,0x00,0x00,0x00,0xFE,0x03,0x20,0x00,0x20,0x00,0xFF,0x07,0x50,0x00,0x90,0x00,0x11,0x01,0x0F,0x06}, /* 芜 */
    {0x7F,0x01,0x08,0x01,0x3E,0x01,0x92,0x07,0x12,0x01,0x7F,0x03,0x80,0x03,0x3E,0x05,0x22,0x01,0x22,0x01,0x3E,0x01,0x22,0x01}, /* 梧 */
    {0xFE,0x03,0x40,0x00,0x40,0x00,0xFC,0x03,0x84,0x00,0x84,0x00,0xFF,0x07,0x00,0x00,0xFE,0x03,0x02,0x02,0x02,0x02,0xFE,0x03}, /* 吾 */
    {0xFC,0x01,0x04,0x01,0x04,0x01,0xFC,0x01,0x00,0x00,0xFE,0x03,0x20,0x00,0xFF,0x07,0x20,0x00,0x50,0x00,0x8C,0x01,0x03,0x06}, /* 吴 */
    {0x08,0x00,0xEA,0x03,0x09,0x00,0x08,0x00,0xFF,0x07,0x88,0x00,0x88,0x00,0xE8,0x02,0x84,0x02,0x85,0x02,0xE3,0x02,0x01,0x07}, /* 武 */
    {0x00,0x00,0xFE,0x07,0x40,0x00,0x40,0x00,0x40,0x00,0xFC,0x03,0x84,0x00,0x84,0x00,0x84,0x00,0x04,0x01,0x04,0x01,0xFF,0x07}, /* 五 */
    {0xFF,0x02,0x10,0x02,0x7E,0x02,0x22,0x07,0x22,0x02,0xFF,0x02,0x00,0x03,0x7E,0x06,0x42,0x02,0x42,0x02,0x7E,0x02,0x42,0x06}, /* 捂 */
    {0x00,0x01,0x00,0x01,0xFE,0x01,0x20,0x02,0x20,0x04,0x20,0x00,0x20,0x00,0xFF,0x07,0x20,0x00,0x20,0x00,0x20,0x00,0x20,0x00}, /* 午 */
    {0x00,0x01,0xFF,0x03,0x54,0x05,0xFE,0x03,0x54,0x01,0xFF,0x07,0x04,0x01,0xDE,0x03,0x44,0x04,0xA4,0x02,0x3F,0x01,0x04,0x06}, /* 舞 */
    {0x00,0x01,0x7E,0x01,0x10,0x02,0x10,0x02,0x10,0x06,0x7E,0x02,0x12,0x02,0x12,0x02,0x22,0x02,0x22,0x02,0x22,0x02,0xFF,0x02}, /* 伍 */
    {0x40,0x01,0x7F,0x01,0x80,0x02,0x7E,0x03,0x42,0x06,0x52,0x02,0xFF,0x03,0x82,0x02,0x92,0x02,0xFF,0x02,0x02,0x02,0x0C,0x02}, /* 侮 */
    {0x14,0x00,0x12,0x00,0x10,0x00,0xFF,0x03,0x10,0x02,0x12,0x02,0x12,0x02,0x14,0x02,0x09,0x02,0x15,0x02,0x23,0x02,0x41,0x04}, /* 戊 */
    {0xFE,0x03,0x20,0x00,0xFF,0x07,0x25,0x05,0xFC,0x01,0x88,0x02,0x70,0x00,0x8C,0x01,0x43,0x06,0xFC,0x01,0x84,0x00,0x0C,0x03}, /* 雾 */
    {0xFF,0x00,0x10,0x07,0x7E,0x05,0x22,0x05,0x22,0x05,0xFF,0x07,0x00,0x05,0x7E,0x05,0x42,0x05,0x42,0x07,0x7E,0x05,0x42,0x00}, /* 晤 */
    {0x20,0x01,0x20,0x01,0x3F,0x05,0xD5,0x07,0x15,0x05,0x15,0x01,0xA5,0x01,0x29,0x07,0x49,0x01,0x11,0x01,0x21,0x01,0x46,0x01}, /* 物 */
    {0x00,0x01,0x00,0x01,0xFF,0x01,0x49,0x02,0x49,0x02,0x89,0x04,0x89,0x00,0x11,0x01,0x11,0x02,0x21,0x04,0x41,0x00,0x8E,0x00}, /* 勿 */
    {0x80,0x00,0xFC,0x01,0x88,0x02,0x70,0x00,0x8C,0x01,0x43,0x06,0x40,0x00,0xFC,0x03,0x84,0x00,0x84,0x00,0x04,0x01,0x18,0x02}, /* 务 */
    {0x7F,0x01,0x08,0x01,0x3E,0x01,0x92,0x05,0x12,0x05,0x7F,0x05,0x00,0x05,0x3E,0x01,0x22,0x01,0x22,0x01,0x3E,0x01,0x22,0x01}, /* 悟 */
    {0x7C,0x04,0x44,0x02,0x44,0x00,0x7C,0x00,0x00,0x06,0xFE,0x02,0x10,0x02,0xFF,0x03,0x10,0x02,0x28,0x03,0x44,0x02,0x83,0x00}, /* 误 */
    {0x88,0x00,0xFE,0x03,0x88,0x00,0x88,0x00,0xFF,0x07,0x00,0x00,0xFC,0x01,0x04,0x01,0xFC,0x01,0x04,0x01,0xFC,0x01,0x04,0x01}, /* 昔 */
    {0xEF,0x07,0x89,0x04,0xC9,0x05,0x49,0x05,0x4F,0x05,0xC8,0x05,0x89,0x04,0x89,0x04,0xE7,0x07,0x00,0x00,0x92,0x02,0x49,0x04}, /* 熙 */
    {0x07,0x01,0x38,0x01,0x20,0x01,0xA0,0x07,0x3F,0x01,0x24,0x03,0xA4,0x03,0x24,0x05,0x24,0x01,0x44,0x01,0x44,0x01,0x84,0x01}, /* 析 */
    {0xFF,0x07,0x50,0x00,0x50,0x00,0xFE,0x03,0x52,0x02,0x52,0x02,0x52,0x02,0x8E,0x02,0x02,0x03,0x02,0x02,0xFE,0x03,0x02,0x02}, /* 西 */
    {0x00,0x00,0xBF,0x07,0x14,0x01,0x14,0x01,0x7F,0x02,0xD5,0x03,0x55,0x06,0x57,0x02,0x61,0x02,0xC1,0x03,0x7F,0x02,0x41,0x00}, /* 硒 */
    {0x08,0x00,0xC8,0x07,0x0F,0x01,0x11,0x01,0x11,0x02,0xEA,0x03,0x4A,0x06,0x44,0x02,0x44,0x02,0xC8,0x03,0x50,0x02,0x20,0x00}, /* 矽 */
    {0x21,0x00,0x2E,0x07,0x28,0x05,0xF8,0x05,0x2F,0x05,0x6A,0x07,0x7A,0x05,0xAA,0x05,0x2A,0x05,0x2A,0x07,0x32,0x05,0x22,0x00}, /* 晰 */
    {0x10,0x00,0xFF,0x00,0x10,0x07,0x7E,0x05,0x00,0x05,0x7E,0x05,0x42,0x05,0x7E,0x05,0x24,0x07,0xFF,0x05,0x42,0x00,0x7E,0x00}, /* 嘻 */
    {0x00,0x00,0x7E,0x07,0x22,0x05,0x22,0x05,0x24,0x05,0x27,0x05,0x21,0x05,0x31,0x05,0x2A,0x07,0x44,0x05,0x4A,0x00,0x91,0x00}, /* 吸 */
    {0x3E,0x02,0x22,0x02,0xBE,0x03,0x22,0x04,0xBE,0x07,0x10,0x02,0x3F,0x02,0xD5,0x07,0x25,0x02,0x49,0x02,0x11,0x03,0x26,0x02}, /* 锡 */
    {0x00,0x01,0x7F,0x01,0x14,0x05,0x94,0x07,0x7F,0x05,0x55,0x01,0xD5,0x01,0x57,0x07,0x61,0x01,0x41,0x01,0x7F,0x01,0x41,0x01}, /* 牺 */
    {0xA2,0x00,0x1C,0x07,0x22,0x01,0x08,0x01,0xBF,0x07,0x10,0x01,0xA8,0x03,0x7F,0x03,0x29,0x05,0x29,0x01,0x2B,0x01,0x08,0x01}, /* 稀 */
    {0x40,0x00,0xFE,0x03,0x02,0x02,0xFE,0x03,0x02,0x02,0xFE,0x03,0x02,0x02,0xFE,0x03,0x20,0x00,0x92,0x02,0x85,0x02,0x7D,0x04}, /* 息 */
    {0x02,0x03,0xCC,0x00,0x30,0x00,0xCC,0x03,0x82,0x00,0xFF,0x07,0x20,0x01,0xFE,0x03,0x22,0x05,0x22,0x01,0x26,0x01,0x20,0x00}, /* 希 */
    {0x1E,0x00,0xE0,0x03,0x24,0x01,0xA8,0x00,0xFF,0x07,0xA8,0x00,0x24,0x01,0x03,0x06,0x20,0x00,0x92,0x02,0x85,0x02,0x7D,0x04}, /* 悉 */
    {0x88,0x03,0xFF,0x02,0xAA,0x02,0xC9,0x03,0x94,0x02,0xA2,0x02,0xC9,0x03,0xAA,0x02,0x9C,0x02,0xAA,0x02,0xC9,0x02,0x98,0x05}, /* 膝 */
    {0x40,0x00,0x40,0x00,0xFF,0x00,0x81,0x00,0x02,0x01,0x82,0x02,0x44,0x04,0x48,0x00,0x30,0x00,0x20,0x00,0xC0,0x00,0x00,0x07}, /* 夕 */
    {0x12,0x01,0x12,0x01,0x3F,0x01,0x92,0x05,0x7F,0x05,0x00,0x05,0x3F,0x05,0x21,0x01,0x3F,0x01,0x21,0x01,0x3F,0x01,0x21,0x01}, /* 惜 */
    {0x08,0x01,0x3E,0x01,0x62,0x01,0xBE,0x05,0x22,0x05,0x3E,0x05,0x22,0x05,0x3E,0x01,0x08,0x01,0xA2,0x02,0x55,0x02,0x1C,0x04}, /* 熄 */
    {0x22,0x01,0x1C,0x01,0xA2,0x01,0x08,0x05,0x7F,0x05,0x10,0x05,0x28,0x05,0x7F,0x01,0x29,0x01,0xA9,0x02,0xAB,0x02,0x08,0x04}, /* 烯 */
    {0x07,0x00,0xF8,0x04,0x50,0x02,0x2A,0x00,0x44,0x00,0x30,0x04,0x44,0x02,0xFE,0x00,0x12,0x00,0xFF,0x02,0x28,0x04,0xC6,0x00}, /* 溪 */
    {0x10,0x02,0x10,0x01,0x1F,0x00,0x21,0x00,0x21,0x04,0x52,0x02,0x8A,0x00,0x04,0x00,0x04,0x01,0x08,0x02,0x10,0x04,0x20,0x00}, /* 汐 */
    {0xFF,0x03,0x01,0x02,0xFF,0x03,0x92,0x02,0x54,0x02,0x82,0x02,0x50,0x02,0x7E,0x02,0x90,0x02,0xFF,0x03,0x10,0x02,0x10,0x04}, /* 犀 */
    {0x24,0x02,0x74,0x02,0x54,0x02,0x77,0x07,0x5A,0x02,0x72,0x02,0x2A,0x07,0xFA,0x06,0x4A,0x02,0x74,0x02,0x5A,0x02,0xB1,0x02}, /* 檄 */
    {0x84,0x00,0xFF,0x07,0x94,0x00,0x18,0x01,0x31,0x02,0xCF,0x04,0x20,0x00,0xFF,0x07,0x50,0x00,0x8A,0x01,0xA4,0x06,0xC3,0x00}, /* 袭 */
    {0x10,0x00,0xFF,0x03,0x44,0x02,0xFF,0x03,0x44,0x02,0x7C,0x02,0x10,0x02,0xFE,0x02,0x92,0x02,0x92,0x02,0x96,0x04,0x10,0x00}, /* 席 */
    {0x00,0x00,0xFE,0x03,0x02,0x00,0x02,0x01,0x82,0x00,0x42,0x00,0x0A,0x00,0x32,0x00,0xC2,0x00,0x02,0x07,0x02,0x00,0x1C,0x00}, /* 习 */
    {0x08,0x01,0x3E,0x01,0x22,0x01,0xBE,0x07,0xA2,0x02,0xBE,0x02,0xA2,0x02,0xBE,0x04,0x88,0x02,0x22,0x01,0xD5,0x02,0x9C,0x04}, /* 媳 */
    {0x20,0x00,0xFF,0x07,0x20,0x00,0xFE,0x03,0x00,0x00,0xFE,0x03,0x02,0x02,0xFE,0x03,0x04,0x01,0xFF,0x07,0x02,0x02,0xFE,0x03}, /* 喜 */
    {0x08,0x02,0x28,0x02,0xA8,0x03,0x3E,0x04,0x48,0x07,0x08,0x02,0x7F,0x02,0x94,0x07,0x14,0x02,0x94,0x02,0x25,0x03,0x43,0x02}, /* 铣 */
    {0x10,0x00,0x50,0x04,0x50,0x02,0x7E,0x00,0x90,0x00,0x10,0x04,0xFF,0x02,0x48,0x00,0x48,0x00,0x48,0x02,0x89,0x04,0x07,0x01}, /* 洗 */
    {0x1E,0x00,0xE0,0x03,0x40,0x00,0x84,0x00,0xF8,0x01,0x30,0x00,0xC2,0x00,0xFF,0x03,0x21,0x00,0x24,0x01,0x22,0x02,0x61,0x04}, /* 系 */
    {0x08,0x00,0xAA,0x07,0xC9,0x04,0xBE,0x04,0x22,0x05,0x3E,0x05,0xA2,0x04,0xBE,0x04,0x88,0x04,0x2A,0x07,0x49,0x04,0x18,0x04}, /* 隙 */
    {0x0A,0x00,0x09,0x00,0xC8,0x07,0x4F,0x00,0x78,0x04,0x8A,0x02,0x8A,0x02,0x0A,0x01,0x04,0x01,0x8D,0x02,0x93,0x02,0x21,0x04}, /* 戏 */
    {0x00,0x01,0x7F,0x01,0x49,0x02,0xC9,0x04,0x49,0x07,0x7F,0x01,0x49,0x02,0xC9,0x07,0x49,0x00,0xC9,0x01,0x7F,0x06,0x41,0x00}, /* 细 */
    {0x08,0x00,0x7F,0x07,0x49,0x05,0x3E,0x05,0x08,0x07,0x3E,0x05,0x08,0x05,0x7F,0x07,0x08,0x05,0x3E,0x05,0x22,0x07,0x3E,0x05}, /* 瞎 */
    {0x00,0x01,0x7F,0x01,0x08,0x01,0xC8,0x07,0x48,0x05,0x4C,0x05,0xCA,0x07,0x09,0x01,0x49,0x01,0xC8,0x01,0x48,0x06,0x08,0x00}, /* 虾 */
    {0xFF,0x03,0x00,0x02,0xFE,0x02,0x92,0x02,0x92,0x02,0xFE,0x02,0x92,0x02,0x92,0x02,0xFE,0x02,0x10,0x02,0x10,0x02,0xFF,0x03}, /* 匣 */
    {0xFE,0x03,0x20,0x00,0xFF,0x07,0x25,0x05,0xDE,0x03,0x42,0x02,0xDE,0x03,0x00,0x02,0xDE,0x03,0x12,0x02,0xCC,0x03,0x33,0x02}, /* 霞 */
    {0x08,0x01,0x7F,0x01,0xC9,0x07,0x3E,0x02,0x08,0x03,0x3E,0x05,0x88,0x07,0x7F,0x01,0x88,0x01,0x3E,0x07,0x22,0x01,0x3E,0x01}, /* 辖 */
    {0x77,0x00,0x51,0x07,0x51,0x05,0x77,0x05,0x40,0x05,0x40,0x07,0x77,0x05,0x45,0x05,0x45,0x05,0x72,0x07,0x45,0x05,0x49,0x00}, /* 暇 */
    {0x04,0x01,0x04,0x01,0x1F,0x01,0x44,0x05,0x55,0x05,0x4E,0x05,0x44,0x05,0x5F,0x05,0xC4,0x05,0x4A,0x06,0x12,0x00,0x21,0x00}, /* 峡 */
    {0x88,0x00,0x88,0x00,0x7F,0x01,0x08,0x01,0x49,0x03,0x2A,0x05,0x08,0x01,0x7F,0x01,0x08,0x01,0x14,0x01,0x22,0x01,0x41,0x01}, /* 侠 */
    {0x08,0x01,0x08,0x05,0x7F,0x02,0x08,0x05,0x49,0x01,0x2A,0x01,0x08,0x03,0x7F,0x05,0x08,0x01,0x14,0x01,0x22,0x01,0x41,0x06}, /* 狭 */
    {0x00,0x00,0xFF,0x07,0x40,0x00,0x40,0x00,0x50,0x00,0x48,0x00,0x44,0x00,0x42,0x00,0x42,0x00,0x40,0x00,0x40,0x00,0x40,0x00}, /* 下 */
    {0xFF,0x03,0x00,0x02,0xFF,0x03,0x20,0x02,0xFE,0x02,0x82,0x02,0xFE,0x02,0x82,0x02,0xFE,0x02,0x44,0x03,0x38,0x02,0xC7,0x05}, /* 厦 */
    {0xFF,0x07,0x20,0x00,0xFE,0x03,0x02,0x02,0xFE,0x03,0x02,0x02,0xFE,0x03,0x80,0x00,0xFC,0x01,0x84,0x02,0x78,0x00,0x87,0x07}, /* 夏 */
    {0x00,0x00,0x7F,0x00,0x88,0x07,0x88,0x04,0x88,0x04,0x8C,0x04,0x8A,0x04,0x89,0x04,0x89,0x07,0x88,0x04,0x08,0x00,0x08,0x00}, /* 吓 */
    {0x14,0x02,0xE4,0x02,0x87,0x02,0x89,0x07,0xF1,0x02,0xA4,0x02,0xA4,0x03,0xA4,0x06,0xA4,0x02,0xAA,0x02,0x2A,0x03,0x11,0x06}, /* 掀 */
    {0x14,0x02,0x64,0x03,0x47,0x04,0x45,0x00,0x79,0x07,0x50,0x02,0x52,0x02,0x52,0x07,0x52,0x02,0x55,0x03,0x55,0x02,0x89,0x00}, /* 锨 */
    {0x20,0x00,0x20,0x01,0x20,0x01,0xFE,0x01,0x20,0x02,0x20,0x00,0xFF,0x07,0x48,0x00,0x48,0x00,0x89,0x00,0x09,0x01,0x07,0x02}, /* 先 */
    {0x88,0x00,0x88,0x00,0x08,0x01,0x49,0x01,0x49,0x03,0x49,0x05,0x49,0x01,0x49,0x01,0x49,0x01,0x49,0x01,0x7F,0x01,0x01,0x01}, /* 仙 */
    {0x11,0x02,0x8A,0x03,0x9F,0x04,0x04,0x01,0xC4,0x07,0x5F,0x05,0xC4,0x07,0x44,0x05,0xDF,0x07,0x04,0x00,0xC4,0x01,0x04,0x06}, /* 鲜 */
    {0x06,0x01,0x38,0x01,0x08,0x02,0x88,0x04,0x08,0x07,0x7F,0x01,0x08,0x02,0x88,0x07,0x08,0x00,0x88,0x01,0x08,0x06,0x08,0x00}, /* 纤 */
    {0x05,0x00,0x04,0x00,0xFF,0x03,0x04,0x02,0xF4,0x02,0x05,0x02,0xF5,0x02,0x95,0x02,0x96,0x02,0xF5,0x02,0x0B,0x02,0x11,0x04}, /* 咸 */
    {0xBE,0x00,0x92,0x04,0x8C,0x04,0x92,0x04,0xA1,0x00,0x00,0x00,0xFE,0x03,0x22,0x02,0x22,0x02,0x58,0x00,0x86,0x01,0x01,0x06}, /* 贤 */
    {0x40,0x01,0x47,0x02,0x70,0x04,0x80,0x01,0xF7,0x02,0x42,0x06,0x42,0x02,0xF2,0x02,0x42,0x02,0x52,0x02,0x62,0x02,0x46,0x02}, /* 衔 */
    {0x08,0x01,0xC4,0x03,0x5F,0x02,0x44,0x03,0xC8,0x02,0x51,0x02,0xDE,0x07,0x44,0x02,0x48,0x03,0xD2,0x02,0x5F,0x02,0xC1,0x04}, /* 舷 */
    {0xFF,0x04,0x01,0x02,0x21,0x00,0x21,0x04,0xFD,0x05,0x21,0x04,0x71,0x04,0xA9,0x04,0x25,0x05,0x21,0x04,0x21,0x04,0x03,0x04}, /* 闲 */
    {0x03,0x04,0xDC,0x02,0x44,0x00,0x44,0x00,0x97,0x04,0x94,0x02,0xD4,0x00,0x54,0x00,0x5F,0x00,0x40,0x03,0x80,0x04,0x7F,0x01}, /* 涎 */
    {0x10,0x00,0x08,0x07,0x7F,0x01,0x08,0x01,0x10,0x07,0x22,0x04,0x7C,0x04,0x08,0x07,0x10,0x01,0x22,0x01,0x7F,0x01,0x01,0x06}, /* 弦 */
    {0x44,0x01,0x28,0x01,0x7E,0x01,0xA8,0x07,0xFE,0x02,0xAA,0x02,0xFF,0x02,0xAA,0x04,0xFE,0x02,0x6C,0x01,0xAA,0x02,0xA9,0x04}, /* 嫌 */
    {0x00,0x00,0xFE,0x03,0x02,0x02,0xFE,0x03,0x02,0x02,0xFE,0x03,0x88,0x00,0x89,0x04,0x8A,0x02,0x8C,0x01,0x88,0x00,0xFF,0x07}, /* 显 */
    {0x08,0x00,0x88,0x07,0x94,0x04,0xA2,0x04,0x41,0x05,0x3E,0x05,0x80,0x04,0x92,0x04,0xCA,0x04,0x2A,0x07,0x24,0x04,0x7F,0x04}, /* 险 */
    {0x00,0x00,0xBE,0x07,0x22,0x01,0x2A,0x01,0x2A,0x01,0xAA,0x07,0x2A,0x01,0x2A,0x01,0x14,0x01,0x94,0x01,0x25,0x06,0x43,0x00}, /* 现 */
    {0x84,0x00,0xF6,0x07,0x85,0x00,0xE4,0x07,0x6F,0x05,0xA4,0x04,0xE4,0x05,0xA4,0x04,0xEA,0x07,0xAA,0x04,0xAA,0x04,0x71,0x04}, /* 献 */
    {0xFC,0x01,0x04,0x01,0xFC,0x01,0x04,0x01,0xFC,0x01,0x04,0x01,0xFF,0x07,0x40,0x00,0x88,0x00,0x04,0x01,0xFE,0x03,0x02,0x00}, /* 县 */
    {0x08,0x00,0xBE,0x03,0xA2,0x02,0xBE,0x02,0xA2,0x03,0xBE,0x02,0x88,0x02,0xED,0x03,0xAA,0x02,0xAA,0x02,0xC9,0x02,0x98,0x05}, /* 腺 */
    {0x10,0x02,0x1E,0x02,0xA2,0x03,0x84,0x04,0x10,0x01,0x23,0x02,0x21,0x02,0x37,0x02,0x21,0x02,0xA1,0x02,0x3F,0x03,0x21,0x02}, /* 馅 */
    {0x88,0x00,0xFF,0x07,0x20,0x00,0xFE,0x03,0x20,0x00,0xFF,0x07,0x40,0x00,0x7F,0x04,0x91,0x02,0x2A,0x00,0x44,0x02,0x83,0x04}, /* 羡 */
    {0x20,0x00,0xFF,0x07,0x01,0x04,0x20,0x01,0xFE,0x01,0x20,0x02,0x20,0x00,0xFF,0x07,0x88,0x00,0x88,0x00,0x09,0x01,0x07,0x06}, /* 宪 */
    {0x10,0x00,0x9E,0x07,0xA2,0x04,0x84,0x04,0x10,0x05,0x23,0x05,0xA1,0x04,0xB7,0x04,0xA1,0x04,0x21,0x07,0x3F,0x04,0x21,0x04}, /* 陷 */
    {0xBE,0x07,0xA2,0x04,0xA2,0x04,0x3E,0x05,0x22,0x05,0xA2,0x04,0xBE,0x04,0xA9,0x04,0xAA,0x04,0x24,0x07,0x32,0x04,0x21,0x04}, /* 限 */
    {0x0A,0x01,0x09,0x01,0x0F,0x02,0xB8,0x04,0x08,0x07,0x0F,0x01,0x38,0x02,0x8A,0x07,0x0C,0x00,0x89,0x01,0x15,0x06,0x63,0x00}, /* 线 */
    {0x00,0x01,0x3F,0x01,0x21,0x01,0xA1,0x07,0x3F,0x01,0x21,0x03,0xA1,0x03,0x3F,0x05,0x21,0x01,0x21,0x01,0x3F,0x01,0x21,0x01}, /* 相 */
    {0xFF,0x03,0x00,0x02,0x4F,0x02,0x49,0x02,0xF9,0x03,0x4F,0x02,0x49,0x02,0xEF,0x02,0x59,0x03,0x49,0x02,0x4F,0x02,0x49,0x04}, /* 厢 */
    {0x08,0x02,0x7F,0x03,0x00,0x04,0x77,0x00,0x55,0x07,0x77,0x02,0x14,0x02,0x7F,0x07,0x14,0x02,0x7F,0x02,0x32,0x03,0x59,0x02}, /* 镶 */
    {0x1C,0x00,0xE0,0x01,0x20,0x00,0xFF,0x07,0xA8,0x00,0x24,0x01,0x23,0x06,0xFC,0x01,0x04,0x01,0xFC,0x01,0x04,0x01,0xFC,0x01}, /* 香 */
    {0x10,0x02,0xDF,0x03,0xA4,0x04,0x00,0x01,0x3F,0x01,0xE1,0x07,0x3F,0x01,0xA1,0x03,0x7F,0x05,0x21,0x01,0x3F,0x01,0x21,0x01}, /* 箱 */
    {0x20,0x00,0xFF,0x07,0x00,0x00,0xDE,0x03,0x52,0x02,0xDE,0x03,0x88,0x00,0xFE,0x03,0x88,0x00,0xFF,0x07,0x88,0x01,0xC7,0x06}, /* 襄 */
    {0x40,0x04,0x4F,0x02,0x49,0x00,0xF9,0x01,0x4F,0x04,0x69,0x02,0xD9,0x00,0x4F,0x01,0x49,0x00,0x49,0x02,0x4F,0x04,0x49,0x00}, /* 湘 */
    {0x40,0x00,0x80,0x00,0x04,0x01,0x08,0x02,0xF0,0x03,0x61,0x00,0x81,0x01,0xFE,0x03,0x04,0x00,0x18,0x00,0x60,0x00,0x80,0x07}, /* 乡 */
    {0x40,0x04,0xBB,0x02,0x09,0x00,0x89,0x07,0x2D,0x01,0x9B,0x03,0x09,0x01,0x9B,0x07,0x2D,0x01,0x09,0x01,0x09,0x02,0x1B,0x04}, /* 翔 */
    {0x22,0x02,0x14,0x01,0xBE,0x07,0x88,0x00,0x08,0x01,0xBE,0x01,0x48,0x03,0x08,0x05,0x7F,0x01,0x08,0x01,0x08,0x01,0x08,0x01}, /* 祥 */
    {0x22,0x02,0x14,0x01,0x7F,0x00,0x08,0x00,0x08,0x06,0x7F,0x02,0x08,0x02,0x08,0x02,0xFF,0x02,0x08,0x03,0x08,0x02,0x08,0x00}, /* 详 */
    {0x80,0x00,0x9F,0x00,0xF1,0x07,0x9F,0x00,0xD1,0x01,0xBF,0x02,0x91,0x04,0x9F,0x00,0x20,0x00,0x92,0x02,0x85,0x02,0x7D,0x04}, /* 想 */
    {0x08,0x00,0x10,0x00,0x7F,0x07,0x41,0x05,0x41,0x05,0x5D,0x05,0x55,0x05,0x55,0x05,0x5D,0x07,0x41,0x05,0x41,0x00,0x43,0x00}, /* 响 */
    {0x20,0x00,0xFF,0x07,0x00,0x00,0xFE,0x03,0x02,0x02,0xFE,0x03,0x00,0x00,0xFC,0x03,0x08,0x00,0xFF,0x07,0x10,0x00,0x70,0x00}, /* 享 */
    {0x7F,0x00,0x08,0x07,0x10,0x02,0x7F,0x02,0x41,0x02,0x49,0x02,0x49,0x02,0x49,0x02,0x49,0x03,0x14,0x04,0x22,0x00,0xC1,0x00}, /* 项 */
    {0x88,0x00,0x88,0x00,0xFE,0x03,0x88,0x00,0xFF,0x07,0x04,0x01,0xFE,0x03,0x05,0x05,0xFC,0x01,0x00,0x01,0x02,0x01,0xFE,0x00}, /* 巷 */
    {0x20,0x01,0x3E,0x01,0x42,0x01,0xFF,0x07,0x49,0x01,0x7F,0x03,0x91,0x03,0x6A,0x05,0x14,0x01,0x6E,0x01,0x15,0x01,0x6C,0x01}, /* 橡 */
    {0x40,0x01,0x7C,0x01,0x84,0x02,0xFE,0x03,0x92,0x06,0xFE,0x02,0x20,0x02,0xD2,0x02,0x2C,0x02,0xDA,0x02,0x29,0x02,0xD8,0x02}, /* 像 */
    {0x40,0x00,0x80,0x00,0xFF,0x07,0x01,0x04,0x01,0x04,0xF9,0x04,0x89,0x04,0x89,0x04,0x89,0x04,0xF9,0x04,0x01,0x04,0x07,0x04}, /* 向 */
    {0x80,0x00,0xF8,0x01,0x08,0x02,0xFE,0x07,0x22,0x02,0xFE,0x03,0xC2,0x00,0x24,0x03,0xD8,0x00,0x34,0x03,0xD3,0x00,0x30,0x07}, /* 象 */
    {0x88,0x00,0xFF,0x07,0xA8,0x00,0xFE,0x03,0x22,0x00,0xFF,0x07,0x22,0x00,0xFE,0x03,0x20,0x00,0x72,0x02,0xAA,0x02,0x22,0x04}, /* 萧 */
    {0x08,0x00,0xC9,0x07,0x2A,0x01,0x08,0x01,0x3F,0x02,0xA1,0x03,0xBF,0x06,0xA1,0x02,0xBF,0x02,0xA1,0x02,0xA1,0x03,0xA3,0x02}, /* 硝 */
    {0xFE,0x03,0x20,0x00,0xFF,0x07,0x25,0x05,0xA8,0x00,0xFE,0x03,0x02,0x02,0xFE,0x03,0x02,0x02,0xFE,0x03,0x02,0x02,0x06,0x02}, /* 霄 */
    {0x81,0x00,0x91,0x04,0xA5,0x02,0x85,0x00,0xF5,0x07,0x15,0x04,0xF5,0x07,0x15,0x04,0xF5,0x07,0x11,0x04,0x11,0x04,0x33,0x04}, /* 削 */
    {0x10,0x00,0x7D,0x07,0x12,0x05,0xFF,0x05,0x08,0x05,0x7E,0x05,0x22,0x05,0x4C,0x05,0xBF,0x07,0x08,0x05,0x08,0x00,0x18,0x00}, /* 哮 */
    {0xDE,0x03,0x52,0x02,0xFF,0x07,0x20,0x00,0xFE,0x03,0x02,0x02,0x22,0x02,0xDC,0x00,0x03,0x07,0xDE,0x03,0x52,0x02,0xDE,0x03}, /* 嚣 */
    {0x08,0x02,0x49,0x03,0x2A,0x04,0x08,0x00,0x7F,0x07,0x41,0x02,0x7F,0x02,0x41,0x07,0x7F,0x02,0x41,0x02,0x41,0x03,0x43,0x02}, /* 销 */
    {0x08,0x00,0x49,0x02,0x2A,0x01,0x08,0x00,0x7F,0x04,0x41,0x02,0x7F,0x00,0x41,0x00,0x7F,0x01,0x41,0x02,0x41,0x04,0x43,0x00}, /* 消 */
    {0x20,0x00,0xFF,0x07,0x01,0x04,0x24,0x01,0xA8,0x00,0xFE,0x03,0x02,0x02,0xFE,0x03,0x02,0x02,0xFE,0x03,0x02,0x02,0x06,0x02}, /* 宵 */
    {0x42,0x04,0x3C,0x02,0x52,0x00,0xFF,0x00,0x20,0x04,0x7E,0x02,0xC2,0x00,0x7E,0x01,0x42,0x00,0x7E,0x02,0x42,0x04,0x46,0x00}, /* 淆 */
    {0x10,0x00,0x1F,0x07,0xF2,0x05,0x14,0x05,0x09,0x05,0x77,0x07,0x00,0x05,0xFF,0x05,0x24,0x05,0x24,0x07,0x45,0x05,0x83,0x00}, /* 晓 */
    {0x20,0x00,0x20,0x00,0x20,0x00,0x20,0x00,0x24,0x01,0x22,0x01,0x22,0x02,0x21,0x02,0x21,0x04,0x20,0x00,0x20,0x00,0xE0,0x00}, /* 小 */
    {0x42,0x00,0xF4,0x03,0x48,0x00,0xFF,0x07,0x20,0x00,0xFC,0x03,0x88,0x00,0x10,0x01,0xFF,0x03,0x10,0x04,0x10,0x00,0x70,0x00}, /* 孝 */
    {0x10,0x01,0x08,0x01,0x7F,0x01,0x80,0x07,0x14,0x01,0xA2,0x03,0x55,0x03,0x14,0x05,0x14,0x01,0x08,0x01,0x14,0x01,0x63,0x01}, /* 校 */
    {0x20,0x00,0x22,0x02,0x24,0x01,0x20,0x00,0xFE,0x03,0x02,0x02,0xFE,0x03,0x02,0x02,0xFE,0x03,0x02,0x02,0x02,0x02,0x06,0x02}, /* 肖 */
    {0x10,0x00,0x7E,0x07,0x12,0x05,0xFF,0x05,0x12,0x05,0x7E,0x05,0x10,0x05,0x52,0x05,0x7A,0x07,0x56,0x05,0x52,0x00,0x92,0x00}, /* 啸 */
    {0x08,0x01,0xEF,0x01,0x94,0x02,0x42,0x04,0x1C,0x00,0xE0,0x01,0x20,0x00,0xFF,0x07,0x50,0x00,0x88,0x00,0x04,0x01,0x03,0x06}, /* 笑 */
    {0x08,0x01,0x88,0x00,0xE8,0x07,0x0F,0x00,0x52,0x02,0x2A,0x02,0x0A,0x04,0x4A,0x01,0x84,0x00,0x44,0x01,0x2A,0x02,0x11,0x04}, /* 效 */
    {0x20,0x01,0x7F,0x01,0xA5,0x07,0x75,0x01,0x25,0x01,0xF5,0x03,0x2B,0x03,0x08,0x05,0x7F,0x01,0x14,0x01,0x22,0x01,0x41,0x01}, /* 楔 */
    {0x88,0x00,0x89,0x02,0xEA,0x02,0x8C,0x02,0x89,0x02,0xE9,0x02,0x07,0x07,0x00,0x00,0xFC,0x01,0x00,0x00,0x00,0x00,0xFF,0x07}, /* 些 */
    {0xC8,0x07,0x48,0x04,0xCF,0x07,0x49,0x04,0xD2,0x07,0x00,0x02,0xE4,0x03,0x24,0x05,0xA4,0x02,0x2A,0x04,0xAA,0x07,0xD1,0x00}, /* 歇 */
    {0x1E,0x01,0x12,0x01,0x1E,0x01,0xD2,0x07,0x5E,0x05,0x48,0x05,0xCF,0x07,0x15,0x01,0x4B,0x01,0xD1,0x01,0x5D,0x06,0x03,0x00}, /* 蝎 */
    {0x88,0x02,0xC8,0x07,0xBE,0x02,0x88,0x03,0x08,0x01,0xFF,0x07,0x40,0x05,0xC8,0x07,0x3E,0x01,0xC8,0x07,0x08,0x01,0x7F,0x01}, /* 鞋 */
    {0x20,0x02,0x20,0x02,0x20,0x02,0xFC,0x02,0x24,0x07,0x24,0x02,0x66,0x02,0xA5,0x02,0x25,0x02,0x44,0x02,0x44,0x02,0x98,0x02}, /* 协 */
    {0x08,0x02,0x08,0x02,0x7F,0x02,0x08,0x07,0x49,0x02,0x2A,0x02,0x08,0x03,0x7F,0x06,0x08,0x02,0x14,0x02,0x22,0x02,0x41,0x06}, /* 挟 */
    {0x14,0x01,0x3F,0x01,0x64,0x01,0xBF,0x07,0x24,0x01,0x3F,0x01,0xA4,0x01,0x7F,0x07,0x12,0x01,0x17,0x01,0x21,0x01,0x46,0x03}, /* 携 */
    {0x00,0x00,0xEF,0x03,0x49,0x00,0x49,0x01,0x4A,0x02,0xEA,0x03,0xC9,0x00,0x49,0x01,0x49,0x01,0x4E,0x02,0x48,0x04,0xC8,0x00}, /* 邪 */
    {0x82,0x00,0x52,0x01,0x2A,0x02,0xC2,0x05,0x92,0x00,0x8A,0x00,0xE3,0x03,0x9E,0x00,0xC2,0x02,0xA2,0x04,0x82,0x00,0x82,0x01}, /* 斜 */
    {0x10,0x00,0x90,0x03,0xBC,0x02,0x94,0x02,0x94,0x03,0xB6,0x02,0xD5,0x02,0x95,0x03,0xA4,0x02,0xA4,0x02,0xC4,0x02,0x98,0x05}, /* 胁 */
    {0x45,0x04,0x76,0x02,0x44,0x00,0x55,0x00,0x63,0x06,0x08,0x02,0x7F,0x02,0x41,0x02,0x7F,0x02,0x41,0x02,0x7F,0x03,0x41,0x02}, /* 谐 */
    {0xFF,0x07,0x01,0x05,0x00,0x01,0xFE,0x01,0x00,0x01,0x00,0x02,0xFE,0x03,0x02,0x00,0x02,0x00,0xFA,0x07,0x02,0x00,0x1C,0x00}, /* 写 */
    {0x05,0x01,0x04,0x01,0x7F,0x01,0x84,0x07,0x54,0x01,0x55,0x03,0xFD,0x03,0x56,0x05,0x56,0x01,0x55,0x01,0x8B,0x01,0x11,0x01}, /* 械 */
    {0x00,0x02,0xEF,0x03,0x89,0x04,0x89,0x00,0xE9,0x07,0x89,0x00,0x89,0x02,0xE9,0x02,0x89,0x02,0xEB,0x02,0x08,0x07,0x08,0x00}, /* 卸 */
    {0xDF,0x03,0x49,0x04,0xEB,0x03,0xB4,0x02,0xEF,0x03,0xA4,0x02,0x24,0x04,0xFE,0x03,0x22,0x02,0xFE,0x03,0x21,0x00,0xFF,0x07}, /* 蟹 */
    {0x4F,0x02,0x75,0x02,0x95,0x02,0x2B,0x03,0xFA,0x06,0xAF,0x06,0xFA,0x02,0xAA,0x02,0xFF,0x02,0xAA,0x02,0xAA,0x02,0x1A,0x03}, /* 懈 */
    {0x12,0x04,0x92,0x02,0x92,0x00,0x92,0x00,0xFF,0x05,0x92,0x02,0x92,0x00,0x92,0x00,0x9E,0x00,0x80,0x02,0x80,0x04,0xFF,0x00}, /* 泄 */
    {0xFF,0x04,0xA1,0x02,0x20,0x00,0x3F,0x00,0x20,0x04,0x40,0x02,0x7F,0x00,0x01,0x00,0x01,0x01,0xFD,0x02,0x01,0x04,0x0E,0x00}, /* 泻 */
    {0x42,0x04,0xF2,0x02,0x92,0x00,0xF7,0x00,0x92,0x06,0xF2,0x02,0x9A,0x02,0xF6,0x03,0x52,0x02,0x92,0x02,0x12,0x03,0x36,0x02}, /* 谢 */
    {0xFF,0x03,0x01,0x02,0xFF,0x03,0x91,0x02,0x52,0x02,0xFF,0x02,0x81,0x02,0xFF,0x02,0x81,0x02,0xFF,0x02,0x81,0x02,0x83,0x04}, /* 屑 */
    {0x04,0x01,0xFF,0x07,0x04,0x01,0x83,0x00,0xEC,0x03,0x48,0x01,0xF8,0x07,0x8F,0x00,0xEA,0x03,0x8A,0x00,0xAA,0x02,0x92,0x05}, /* 薪 */
    {0x88,0x00,0x88,0x00,0xFF,0x07,0x88,0x00,0x00,0x00,0x20,0x00,0x90,0x00,0x92,0x02,0x81,0x02,0x85,0x02,0x85,0x04,0x7C,0x00}, /* 芯 */
    {0x10,0x02,0x08,0x02,0xBE,0x03,0x00,0x04,0xA2,0x07,0x14,0x02,0x7F,0x02,0x88,0x07,0x3E,0x02,0x88,0x02,0x08,0x03,0x08,0x02}, /* 锌 */
    {0x68,0x00,0x88,0x03,0x0F,0x02,0x09,0x02,0xF2,0x03,0x40,0x02,0x44,0x02,0x44,0x02,0x44,0x02,0x4A,0x02,0x4A,0x02,0x51,0x04}, /* 欣 */
    {0x40,0x00,0x20,0x00,0xFE,0x03,0x04,0x01,0x88,0x00,0xFF,0x07,0x20,0x00,0x20,0x00,0xFE,0x03,0x20,0x00,0x20,0x00,0x20,0x00}, /* 辛 */
    {0x81,0x00,0xEE,0x03,0x08,0x00,0x28,0x02,0x4F,0x01,0xEA,0x07,0x8A,0x00,0xEA,0x03,0x8A,0x00,0xAA,0x02,0x92,0x04,0xA2,0x01}, /* 新 */
    {0x06,0x01,0x38,0x01,0x20,0x01,0xA0,0x05,0x7F,0x05,0x24,0x05,0x24,0x05,0x24,0x01,0x24,0x01,0x24,0x01,0x24,0x01,0x44,0x01}, /* 忻 */
    {0x00,0x00,0x40,0x00,0x20,0x00,0x10,0x00,0x90,0x00,0x82,0x00,0x81,0x02,0x81,0x02,0x81,0x02,0x84,0x04,0x84,0x00,0x7C,0x00}, /* 心 */
    {0x10,0x01,0x08,0x01,0xFF,0x02,0x00,0x02,0x7E,0x06,0x00,0x02,0x7E,0x02,0x00,0x02,0x7E,0x02,0x42,0x02,0x7E,0x02,0x42,0x02}, /* 信 */
    {0x84,0x00,0x95,0x00,0x0E,0x01,0xE4,0x03,0xBF,0x02,0xA4,0x02,0xA4,0x02,0xBF,0x02,0xA4,0x02,0xF4,0x02,0x84,0x07,0x04,0x00}, /* 衅 */
    {0xFE,0x03,0x02,0x02,0xFE,0x03,0x02,0x02,0xFE,0x03,0x20,0x00,0x20,0x02,0xFE,0x03,0x20,0x04,0xFC,0x01,0x20,0x00,0xFF,0x07}, /* 星 */
    {0xBE,0x03,0xA2,0x02,0xBE,0x02,0xA2,0x03,0xBE,0x02,0x88,0x02,0xA8,0x03,0xBE,0x02,0xC8,0x02,0xBE,0x02,0x88,0x02,0xFF,0x05}, /* 腥 */
    {0xBE,0x00,0xA2,0x02,0x3E,0x01,0xA2,0x02,0xBE,0x04,0x88,0x00,0xA8,0x01,0xBE,0x02,0xC8,0x04,0xBE,0x00,0x88,0x00,0x7F,0x03}, /* 猩 */
    {0x3E,0x01,0x22,0x01,0x3E,0x01,0xA2,0x05,0x7E,0x05,0x08,0x05,0x28,0x05,0x3E,0x01,0x48,0x01,0x3E,0x01,0x08,0x01,0x7F,0x01}, /* 惺 */
    {0x42,0x00,0x22,0x02,0x24,0x01,0x04,0x01,0x08,0x00,0x00,0x00,0xFF,0x07,0x00,0x00,0x88,0x00,0x04,0x01,0x02,0x02,0x01,0x04}, /* 兴 */
    {0x01,0x00,0xE1,0x07,0x49,0x02,0x49,0x02,0x49,0x02,0xE9,0x07,0x49,0x02,0x49,0x02,0x49,0x02,0x41,0x02,0x41,0x02,0x47,0x04}, /* 刑 */
    {0x01,0x00,0xF5,0x03,0x25,0x01,0x25,0x01,0xF5,0x07,0x25,0x01,0x21,0x02,0x03,0x04,0x20,0x00,0xFE,0x03,0x20,0x00,0xFF,0x07}, /* 型 */
    {0x02,0x00,0xE2,0x07,0x44,0x02,0x49,0x02,0x41,0x02,0xE2,0x07,0x44,0x02,0x48,0x02,0x41,0x02,0x42,0x02,0x44,0x02,0x58,0x04}, /* 形 */
    {0x00,0x00,0xEF,0x07,0x49,0x02,0x49,0x02,0x4A,0x02,0xEA,0x07,0x49,0x02,0x49,0x02,0x49,0x02,0x4E,0x02,0x48,0x02,0x48,0x04}, /* 邢 */
    {0x80,0x00,0x3E,0x01,0x00,0x02,0x80,0x04,0x7F,0x01,0x04,0x03,0x04,0x05,0x04,0x01,0x04,0x01,0x04,0x01,0x04,0x01,0x1C,0x01}, /* 行 */
    {0xDF,0x07,0x11,0x01,0xDF,0x07,0x51,0x05,0x5F,0x05,0xC4,0x06,0x54,0x04,0xDF,0x07,0x64,0x04,0x5F,0x04,0xC4,0x07,0x5F,0x04}, /* 醒 */
    {0x20,0x00,0x20,0x00,0xFE,0x03,0x20,0x00,0xFF,0x07,0x04,0x01,0x88,0x00,0xFE,0x03,0x20,0x00,0xFF,0x07,0x20,0x00,0x20,0x00}, /* 幸 */
    {0x20,0x00,0x20,0x00,0xFF,0x07,0x70,0x00,0xA8,0x00,0x24,0x01,0x23,0x06,0xFC,0x01,0x04,0x01,0x04,0x01,0xFC,0x01,0x04,0x01}, /* 杏 */
    {0x08,0x01,0x08,0x01,0x28,0x01,0xBE,0x05,0x28,0x05,0x48,0x05,0x08,0x05,0x3E,0x01,0x08,0x01,0x08,0x01,0x08,0x01,0x7F,0x01}, /* 性 */
    {0x08,0x01,0x08,0x01,0x28,0x01,0xBE,0x07,0xA8,0x02,0xC8,0x02,0x88,0x02,0xBE,0x04,0x88,0x02,0x08,0x01,0x88,0x02,0x7F,0x04}, /* 姓 */
    {0x00,0x00,0xFE,0x03,0x02,0x02,0x02,0x02,0x02,0x02,0x02,0x02,0xFE,0x03,0x88,0x00,0x88,0x00,0x89,0x00,0x09,0x01,0x07,0x06}, /* 兄 */
    {0x08,0x00,0x08,0x01,0x91,0x04,0x51,0x04,0x21,0x04,0x51,0x04,0x89,0x04,0x09,0x05,0x01,0x04,0x01,0x04,0xFF,0x07,0x01,0x00}, /* 凶 */
    {0x20,0x07,0x20,0x05,0x7F,0x05,0x81,0x07,0x29,0x05,0x55,0x05,0x55,0x07,0x6D,0x05,0x45,0x05,0x7D,0x05,0x01,0x05,0x06,0x03}, /* 胸 */
    {0x80,0x00,0x80,0x00,0xFF,0x01,0x01,0x01,0x51,0x02,0x25,0x05,0x25,0x01,0x55,0x01,0x05,0x01,0xFD,0x01,0x01,0x00,0x0E,0x00}, /* 匈 */
    {0x04,0x04,0x44,0x02,0x28,0x00,0x29,0x01,0x11,0x05,0x11,0x03,0x29,0x01,0x25,0x01,0x45,0x01,0x01,0x03,0xFF,0x05,0x01,0x00}, /* 汹 */
    {0x0A,0x01,0x08,0x01,0xDF,0x07,0x14,0x01,0x34,0x02,0x9F,0x02,0x94,0x02,0x14,0x05,0x1F,0x01,0x54,0x02,0xD4,0x03,0x5F,0x00}, /* 雄 */
    {0x0A,0x01,0x2C,0x02,0xE9,0x03,0x07,0x00,0xE0,0x03,0x29,0x02,0xEA,0x03,0x2C,0x02,0xE9,0x03,0x27,0x02,0x92,0x02,0x49,0x04}, /* 熊 */
    {0x88,0x00,0x88,0x00,0x08,0x01,0x7F,0x01,0x08,0x03,0x1C,0x05,0x1C,0x01,0x2A,0x01,0x2A,0x01,0x49,0x01,0x08,0x01,0x08,0x01}, /* 休 */
    {0x10,0x01,0x1E,0x01,0x22,0x02,0x9C,0x02,0xE3,0x06,0x84,0x02,0x88,0x02,0xB2,0x02,0x8C,0x02,0xB1,0x02,0x06,0x02,0x78,0x02}, /* 修 */
    {0x88,0x00,0xFF,0x07,0x20,0x00,0xFC,0x03,0x40,0x00,0xFF,0x07,0x80,0x00,0xFC,0x01,0x24,0x01,0xFC,0x02,0x44,0x04,0xFF,0x03}, /* 羞 */
    {0x00,0x01,0x7F,0x01,0x08,0x01,0xD0,0x07,0x10,0x01,0x20,0x03,0xBF,0x03,0x41,0x05,0x01,0x01,0x01,0x01,0x01,0x01,0x06,0x01}, /* 朽 */
    {0x10,0x00,0x7E,0x07,0x42,0x05,0x7E,0x05,0x42,0x05,0x7E,0x05,0x42,0x05,0x7E,0x05,0x14,0x07,0xFF,0x05,0x28,0x00,0xC7,0x00}, /* 嗅 */
    {0x06,0x02,0x38,0x02,0x88,0x03,0x7F,0x04,0xAA,0x07,0x49,0x02,0x3E,0x02,0x92,0x07,0x17,0x02,0xA1,0x02,0x21,0x03,0x46,0x02}, /* 锈 */
    {0x1C,0x00,0xE0,0x01,0x20,0x00,0xFF,0x07,0xA8,0x00,0x24,0x01,0xFB,0x07,0x88,0x00,0x8E,0x00,0x82,0x00,0x02,0x01,0x1C,0x02}, /* 秀 */
    {0x08,0x04,0x08,0x02,0x08,0x07,0x7F,0x01,0x49,0x02,0x49,0x03,0x7F,0x06,0x49,0x03,0x49,0x02,0x49,0x02,0x7F,0x02,0x41,0x02}, /* 袖 */
    {0x06,0x01,0x38,0x01,0x08,0x02,0xFF,0x04,0x2A,0x07,0x49,0x01,0x3E,0x02,0x92,0x07,0x17,0x00,0xA1,0x01,0x21,0x06,0x46,0x00}, /* 绣 */
    {0x0E,0x02,0x08,0x02,0x7F,0x02,0x49,0x02,0x4E,0x07,0x79,0x02,0x47,0x02,0x54,0x02,0x55,0x02,0x76,0x03,0x54,0x06,0xBF,0x00}, /* 墟 */
    {0xFE,0x03,0x20,0x00,0xFF,0x07,0xAD,0x05,0x20,0x00,0xAE,0x03,0x00,0x00,0xFF,0x07,0x20,0x00,0xFE,0x03,0x52,0x02,0x56,0x02}, /* 需 */
    {0x20,0x00,0x3E,0x00,0x20,0x00,0xFF,0x03,0x21,0x02,0x3C,0x02,0xE1,0x03,0x1F,0x02,0x28,0x02,0xAA,0x02,0x6C,0x02,0xFF,0x05}, /* 虚 */
    {0x0E,0x00,0x08,0x00,0x7F,0x07,0x49,0x05,0x4E,0x05,0x79,0x05,0x47,0x05,0x54,0x05,0x55,0x07,0x76,0x05,0x54,0x00,0xBF,0x00}, /* 嘘 */
    {0x7F,0x01,0x08,0x02,0x10,0x04,0x7F,0x00,0x41,0x01,0x49,0x02,0x49,0x04,0x49,0x00,0x49,0x01,0x14,0x02,0x22,0x04,0xC1,0x00}, /* 须 */
    {0x08,0x01,0x14,0x02,0x22,0x04,0xC1,0x00,0x3E,0x01,0x08,0x03,0x7F,0x05,0x08,0x01,0x2A,0x01,0x29,0x01,0x49,0x01,0x18,0x01}, /* 徐 */
    {0x20,0x02,0x20,0x01,0x3E,0x00,0x48,0x00,0x08,0x07,0x08,0x01,0x08,0x01,0x7F,0x01,0x08,0x01,0x48,0x01,0x88,0x01,0x08,0x01}, /* 许 */
    {0x88,0x00,0xFF,0x07,0xA8,0x00,0xFF,0x07,0x08,0x01,0xF0,0x03,0x42,0x00,0xFF,0x07,0x25,0x01,0xFC,0x01,0x24,0x01,0xFC,0x01}, /* 蓄 */
    {0x80,0x00,0x5F,0x01,0x29,0x02,0xC9,0x05,0x89,0x00,0x8A,0x00,0xEA,0x03,0x84,0x00,0xC4,0x02,0xAA,0x04,0x8A,0x00,0x91,0x01}, /* 叙 */
    {0x3E,0x02,0x22,0x02,0x22,0x02,0xA2,0x07,0xBE,0x02,0xA2,0x02,0xA2,0x02,0xA2,0x02,0xBE,0x02,0x80,0x02,0x81,0x02,0x7F,0x04}, /* 旭 */
    {0x10,0x00,0xFF,0x03,0x00,0x02,0xFE,0x02,0x04,0x02,0x68,0x02,0x10,0x02,0xFF,0x03,0x11,0x02,0x12,0x02,0x10,0x02,0x30,0x04}, /* 序 */
    {0x20,0x00,0xFF,0x07,0x08,0x01,0xF0,0x03,0x42,0x00,0xFF,0x07,0x01,0x00,0xFE,0x03,0x22,0x02,0xFE,0x03,0x22,0x02,0xFE,0x03}, /* 畜 */
    {0x80,0x00,0xEF,0x07,0x29,0x01,0x29,0x03,0xCF,0x00,0x20,0x03,0x88,0x00,0xF0,0x01,0x44,0x00,0xFE,0x03,0x24,0x01,0x62,0x02}, /* 絮 */
    {0x10,0x01,0x11,0x01,0x3A,0x02,0x94,0x04,0x7F,0x07,0x10,0x01,0x3E,0x02,0x62,0x07,0x3E,0x00,0xA2,0x01,0x3E,0x06,0x22,0x00}, /* 绪 */
    {0x08,0x01,0x3E,0x01,0x08,0x02,0xBF,0x04,0x01,0x07,0x14,0x01,0x2C,0x02,0x94,0x07,0x7F,0x00,0x88,0x01,0x12,0x06,0x61,0x00}, /* 续 */
    {0x00,0x01,0x3E,0x01,0x88,0x07,0x08,0x02,0x08,0x05,0x88,0x07,0x7F,0x01,0x88,0x01,0x08,0x07,0x08,0x01,0x08,0x01,0x08,0x01}, /* 轩 */
    {0x08,0x00,0x7F,0x00,0xC1,0x07,0xBE,0x04,0x80,0x04,0xBE,0x04,0xA2,0x04,0xBE,0x04,0xA2,0x07,0xBE,0x04,0x00,0x00,0x7F,0x00}, /* 喧 */
    {0x20,0x00,0xFF,0x07,0x01,0x04,0xFE,0x03,0x00,0x00,0xFE,0x03,0x02,0x02,0xFE,0x03,0x02,0x02,0xFE,0x03,0x00,0x00,0xFF,0x07}, /* 宣 */
    {0xFC,0x01,0x04,0x01,0xFC,0x01,0x04,0x01,0xFC,0x01,0x04,0x01,0xFF,0x07,0x04,0x01,0xFE,0x03,0x42,0x00,0xAA,0x02,0x79,0x04}, /* 悬 */
    {0x10,0x01,0x90,0x00,0x1F,0x00,0xA0,0x07,0x5F,0x02,0x05,0x02,0xD4,0x03,0x54,0x02,0x57,0x02,0x54,0x02,0x54,0x02,0xAF,0x05}, /* 旋 */
    {0x40,0x00,0x20,0x00,0xFF,0x07,0x40,0x00,0x80,0x00,0x08,0x01,0xF0,0x03,0x20,0x00,0x44,0x00,0x82,0x00,0xFE,0x03,0x02,0x00}, /* 玄 */
    {0x08,0x02,0x28,0x01,0x3E,0x00,0x48,0x00,0x08,0x07,0x7F,0x01,0x14,0x01,0x14,0x01,0x25,0x01,0x43,0x01,0x80,0x02,0x7F,0x04}, /* 选 */
    {0x10,0x00,0x08,0x07,0x7F,0x05,0x08,0x05,0x10,0x07,0x22,0x05,0x7C,0x05,0x08,0x07,0x10,0x05,0x22,0x05,0x7F,0x07,0x01,0x05}, /* 眩 */
    {0x94,0x02,0xD4,0x07,0xA5,0x02,0xB5,0x03,0x56,0x01,0xD4,0x07,0x5C,0x05,0xD4,0x07,0x14,0x01,0xD5,0x07,0x15,0x01,0x13,0x01}, /* 靴 */
    {0x88,0x00,0xFF,0x07,0x88,0x00,0x04,0x01,0xDF,0x03,0x4A,0x02,0xC4,0x03,0x1F,0x02,0xC4,0x03,0x4E,0x02,0xC4,0x03,0x44,0x02}, /* 薛 */
    {0x42,0x02,0x24,0x01,0xFF,0x07,0x01,0x04,0xFC,0x01,0x08,0x00,0x10,0x00,0xFF,0x07,0x20,0x00,0x20,0x00,0x20,0x00,0xE0,0x00}, /* 学 */
    {0x40,0x00,0x20,0x00,0xFF,0x07,0x01,0x04,0x89,0x04,0x88,0x00,0x88,0x00,0x88,0x00,0x04,0x01,0x04,0x01,0x02,0x02,0x01,0x04}, /* 穴 */
    {0xFE,0x03,0x20,0x00,0xFF,0x07,0xAD,0x05,0x20,0x00,0xAE,0x03,0x00,0x00,0xFE,0x03,0x02,0x00,0xFE,0x01,0x02,0x00,0xFE,0x03}, /* 雪 */
    {0x40,0x00,0x40,0x00,0x80,0x00,0xFE,0x03,0x52,0x02,0x52,0x02,0x52,0x02,0x52,0x02,0x52,0x02,0x52,0x02,0x52,0x02,0xFF,0x07}, /* 血 */
    {0xC8,0x07,0x48,0x04,0xC8,0x07,0x1F,0x00,0xC9,0x07,0x49,0x04,0x49,0x05,0x49,0x05,0x49,0x05,0x11,0x01,0x91,0x02,0x66,0x04}, /* 勋 */
    {0x1E,0x00,0xE0,0x03,0x20,0x00,0xFF,0x07,0x22,0x02,0xAA,0x02,0xFE,0x03,0x20,0x00,0xFE,0x03,0x20,0x00,0xFF,0x07,0x52,0x02}, /* 熏 */
    {0x03,0x01,0x7C,0x02,0x44,0x04,0x7F,0x01,0x44,0x02,0x5F,0x06,0x51,0x02,0x5F,0x02,0x51,0x02,0x5F,0x02,0x51,0x02,0x9F,0x02}, /* 循 */
    {0x00,0x01,0xFF,0x01,0x01,0x02,0xF9,0x05,0x09,0x01,0x09,0x01,0xF9,0x01,0x09,0x01,0x09,0x01,0xF9,0x01,0x01,0x01,0x0E,0x00}, /* 旬 */
    {0x40,0x04,0x7F,0x02,0x81,0x00,0x7D,0x01,0x45,0x06,0x45,0x02,0x7D,0x02,0x45,0x02,0x45,0x02,0x7D,0x03,0x41,0x02,0x06,0x00}, /* 询 */
    {0xFE,0x03,0x02,0x00,0xFE,0x01,0x02,0x00,0xFE,0x03,0x04,0x00,0xFF,0x07,0x04,0x00,0x04,0x01,0x84,0x00,0x84,0x00,0x1C,0x00}, /* 寻 */
    {0x11,0x00,0x95,0x07,0x95,0x00,0x95,0x02,0x95,0x02,0x95,0x02,0xD5,0x03,0x55,0x00,0x55,0x01,0x55,0x06,0x55,0x00,0xA1,0x01}, /* 驯 */
    {0x49,0x04,0x49,0x02,0x92,0x00,0x92,0x00,0x24,0x01,0x92,0x06,0x92,0x02,0x49,0x02,0x49,0x02,0x00,0x02,0x00,0x02,0xFF,0x05}, /* 巡 */
    {0x20,0x00,0xBF,0x07,0x41,0x02,0x3D,0x02,0xA5,0x03,0xA5,0x02,0xBD,0x02,0xA5,0x05,0xA5,0x00,0x3D,0x01,0x21,0x02,0x06,0x04}, /* 殉 */
    {0x00,0x00,0xFC,0x05,0x44,0x02,0x44,0x00,0x44,0x00,0xFC,0x05,0x44,0x02,0x45,0x00,0x45,0x01,0x45,0x02,0x43,0x04,0x41,0x00}, /* 汛 */
    {0x41,0x02,0x49,0x01,0x49,0x00,0x49,0x00,0x49,0x06,0x49,0x02,0x49,0x02,0x49,0x02,0xC9,0x02,0x49,0x03,0x89,0x02,0x01,0x01}, /* 训 */
    {0x00,0x02,0x7C,0x01,0x24,0x00,0x24,0x00,0x24,0x07,0x7C,0x01,0x24,0x01,0x24,0x01,0x24,0x01,0xA5,0x01,0x23,0x01,0x21,0x00}, /* 讯 */
    {0x04,0x04,0xE4,0x02,0x24,0x00,0x44,0x00,0x56,0x00,0x75,0x06,0xD5,0x03,0x65,0x02,0x44,0x02,0xCC,0x02,0x00,0x02,0xFF,0x05}, /* 逊 */
    {0x00,0x04,0xFC,0x02,0x24,0x00,0x24,0x00,0x24,0x00,0xFC,0x06,0x24,0x02,0x25,0x02,0x23,0x02,0x21,0x02,0x00,0x02,0xFF,0x05}, /* 迅 */
    {0x00,0x00,0xFF,0x03,0x00,0x02,0x10,0x02,0x10,0x02,0x10,0x02,0xFE,0x02,0x10,0x02,0x14,0x02,0x12,0x02,0x10,0x02,0xFF,0x05}, /* 压 */
    {0x00,0x01,0x7F,0x01,0x49,0x01,0xC9,0x07,0x7F,0x01,0x49,0x01,0xC9,0x01,0x7F,0x07,0x49,0x01,0x08,0x01,0x08,0x01,0x08,0x03}, /* 押 */
    {0x08,0x00,0xDE,0x07,0x92,0x00,0x9A,0x02,0x92,0x04,0xD6,0x07,0x90,0x01,0x9F,0x02,0x81,0x02,0xBD,0x04,0x81,0x00,0x86,0x01}, /* 鸦 */
    {0x08,0x00,0xDE,0x07,0x52,0x05,0x5A,0x05,0xD2,0x07,0x56,0x05,0x50,0x05,0xDF,0x07,0x41,0x05,0x3D,0x01,0x01,0x01,0x06,0x01}, /* 鸭 */
    {0x00,0x00,0xBF,0x07,0x82,0x04,0x92,0x04,0xA2,0x04,0xBF,0x04,0x86,0x04,0x8A,0x04,0x92,0x07,0xA2,0x04,0x42,0x00,0x06,0x00}, /* 呀 */
    {0x01,0x04,0x02,0x02,0x04,0x01,0x88,0x00,0x50,0x00,0x20,0x00,0x20,0x00,0x20,0x00,0x20,0x00,0x20,0x00,0x20,0x00,0x20,0x00}, /* 丫 */
    {0x88,0x00,0xFF,0x07,0x88,0x00,0x00,0x00,0xFE,0x03,0x08,0x00,0x08,0x02,0xFF,0x03,0x28,0x00,0x48,0x00,0x88,0x01,0x18,0x06}, /* 芽 */
    {0x00,0x00,0xFE,0x03,0x08,0x00,0x08,0x01,0x08,0x02,0xFF,0x03,0x18,0x00,0x28,0x00,0x48,0x00,0x88,0x01,0x08,0x06,0x38,0x00}, /* 牙 */
    {0x00,0x01,0x1F,0x01,0x02,0x01,0xCA,0x07,0x52,0x05,0x5F,0x05,0xC6,0x07,0x0A,0x01,0x4A,0x01,0xD2,0x01,0x62,0x06,0x06,0x00}, /* 蚜 */
    {0x22,0x02,0xFE,0x03,0x00,0x00,0xFF,0x03,0x10,0x02,0xFE,0x02,0x10,0x02,0xFF,0x03,0x10,0x02,0xFE,0x02,0x10,0x02,0xFF,0x05}, /* 崖 */
    {0x00,0x01,0xF7,0x02,0x40,0x04,0xF0,0x01,0x97,0x02,0x92,0x06,0xFA,0x03,0x02,0x02,0xF2,0x02,0x92,0x02,0x92,0x02,0xF6,0x02}, /* 衙 */
    {0x00,0x00,0xFF,0x04,0x88,0x02,0x88,0x00,0xBE,0x00,0x88,0x04,0xFF,0x02,0x80,0x00,0x88,0x00,0xBE,0x02,0x88,0x04,0x7F,0x01}, /* 涯 */
    {0x0A,0x00,0xC8,0x07,0x9F,0x00,0x94,0x02,0xB4,0x04,0xDF,0x07,0x94,0x01,0x94,0x02,0x9F,0x02,0x94,0x04,0x94,0x00,0x9F,0x01}, /* 雅 */
    {0x00,0x00,0xFF,0x00,0x24,0x07,0x24,0x05,0x24,0x05,0xA5,0x05,0x66,0x05,0x24,0x05,0x24,0x07,0x24,0x05,0x24,0x00,0xFF,0x00}, /* 哑 */
    {0x00,0x00,0xFE,0x03,0x88,0x00,0x88,0x00,0x88,0x00,0x89,0x04,0x8A,0x02,0x8C,0x01,0x88,0x00,0x88,0x00,0x88,0x00,0xFF,0x07}, /* 亚 */
    {0x00,0x04,0xFF,0x02,0x02,0x00,0x42,0x00,0x42,0x06,0x7F,0x02,0x06,0x02,0x0A,0x02,0x92,0x02,0x22,0x03,0x42,0x02,0x8E,0x00}, /* 讶 */
    {0xFF,0x07,0x20,0x00,0x3E,0x01,0x20,0x01,0xFF,0x07,0x00,0x01,0xFE,0x01,0x00,0x02,0xFF,0x03,0x01,0x00,0x51,0x05,0x56,0x05}, /* 焉 */
    {0x7F,0x00,0x41,0x07,0x49,0x05,0x49,0x05,0x7F,0x05,0x49,0x05,0x49,0x05,0x55,0x05,0x63,0x07,0x41,0x05,0x7F,0x00,0x41,0x00}, /* 咽 */
    {0x7F,0x01,0x41,0x01,0x49,0x01,0xC9,0x05,0x7F,0x05,0x49,0x05,0x49,0x05,0x55,0x01,0x63,0x01,0xC1,0x02,0x7F,0x02,0x41,0x04}, /* 烟 */
    {0x10,0x00,0xFF,0x05,0x28,0x02,0x44,0x00,0x92,0x00,0xFF,0x05,0x92,0x02,0xFE,0x00,0x92,0x00,0xFE,0x02,0x91,0x04,0x0F,0x00}, /* 淹 */
    {0x88,0x00,0x88,0x00,0xEC,0x03,0x8A,0x00,0xE9,0x00,0x88,0x07,0x00,0x00,0xFE,0x03,0x52,0x02,0x52,0x02,0x52,0x02,0xFF,0x07}, /* 盐 */
    {0x00,0x00,0xFF,0x03,0x48,0x00,0x4A,0x01,0xCC,0x00,0x48,0x00,0xFF,0x03,0x00,0x02,0x00,0x02,0x00,0x02,0x00,0x02,0x00,0x04}, /* 严 */
    {0x00,0x00,0xBF,0x07,0x12,0x01,0x12,0x01,0x12,0x02,0xBF,0x03,0x92,0x06,0x92,0x02,0x92,0x02,0x92,0x03,0x92,0x02,0x22,0x00}, /* 研 */
    {0x03,0x01,0x6E,0x01,0x22,0x01,0xA2,0x07,0x4B,0x05,0x4A,0x05,0xAA,0x07,0x2A,0x01,0x2F,0x01,0xE0,0x01,0x20,0x06,0x5F,0x00}, /* 蜒 */
    {0x20,0x00,0x22,0x02,0x22,0x02,0xFE,0x03,0x00,0x00,0xFF,0x07,0x80,0x00,0xFE,0x01,0x02,0x03,0x02,0x05,0xFE,0x01,0x02,0x01}, /* 岩 */
    {0x03,0x00,0xBC,0x07,0x84,0x00,0x04,0x01,0x24,0x02,0xA7,0x03,0xA4,0x00,0xA4,0x00,0xA4,0x02,0x3F,0x01,0x80,0x02,0x7F,0x04}, /* 延 */
    {0x40,0x00,0x20,0x00,0xFF,0x07,0x00,0x00,0xFE,0x03,0x00,0x00,0xFE,0x03,0x00,0x00,0xFE,0x03,0x02,0x02,0xFE,0x03,0x02,0x02}, /* 言 */
    {0x9F,0x00,0xE4,0x03,0x48,0x01,0x9F,0x00,0xF1,0x03,0x55,0x02,0x95,0x03,0x55,0x02,0x95,0x03,0x24,0x02,0x4A,0x02,0x91,0x05}, /* 颜 */
    {0xFF,0x04,0x41,0x02,0x79,0x00,0x89,0x04,0x11,0x05,0x41,0x04,0x9D,0x05,0x05,0x05,0xDD,0x05,0x05,0x05,0xFD,0x05,0x03,0x04}, /* 阎 */
    {0x20,0x00,0x22,0x01,0x24,0x02,0x58,0x00,0x86,0x01,0x01,0x06,0x20,0x00,0x22,0x01,0x24,0x02,0x50,0x00,0x8C,0x01,0x03,0x06}, /* 炎 */
    {0x7C,0x02,0x44,0x01,0x44,0x00,0x44,0x00,0x83,0x04,0x00,0x02,0xFE,0x00,0x82,0x00,0x82,0x01,0x82,0x02,0xFE,0x04,0x82,0x00}, /* 沿 */
    {0x20,0x00,0xFF,0x07,0x50,0x00,0x8C,0x01,0x23,0x06,0xFC,0x01,0x24,0x01,0xFC,0x01,0x24,0x01,0xFD,0x01,0x21,0x01,0x1F,0x00}, /* 奄 */
    {0x08,0x01,0x7F,0x01,0x14,0x01,0xA2,0x07,0x49,0x01,0x3E,0x01,0xAA,0x01,0x3E,0x07,0x2A,0x01,0x3E,0x01,0x29,0x01,0x07,0x03}, /* 掩 */
    {0xBE,0x07,0xA2,0x04,0xA2,0x04,0xBE,0x07,0xA2,0x04,0xA2,0x04,0xBE,0x07,0xA9,0x04,0xAA,0x04,0xA4,0x07,0xB2,0x04,0x21,0x00}, /* 眼 */
    {0x20,0x01,0x17,0x02,0x00,0x04,0x80,0x00,0x47,0x01,0x22,0x03,0x02,0x05,0x02,0x01,0x12,0x01,0x22,0x01,0x42,0x01,0x06,0x01}, /* 衍 */
    {0x08,0x00,0x7F,0x02,0x41,0x01,0x3E,0x00,0x08,0x04,0x7F,0x02,0x49,0x00,0x7F,0x00,0x49,0x01,0x7F,0x02,0x22,0x04,0x41,0x00}, /* 演 */
    {0x10,0x01,0x1E,0x01,0xA2,0x07,0x44,0x01,0x3F,0x01,0xA9,0x03,0x29,0x01,0x3F,0x01,0xE0,0x07,0x21,0x01,0x21,0x01,0x1F,0x01}, /* 艳 */
    {0x50,0x00,0xFF,0x07,0x50,0x00,0x74,0x01,0x05,0x07,0x76,0x01,0x54,0x01,0x55,0x03,0x73,0x05,0x00,0x00,0x92,0x02,0x49,0x04}, /* 燕 */
    {0x00,0x00,0xFF,0x03,0x10,0x02,0x14,0x02,0x12,0x02,0xFF,0x02,0x10,0x02,0x28,0x02,0x28,0x02,0x44,0x02,0x82,0x02,0x01,0x05}, /* 厌 */
    {0xFF,0x03,0x54,0x02,0x52,0x02,0xBF,0x02,0xA4,0x03,0xE4,0x02,0xBF,0x02,0xA4,0x02,0xBF,0x02,0xA4,0x02,0xA4,0x02,0xBF,0x04}, /* 雁 */
    {0x20,0x00,0xFF,0x03,0x84,0x00,0x48,0x00,0xFF,0x03,0x08,0x02,0x30,0x02,0xC6,0x02,0x18,0x02,0xE3,0x02,0x1C,0x02,0xE0,0x04}, /* 彦 */
    {0x10,0x01,0x1E,0x01,0xA2,0x01,0x04,0x05,0x10,0x05,0x23,0x05,0x21,0x05,0x37,0x01,0x21,0x01,0xA1,0x02,0xBF,0x02,0x21,0x04}, /* 焰 */
    {0x20,0x00,0xFF,0x07,0xFD,0x05,0x04,0x01,0xFC,0x01,0x04,0x01,0xFC,0x01,0x40,0x00,0xFF,0x07,0x88,0x00,0x70,0x00,0x8E,0x03}, /* 宴 */
    {0x08,0x00,0x08,0x07,0x14,0x01,0x22,0x05,0x41,0x05,0x3E,0x05,0x80,0x07,0x92,0x00,0xCA,0x01,0xAA,0x06,0xA4,0x00,0x7F,0x03}, /* 验 */
    {0x08,0x00,0x88,0x07,0x3E,0x02,0x2A,0x02,0xAA,0x03,0xAA,0x02,0xAA,0x02,0xFF,0x05,0x88,0x00,0x14,0x01,0x22,0x02,0x41,0x04}, /* 殃 */
    {0x20,0x00,0x20,0x00,0xFE,0x03,0x22,0x02,0x22,0x02,0x22,0x02,0x22,0x02,0xFF,0x07,0x50,0x00,0x88,0x00,0x04,0x01,0x03,0x06}, /* 央 */
    {0x20,0x00,0xFE,0x03,0x22,0x02,0xFF,0x07,0x88,0x00,0x47,0x07,0xFC,0x01,0x44,0x01,0x2C,0x01,0xFF,0x01,0x01,0x00,0xF6,0x07}, /* 鸯 */
    {0x88,0x00,0x08,0x07,0x3E,0x01,0x2A,0x01,0xAA,0x07,0x2A,0x01,0xAA,0x03,0x7F,0x03,0x08,0x05,0x14,0x01,0x22,0x01,0x41,0x01}, /* 秧 */
    {0x00,0x01,0x3E,0x01,0x04,0x01,0xC8,0x07,0x10,0x01,0x3F,0x03,0x95,0x03,0x55,0x05,0x29,0x01,0x49,0x01,0x11,0x01,0x26,0x01}, /* 杨 */
    {0x00,0x01,0x3E,0x01,0x04,0x01,0xC8,0x07,0x10,0x01,0x3F,0x01,0x95,0x01,0x15,0x07,0x29,0x01,0x49,0x01,0x11,0x01,0x26,0x03}, /* 扬 */
    {0xA2,0x00,0x94,0x00,0x7F,0x01,0x08,0x01,0x08,0x03,0x3E,0x05,0x08,0x01,0x08,0x01,0x7F,0x01,0x08,0x01,0x08,0x01,0x08,0x01}, /* 佯 */
    {0x10,0x00,0xFF,0x01,0x00,0x01,0x7E,0x05,0x0C,0x03,0x30,0x01,0x7F,0x01,0x15,0x03,0x25,0x05,0x49,0x01,0x11,0x02,0x66,0x04}, /* 疡 */
    {0x04,0x01,0x88,0x00,0xFE,0x03,0x20,0x00,0x20,0x00,0xFE,0x03,0x20,0x00,0x20,0x00,0xFF,0x07,0x20,0x00,0x20,0x00,0x20,0x00}, /* 羊 */
    {0x44,0x00,0x28,0x04,0xFE,0x02,0x10,0x00,0x10,0x00,0xFE,0x04,0x10,0x02,0x10,0x00,0xFF,0x01,0x10,0x02,0x10,0x04,0x10,0x00}, /* 洋 */
    {0x00,0x00,0xBF,0x07,0xA1,0x04,0xA1,0x04,0x21,0x05,0x3F,0x05,0xA1,0x04,0xA1,0x04,0xA1,0x04,0x21,0x07,0x3F,0x04,0x21,0x04}, /* 阳 */
    {0x00,0x01,0xFF,0x01,0x00,0x02,0xFC,0x05,0xA4,0x00,0xFC,0x03,0x44,0x00,0xF4,0x01,0x44,0x00,0xFD,0x07,0x43,0x00,0x41,0x00}, /* 氧 */
    {0x90,0x00,0xA0,0x00,0x4F,0x01,0x49,0x01,0x49,0x03,0x49,0x05,0x49,0x01,0x59,0x01,0x69,0x01,0x4B,0x01,0x08,0x01,0x08,0x01}, /* 仰 */
    {0x10,0x00,0xFF,0x01,0x22,0x01,0x14,0x05,0x7F,0x03,0x08,0x01,0x3E,0x01,0x08,0x03,0x08,0x05,0x7F,0x01,0x08,0x02,0x08,0x04}, /* 痒 */
    {0x04,0x01,0x88,0x00,0xFE,0x03,0x20,0x00,0xFE,0x03,0x40,0x00,0xFF,0x07,0x04,0x01,0x8A,0x02,0x89,0x04,0x88,0x00,0x08,0x01}, /* 养 */
    {0x22,0x01,0x14,0x01,0x7F,0x01,0x88,0x07,0x08,0x01,0x3E,0x03,0x88,0x03,0x08,0x05,0x7F,0x01,0x08,0x01,0x08,0x01,0x08,0x01}, /* 样 */
    {0x44,0x00,0xFF,0x05,0x10,0x02,0xFE,0x00,0x10,0x00,0xFF,0x05,0x20,0x02,0x71,0x00,0xDA,0x01,0x54,0x02,0x92,0x04,0x31,0x01}, /* 漾 */
    {0x48,0x04,0xE8,0x02,0xAF,0x00,0xF2,0x00,0xAA,0x06,0xEA,0x02,0x4A,0x02,0xF4,0x03,0x84,0x02,0xEA,0x02,0x31,0x03,0xFF,0x05}, /* 邀 */
    {0x00,0x00,0x7F,0x07,0x14,0x05,0x7F,0x05,0x55,0x07,0x7F,0x05,0x08,0x05,0x7F,0x07,0x12,0x05,0x32,0x05,0x0C,0x05,0x73,0x03}, /* 腰 */
    {0x06,0x01,0x38,0x01,0x08,0x01,0x88,0x07,0x88,0x02,0xFF,0x02,0x88,0x02,0x88,0x04,0x94,0x02,0x14,0x01,0xA2,0x02,0x41,0x04}, /* 妖 */
    {0x07,0x00,0x78,0x07,0x11,0x02,0x4A,0x02,0x20,0x02,0x3E,0x07,0x48,0x02,0x08,0x02,0x7F,0x02,0x08,0x03,0x49,0x06,0x7F,0x00}, /* 瑶 */
    {0x07,0x01,0x78,0x01,0x11,0x01,0xCA,0x07,0x20,0x01,0x3E,0x01,0xC8,0x01,0x08,0x07,0x7F,0x01,0x08,0x01,0x49,0x01,0x7F,0x03}, /* 摇 */
    {0x40,0x00,0x5F,0x00,0xE4,0x07,0x28,0x00,0x31,0x00,0xCF,0x03,0x00,0x00,0xFF,0x07,0x88,0x00,0x89,0x00,0x09,0x01,0x07,0x06}, /* 尧 */
    {0x07,0x04,0xF8,0x02,0x51,0x00,0x2A,0x00,0x3E,0x06,0x48,0x02,0xFF,0x02,0x08,0x02,0x49,0x02,0x7F,0x02,0x00,0x02,0xFF,0x05}, /* 遥 */
    {0x20,0x00,0xFF,0x07,0x05,0x05,0x02,0x02,0x00,0x01,0xFE,0x01,0x20,0x02,0x20,0x00,0xFF,0x07,0x20,0x00,0x22,0x02,0xFE,0x03}, /* 窑 */
    {0x07,0x04,0x78,0x02,0x11,0x00,0x4A,0x00,0x20,0x06,0x3E,0x02,0x48,0x02,0x08,0x02,0x7F,0x02,0x08,0x02,0x49,0x03,0x7F,0x02}, /* 谣 */
    {0x14,0x01,0x14,0x01,0x55,0x01,0xB6,0x07,0x94,0x02,0x94,0x02,0xB6,0x02,0xD5,0x04,0x94,0x02,0x15,0x01,0xA5,0x02,0x43,0x04}, /* 姚 */
    {0x10,0x00,0x08,0x07,0xFF,0x05,0x00,0x05,0x24,0x05,0x42,0x05,0xA5,0x05,0x24,0x05,0x24,0x07,0x18,0x05,0x24,0x00,0xC3,0x00}, /* 咬 */
    {0x1E,0x00,0xE0,0x03,0x40,0x00,0x22,0x02,0x04,0x01,0x40,0x00,0x9E,0x03,0x02,0x02,0xDE,0x03,0x02,0x02,0xFE,0x03,0x02,0x02}, /* 舀 */
    {0x88,0x00,0xFF,0x07,0x88,0x00,0x10,0x01,0x5F,0x02,0xA1,0x07,0x01,0x01,0x11,0x02,0xC9,0x07,0x01,0x00,0xE1,0x00,0x06,0x07}, /* 药 */
    {0x00,0x00,0xFF,0x07,0x50,0x00,0xFE,0x03,0x52,0x02,0xFE,0x03,0x40,0x00,0xFF,0x07,0x84,0x00,0x88,0x01,0x70,0x00,0x8E,0x07}, /* 要 */
    {0x1B,0x01,0x2D,0x01,0x5B,0x05,0xAD,0x03,0x12,0x01,0xDF,0x07,0xB4,0x02,0x9F,0x02,0x94,0x02,0x9F,0x02,0xD4,0x02,0x9F,0x04}, /* 耀 */
    {0x00,0x01,0xFF,0x01,0x55,0x01,0xD5,0x07,0x76,0x01,0x56,0x03,0xF5,0x03,0x55,0x05,0x5D,0x01,0xF6,0x01,0x14,0x01,0x14,0x01}, /* 椰 */
    {0x08,0x00,0x7F,0x00,0x08,0x07,0x3E,0x05,0x00,0x05,0x7F,0x05,0x41,0x05,0x3E,0x05,0x22,0x07,0x3E,0x05,0x14,0x00,0x7F,0x00}, /* 噎 */
    {0x00,0x00,0xEF,0x07,0x49,0x02,0x49,0x02,0xCA,0x03,0x4A,0x02,0xC9,0x03,0x49,0x02,0x69,0x02,0xCE,0x07,0x48,0x00,0x48,0x00}, /* 耶 */
    {0x88,0x00,0x04,0x01,0x8A,0x02,0x70,0x00,0x8C,0x01,0x03,0x06,0x00,0x00,0xFE,0x03,0x42,0x00,0x42,0x00,0x46,0x00,0x40,0x00}, /* 爷 */
    {0x00,0x00,0xDF,0x07,0x41,0x05,0xCA,0x07,0x44,0x05,0xDF,0x07,0x05,0x01,0xC4,0x07,0x04,0x01,0xC4,0x01,0x04,0x07,0x1C,0x00}, /* 野 */
    {0x10,0x00,0x10,0x00,0x20,0x04,0x42,0x02,0xFF,0x00,0x01,0x00,0x7E,0x00,0x42,0x00,0x42,0x01,0x42,0x02,0x7E,0x04,0x42,0x00}, /* 冶 */
    {0x20,0x00,0x20,0x01,0x26,0x01,0x3A,0x01,0xE2,0x01,0x22,0x07,0x22,0x01,0x26,0x01,0x20,0x01,0x01,0x01,0x01,0x01,0xFF,0x00}, /* 也 */
    {0xFF,0x07,0x20,0x00,0x40,0x00,0xFE,0x03,0x02,0x02,0x02,0x02,0x22,0x02,0x22,0x02,0x22,0x02,0x58,0x00,0x86,0x01,0x01,0x06}, /* 页 */
    {0x10,0x02,0x08,0x02,0xFF,0x02,0x28,0x07,0x2F,0x02,0x49,0x02,0x55,0x03,0xD2,0x06,0x6A,0x02,0x44,0x02,0x4A,0x02,0x51,0x06}, /* 掖 */
    {0x88,0x00,0x88,0x00,0x88,0x00,0x88,0x00,0x89,0x04,0x8A,0x02,0x8C,0x01,0x88,0x00,0x88,0x00,0x88,0x00,0x88,0x00,0xFF,0x07}, /* 业 */
    {0x08,0x00,0x88,0x07,0x88,0x04,0x88,0x04,0x88,0x04,0xFF,0x04,0x88,0x04,0x88,0x04,0x88,0x07,0x88,0x04,0x08,0x00,0x08,0x00}, /* 叶 */
    {0x20,0x00,0x20,0x00,0xFE,0x03,0x22,0x02,0xFE,0x03,0x22,0x02,0xFE,0x03,0x24,0x00,0x28,0x00,0x31,0x00,0xCD,0x00,0x03,0x07}, /* 曳 */
    {0x10,0x00,0x08,0x07,0x7F,0x05,0x28,0x05,0x2F,0x07,0x49,0x05,0x55,0x05,0xD2,0x07,0x6A,0x05,0x44,0x05,0x4A,0x05,0x51,0x03}, /* 腋 */
    {0x40,0x00,0x20,0x00,0xFF,0x07,0x90,0x00,0x9E,0x00,0x22,0x01,0x4A,0x03,0xA4,0x05,0x14,0x01,0x08,0x01,0x14,0x01,0x63,0x01}, /* 夜 */
    {0x20,0x00,0x10,0x04,0xFF,0x02,0x50,0x00,0x5E,0x00,0x92,0x04,0xAA,0x02,0xA4,0x01,0xD4,0x00,0x88,0x02,0x94,0x04,0xA3,0x00}, /* 液 */
    {0x00,0x00,0x00,0x00,0x00,0x00,0x00,0x00,0x00,0x00,0x00,0x00,0xFF,0x07,0x00,0x00,0x00,0x00,0x00,0x00,0x00,0x00,0x00,0x00}, /* 一 */
    {0x20,0x00,0xFF,0x07,0x20,0x00,0xFE,0x03,0x00,0x00,0xFF,0x07,0x01,0x04,0xFE,0x03,0x02,0x02,0xFE,0x03,0x88,0x00,0xFF,0x07}, /* 壹 */
    {0x00,0x00,0xFF,0x03,0x40,0x02,0x40,0x02,0xFE,0x02,0x10,0x03,0x10,0x02,0xFF,0x03,0x28,0x02,0x44,0x02,0x82,0x02,0xFF,0x03}, /* 医 */
    {0x90,0x00,0x88,0x00,0x7F,0x01,0x08,0x01,0x10,0x03,0x29,0x05,0x6A,0x01,0xA4,0x01,0x24,0x01,0x22,0x01,0x31,0x01,0x20,0x01}, /* 依 */
    {0x00,0x01,0x7E,0x01,0x12,0x02,0x12,0x02,0xFF,0x06,0x12,0x02,0x12,0x02,0x7E,0x02,0x12,0x02,0x10,0x02,0x20,0x02,0x40,0x02}, /* 伊 */
    {0x20,0x00,0x10,0x00,0xFF,0x07,0x40,0x00,0xA2,0x00,0xA4,0x00,0x98,0x01,0x90,0x02,0x88,0x04,0xA4,0x00,0xC3,0x00,0x80,0x00}, /* 衣 */
    {0x00,0x00,0xDF,0x07,0x84,0x04,0x88,0x04,0xDF,0x05,0x51,0x05,0x55,0x05,0x55,0x05,0xD5,0x05,0x84,0x04,0x8A,0x04,0xD1,0x07}, /* 颐 */
    {0x20,0x00,0xFF,0x07,0x20,0x00,0xFE,0x03,0x22,0x00,0xFE,0x03,0x20,0x02,0xFF,0x03,0x21,0x00,0x53,0x00,0x8C,0x01,0x03,0x06}, /* 夷 */
    {0x10,0x04,0xFE,0x02,0x92,0x00,0xFE,0x00,0x10,0x06,0xFF,0x03,0x00,0x02,0xFE,0x02,0x92,0x02,0xAA,0x02,0x44,0x02,0xFF,0x05}, /* 遗 */
    {0x90,0x00,0x1E,0x07,0x22,0x01,0x54,0x01,0x88,0x07,0x14,0x01,0x2F,0x03,0x91,0x03,0x2A,0x05,0x04,0x01,0x18,0x01,0x60,0x01}, /* 移 */
    {0x90,0x00,0x88,0x00,0x09,0x01,0x41,0x01,0x41,0x03,0x22,0x05,0x22,0x01,0x14,0x01,0x08,0x01,0x14,0x01,0x22,0x01,0x41,0x01}, /* 仪 */
    {0x9F,0x02,0x01,0x03,0x4A,0x02,0xC4,0x01,0x1F,0x02,0xC5,0x03,0x84,0x04,0x97,0x00,0xF4,0x07,0x94,0x00,0x54,0x01,0x2F,0x02}, /* 疑 */
    {0x40,0x00,0x20,0x00,0xFF,0x07,0x01,0x04,0xFC,0x01,0x04,0x01,0xFC,0x01,0x04,0x01,0xFC,0x01,0x04,0x01,0x04,0x01,0xFF,0x07}, /* 宜 */
    {0x08,0x01,0x3F,0x01,0x08,0x01,0xBF,0x07,0x89,0x02,0xBF,0x02,0xA8,0x02,0xBF,0x04,0x89,0x02,0x0B,0x01,0x94,0x02,0xA3,0x04}, /* 姨 */
    {0x08,0x01,0x3E,0x01,0x14,0x01,0xA2,0x07,0x7F,0x01,0x02,0x03,0xBA,0x03,0x2A,0x05,0x2A,0x01,0x3A,0x01,0x22,0x01,0x06,0x01}, /* 椅 */
    {0x08,0x01,0x04,0x01,0x05,0x01,0xD1,0x07,0x51,0x05,0x51,0x05,0x4A,0x05,0xCA,0x07,0x04,0x01,0x44,0x01,0xCA,0x01,0x51,0x06}, /* 蚁 */
    {0x10,0x01,0x7E,0x01,0x24,0x02,0x42,0x02,0xFF,0x06,0x02,0x02,0x7A,0x02,0x4A,0x02,0x4A,0x02,0x7A,0x02,0x42,0x02,0x0E,0x02}, /* 倚 */
    {0x00,0x00,0xFE,0x03,0x02,0x00,0x02,0x00,0x02,0x02,0x02,0x02,0xFE,0x03,0x00,0x02,0x00,0x02,0x01,0x02,0x01,0x02,0xFF,0x01}, /* 已 */
    {0x00,0x00,0xFC,0x07,0x08,0x00,0x10,0x00,0x20,0x00,0x40,0x00,0x80,0x00,0x00,0x01,0x02,0x02,0x02,0x02,0x02,0x02,0xFE,0x01}, /* 乙 */
    {0x40,0x00,0x88,0x00,0x04,0x01,0xFE,0x03,0x82,0x00,0xFC,0x01,0x20,0x02,0x20,0x00,0xFF,0x07,0x50,0x00,0x8C,0x01,0x03,0x06}, /* 矣 */
    {0x04,0x00,0x44,0x02,0x24,0x02,0x24,0x02,0x04,0x02,0x04,0x02,0x44,0x02,0x88,0x02,0x08,0x03,0x14,0x02,0x62,0x00,0x81,0x01}, /* 以 */
    {0x88,0x00,0xFF,0x07,0x88,0x00,0x00,0x00,0xFE,0x03,0x04,0x00,0x18,0x00,0x60,0x00,0x80,0x01,0x01,0x02,0x01,0x02,0xFF,0x01}, /* 艺 */
    {0x10,0x01,0x20,0x01,0x4F,0x01,0xC9,0x07,0x49,0x01,0x49,0x01,0xC9,0x01,0x59,0x07,0x69,0x01,0x4B,0x01,0x08,0x01,0x08,0x03}, /* 抑 */
    {0xFE,0x03,0x02,0x02,0xFE,0x03,0x02,0x02,0xFE,0x03,0x00,0x01,0xFF,0x01,0x49,0x02,0x49,0x04,0x91,0x00,0x21,0x01,0x4E,0x02}, /* 易 */
    {0xFC,0x01,0x04,0x01,0xFC,0x01,0x00,0x00,0xFE,0x03,0x22,0x02,0x22,0x02,0xFE,0x03,0x00,0x02,0x01,0x02,0x01,0x02,0xFF,0x01}, /* 邑 */
    {0x08,0x01,0x08,0x01,0x1F,0x01,0x60,0x05,0x40,0x05,0x5E,0x05,0x42,0x05,0x44,0x05,0x48,0x05,0xD1,0x05,0x51,0x06,0x0F,0x00}, /* 屹 */
    {0x80,0x00,0xFE,0x00,0x02,0x01,0x04,0x01,0x08,0x03,0x10,0x05,0x20,0x01,0x20,0x01,0x41,0x01,0x41,0x01,0x41,0x01,0x3F,0x01}, /* 亿 */
    {0xBC,0x00,0x24,0x01,0x24,0x02,0xA4,0x04,0x43,0x01,0x00,0x03,0x7E,0x05,0x22,0x01,0x14,0x01,0x08,0x01,0x14,0x01,0x63,0x01}, /* 役 */
    {0x08,0x00,0xBE,0x03,0x94,0x02,0xFF,0x02,0xA2,0x03,0xBE,0x02,0xA2,0x02,0xBE,0x03,0x88,0x02,0xA2,0x02,0xD5,0x02,0x9D,0x05}, /* 臆 */
    {0x40,0x04,0x7C,0x02,0x84,0x00,0xFE,0x01,0x92,0x06,0xFE,0x02,0x28,0x02,0x54,0x02,0x91,0x02,0x0F,0x03,0x00,0x02,0xFF,0x05}, /* 逸 */
    {0x10,0x00,0xFF,0x01,0x00,0x01,0x3C,0x05,0x24,0x03,0x43,0x01,0x80,0x01,0x7E,0x03,0x22,0x05,0x24,0x01,0x18,0x02,0xE7,0x04}, /* 疫 */
    {0x40,0x00,0x20,0x00,0xFF,0x07,0x88,0x00,0x88,0x00,0x88,0x00,0x8A,0x02,0x89,0x02,0x89,0x04,0x88,0x00,0x08,0x01,0x18,0x02}, /* 亦 */
    {0x20,0x00,0xFE,0x03,0x88,0x00,0xFF,0x07,0x04,0x01,0xFC,0x01,0x04,0x01,0xFC,0x01,0x20,0x00,0x92,0x02,0x85,0x02,0x7D,0x04}, /* 意 */
    {0x0E,0x01,0xCA,0x07,0x4A,0x04,0x93,0x02,0xE0,0x07,0x0E,0x01,0xAA,0x06,0x4A,0x01,0xEA,0x06,0x44,0x01,0x4A,0x06,0x91,0x01}, /* 毅 */
    {0x00,0x01,0x7E,0x01,0x02,0x01,0x84,0x05,0x48,0x05,0x10,0x05,0x20,0x05,0x20,0x01,0x41,0x01,0x41,0x01,0x41,0x01,0x3F,0x01}, /* 忆 */
    {0x40,0x00,0x22,0x00,0x22,0x02,0x04,0x02,0x04,0x01,0x88,0x00,0x50,0x00,0x20,0x00,0x50,0x00,0x88,0x00,0x04,0x01,0x03,0x06}, /* 义 */
    {0x02,0x02,0x04,0x01,0x88,0x00,0xFF,0x07,0x04,0x01,0x02,0x02,0x01,0x04,0xFE,0x03,0x52,0x02,0x52,0x02,0x52,0x02,0xFF,0x07}, /* 益 */
    {0x82,0x04,0x44,0x02,0x00,0x00,0xFF,0x01,0x44,0x04,0x82,0x02,0x01,0x01,0xFE,0x00,0xAA,0x00,0xAA,0x02,0xAA,0x04,0xFF,0x01}, /* 溢 */
    {0x41,0x04,0x46,0x02,0x78,0x00,0x41,0x00,0x3F,0x06,0x00,0x02,0x7F,0x02,0x41,0x02,0x7F,0x02,0x41,0x02,0x7F,0x03,0x41,0x02}, /* 诣 */
    {0x10,0x02,0x08,0x01,0x09,0x00,0x41,0x00,0x41,0x07,0x22,0x01,0x22,0x01,0x14,0x01,0x48,0x01,0x94,0x01,0x22,0x01,0x41,0x00}, /* 议 */
    {0x10,0x04,0x08,0x02,0xFF,0x00,0x81,0x00,0x7E,0x06,0x42,0x02,0x7E,0x02,0x42,0x02,0x7E,0x02,0x42,0x02,0x42,0x03,0xFF,0x02}, /* 谊 */
    {0x7E,0x02,0x22,0x01,0x14,0x00,0x08,0x00,0x14,0x06,0x6B,0x02,0x08,0x02,0x3E,0x02,0x88,0x02,0x7F,0x03,0x08,0x02,0x08,0x00}, /* 译 */
    {0xFE,0x03,0x02,0x02,0xFE,0x03,0x00,0x02,0x01,0x02,0xFF,0x01,0x84,0x00,0x84,0x00,0xFF,0x07,0x84,0x00,0x04,0x01,0x04,0x02}, /* 异 */
    {0xDF,0x07,0x49,0x02,0x45,0x01,0xFD,0x03,0x24,0x01,0xFC,0x01,0x24,0x01,0xFE,0x03,0x88,0x00,0xFF,0x07,0x04,0x01,0x02,0x02}, /* 翼 */
    {0x88,0x00,0xFF,0x07,0x88,0x00,0xFE,0x03,0x02,0x02,0x22,0x02,0xFA,0x02,0x22,0x02,0x52,0x02,0x8A,0x02,0x02,0x02,0xFE,0x03}, /* 茵 */
    {0x88,0x00,0xFF,0x07,0x88,0x00,0xDF,0x03,0x51,0x02,0x51,0x02,0x9F,0x02,0x51,0x02,0x5F,0x03,0x91,0x02,0x21,0x02,0x47,0x02}, /* 荫 */
    {0xFF,0x07,0x01,0x04,0x21,0x04,0x21,0x04,0xFD,0x05,0x21,0x04,0x51,0x04,0x89,0x04,0x05,0x05,0x01,0x04,0xFF,0x07,0x01,0x04}, /* 因 */
    {0xC0,0x01,0x1E,0x02,0xD2,0x03,0x52,0x02,0xE3,0x03,0x40,0x02,0xDE,0x03,0x12,0x02,0xD2,0x03,0x4C,0x02,0x52,0x02,0xE1,0x04}, /* 殷 */
    {0x20,0x00,0xFE,0x03,0x04,0x01,0x88,0x00,0xFF,0x07,0x00,0x00,0xFE,0x03,0x02,0x02,0xFE,0x03,0x02,0x02,0xFE,0x03,0x02,0x02}, /* 音 */
    {0xBE,0x07,0xA2,0x04,0xA2,0x04,0x3E,0x05,0x22,0x05,0xA2,0x04,0xBE,0x04,0xA2,0x04,0xA2,0x04,0x22,0x07,0x42,0x04,0x8E,0x04}, /* 阴 */
    {0x00,0x01,0x3F,0x01,0x21,0x01,0xA9,0x07,0xA9,0x02,0xBF,0x02,0xA9,0x02,0xB5,0x04,0xA3,0x02,0x21,0x01,0xBF,0x02,0xA1,0x04}, /* 姻 */
    {0x08,0x00,0x88,0x07,0x94,0x04,0x94,0x04,0xA2,0x04,0xC9,0x04,0x80,0x04,0xBE,0x04,0x82,0x07,0x84,0x04,0x04,0x00,0x08,0x00}, /* 吟 */
    {0x3E,0x02,0x22,0x02,0xA2,0x03,0x3E,0x04,0xA2,0x07,0x22,0x02,0x3E,0x02,0xA9,0x07,0x2A,0x02,0xA4,0x02,0x32,0x03,0x21,0x02}, /* 银 */
    {0x0F,0x00,0xF0,0x05,0x22,0x02,0x94,0x00,0x4E,0x00,0xF0,0x04,0x10,0x02,0x10,0x00,0xFF,0x01,0x10,0x02,0x10,0x04,0xFE,0x00}, /* 淫 */
    {0x20,0x00,0xFF,0x07,0x01,0x04,0xFE,0x03,0x20,0x00,0xFE,0x03,0x22,0x02,0xFE,0x03,0x22,0x02,0xFE,0x03,0x04,0x01,0x02,0x02}, /* 寅 */
    {0x10,0x02,0x10,0x02,0x9F,0x03,0xA1,0x04,0x22,0x01,0x48,0x02,0x08,0x02,0x08,0x02,0x14,0x02,0x94,0x02,0x22,0x03,0x41,0x02}, /* 饮 */
    {0x00,0x00,0xFE,0x03,0x22,0x00,0x22,0x00,0xFF,0x07,0x42,0x00,0x42,0x00,0xFE,0x03,0x82,0x00,0x80,0x00,0x00,0x01,0x00,0x02}, /* 尹 */
    {0x02,0x00,0xE2,0x03,0x22,0x00,0x22,0x00,0xE2,0x03,0x02,0x02,0x02,0x02,0xE2,0x03,0x22,0x00,0x22,0x00,0x22,0x00,0xC2,0x01}, /* 引 */
    {0x20,0x00,0x3C,0x07,0x44,0x05,0xBE,0x05,0x02,0x06,0x3E,0x05,0x02,0x05,0x7E,0x05,0x10,0x06,0xAA,0x04,0xA5,0x04,0x1D,0x05}, /* 隐 */
    {0xC0,0x00,0x1F,0x07,0x11,0x04,0x11,0x04,0xD1,0x07,0x11,0x04,0x11,0x04,0x51,0x04,0x91,0x05,0x17,0x06,0x10,0x00,0x10,0x00}, /* 印 */
    {0x88,0x00,0xFF,0x07,0x88,0x00,0x20,0x00,0xFE,0x03,0x22,0x02,0x22,0x02,0x22,0x02,0xFF,0x07,0x50,0x00,0x8C,0x01,0x03,0x06}, /* 英 */
    {0x77,0x02,0x55,0x02,0x55,0x02,0x55,0x07,0x22,0x02,0x55,0x02,0x10,0x07,0xFF,0x06,0x24,0x02,0x64,0x02,0x18,0x02,0xE6,0x02}, /* 樱 */
    {0xDF,0x07,0x51,0x04,0x55,0x05,0x55,0x05,0x8A,0x02,0x51,0x04,0x40,0x00,0xFF,0x07,0x84,0x00,0x88,0x01,0x70,0x00,0x8E,0x07}, /* 婴 */
    {0x10,0x00,0xFF,0x03,0x54,0x02,0xBF,0x02,0xE4,0x02,0xBF,0x03,0xA4,0x02,0xFF,0x02,0x92,0x02,0xFF,0x02,0x01,0x04,0xFB,0x01}, /* 鹰 */
    {0x20,0x00,0x10,0x00,0xFF,0x03,0x00,0x02,0x20,0x02,0x12,0x02,0x92,0x02,0x52,0x02,0x44,0x02,0x44,0x02,0x08,0x02,0xFF,0x05}, /* 应 */
    {0x77,0x02,0x55,0x02,0x55,0x04,0x55,0x05,0x22,0x06,0x55,0x02,0x10,0x04,0xFF,0x06,0x24,0x00,0x64,0x01,0x18,0x06,0xE6,0x00}, /* 缨 */
    {0x88,0x00,0xFF,0x07,0x88,0x00,0xFF,0x07,0x01,0x04,0xFE,0x03,0x20,0x00,0x20,0x00,0xFC,0x01,0x28,0x00,0x24,0x00,0xFF,0x07}, /* 莹 */
    {0x88,0x00,0xFF,0x07,0x88,0x00,0xFF,0x07,0x21,0x04,0xFE,0x03,0x22,0x02,0x22,0x02,0xFE,0x03,0x21,0x00,0xFF,0x07,0x01,0x00}, /* 萤 */
    {0x88,0x00,0xFF,0x07,0x88,0x00,0xFF,0x07,0x01,0x04,0xFC,0x01,0x04,0x01,0xFC,0x01,0x00,0x00,0xFE,0x03,0x02,0x02,0xFE,0x03}, /* 营 */
    {0x88,0x00,0xFF,0x07,0x88,0x00,0x00,0x00,0xFF,0x07,0x21,0x04,0x22,0x01,0x52,0x01,0x54,0x02,0x88,0x00,0x04,0x01,0x03,0x06}, /* 荧 */
    {0x1F,0x01,0x11,0x01,0x1F,0x01,0xC4,0x07,0x5F,0x05,0x55,0x05,0xDF,0x07,0x15,0x01,0x5F,0x01,0xD4,0x01,0x45,0x06,0x03,0x00}, /* 蝇 */
    {0x20,0x04,0xCF,0x02,0x89,0x00,0x89,0x00,0x89,0x06,0x89,0x02,0xA9,0x02,0xC9,0x02,0x8B,0x02,0x08,0x02,0x08,0x02,0xFF,0x05}, /* 迎 */
    {0x20,0x00,0xFF,0x07,0x00,0x02,0xFE,0x03,0x00,0x00,0x07,0x07,0x7D,0x05,0x45,0x07,0x57,0x05,0x55,0x07,0x35,0x05,0x49,0x03}, /* 赢 */
    {0x00,0x00,0xFC,0x07,0x04,0x01,0xE8,0x01,0xAE,0x02,0x42,0x02,0xAC,0x04,0x00,0x00,0xFE,0x03,0x52,0x02,0x52,0x02,0xFF,0x07}, /* 盈 */
    {0xE1,0x03,0x21,0x02,0xE2,0x03,0x24,0x02,0xE1,0x03,0x81,0x00,0xF2,0x07,0x24,0x02,0xE1,0x03,0x81,0x00,0xA2,0x02,0x94,0x05}, /* 影 */
    {0x9F,0x04,0x04,0x07,0x48,0x04,0xDF,0x03,0x91,0x00,0x15,0x03,0x15,0x01,0xD5,0x07,0x15,0x01,0x84,0x03,0x4A,0x05,0x11,0x01}, /* 颖 */
    {0x00,0x00,0xBF,0x07,0x08,0x01,0x3E,0x01,0x2A,0x02,0xBE,0x03,0xAA,0x06,0xBE,0x02,0xC8,0x02,0xA8,0x02,0x98,0x03,0xA7,0x02}, /* 硬 */
    {0x08,0x00,0x88,0x07,0xBE,0x04,0xAA,0x04,0xAA,0x04,0xAA,0x07,0xAA,0x04,0xFF,0x04,0x88,0x04,0x94,0x07,0xA2,0x04,0x41,0x00}, /* 映 */
    {0x00,0x02,0x7F,0x02,0x49,0x02,0x49,0x07,0x7F,0x02,0x49,0x02,0x49,0x03,0x7F,0x06,0x49,0x02,0x49,0x02,0x49,0x02,0x87,0x06}, /* 拥 */
    {0x00,0x01,0x7F,0x01,0x49,0x02,0x49,0x02,0x7F,0x06,0x49,0x02,0x49,0x02,0x7F,0x02,0x49,0x02,0x49,0x02,0x49,0x02,0x87,0x02}, /* 佣 */
    {0x10,0x00,0xFF,0x03,0x10,0x02,0xFE,0x02,0x12,0x02,0xFF,0x03,0x12,0x02,0xFE,0x02,0x92,0x02,0xFE,0x02,0x92,0x04,0x86,0x00}, /* 庸 */
    {0x20,0x00,0xFF,0x07,0x14,0x02,0x92,0x02,0xBF,0x04,0x64,0x07,0x3F,0x02,0xA4,0x04,0xBF,0x07,0x24,0x01,0x3F,0x02,0x20,0x04}, /* 雍 */
    {0xBE,0x07,0x82,0x04,0x94,0x04,0x88,0x07,0x3F,0x01,0x29,0x01,0xBF,0x05,0x29,0x05,0x3F,0x05,0xA9,0x05,0x29,0x06,0x23,0x00}, /* 踊 */
    {0x30,0x00,0x0C,0x07,0x00,0x05,0x38,0x05,0x09,0x05,0x6A,0x05,0x2C,0x05,0x2C,0x05,0x2A,0x07,0x4A,0x05,0x89,0x00,0x18,0x00}, /* 咏 */
    {0x30,0x00,0x0C,0x04,0x00,0x02,0xF0,0x00,0x18,0x00,0xD9,0x05,0x5A,0x02,0x54,0x00,0x94,0x00,0x92,0x02,0x11,0x05,0x30,0x00}, /* 泳 */
    {0x7E,0x02,0x02,0x01,0x14,0x00,0x08,0x00,0x7F,0x04,0x49,0x02,0x7F,0x00,0x49,0x00,0x7F,0x01,0x49,0x02,0x49,0x04,0x43,0x00}, /* 涌 */
    {0x60,0x00,0x18,0x00,0xE0,0x01,0x20,0x00,0x31,0x00,0xB2,0x07,0xAC,0x00,0x28,0x01,0x24,0x01,0x22,0x02,0x21,0x04,0x60,0x00}, /* 永 */
    {0xFC,0x03,0x48,0x00,0xFE,0x03,0x22,0x02,0xFE,0x03,0x22,0x02,0xFE,0x03,0x22,0x02,0x06,0x00,0xA2,0x02,0x95,0x02,0x7D,0x04}, /* 恿 */
    {0xFC,0x03,0x48,0x00,0xFE,0x03,0x22,0x02,0xFE,0x03,0x22,0x02,0xFE,0x03,0x22,0x02,0x40,0x00,0xFE,0x07,0x82,0x00,0x0C,0x03}, /* 勇 */
    {0x00,0x00,0xFE,0x03,0x22,0x02,0x22,0x02,0xFE,0x03,0x22,0x02,0x22,0x02,0xFE,0x03,0x22,0x02,0x22,0x02,0x22,0x02,0x0E,0x04}, /* 用 */
    {0x20,0x00,0xA4,0x00,0xA5,0x04,0x29,0x05,0x6B,0x05,0xAD,0x05,0xA5,0x04,0x6B,0x05,0xEF,0x05,0x21,0x04,0xFF,0x07,0x01,0x00}, /* 幽 */
    {0x24,0x01,0x22,0x01,0x20,0x02,0xFF,0x02,0x28,0x06,0x28,0x02,0x28,0x02,0x28,0x02,0x48,0x02,0x49,0x02,0x89,0x02,0x07,0x03}, /* 优 */
    {0x88,0x00,0x88,0x00,0x5F,0x01,0x52,0x03,0x6A,0x05,0x44,0x01,0x4A,0x01,0x11,0x01,0x20,0x00,0x92,0x02,0x85,0x02,0x7D,0x04}, /* 悠 */
    {0x14,0x01,0x12,0x01,0x10,0x01,0xBF,0x05,0x54,0x05,0x14,0x05,0x14,0x05,0x14,0x01,0x14,0x01,0x25,0x01,0x25,0x01,0x43,0x01}, /* 忧 */
    {0x48,0x00,0x44,0x00,0x40,0x00,0xFF,0x07,0x50,0x00,0x90,0x00,0x90,0x00,0x90,0x00,0x10,0x01,0x11,0x01,0x11,0x02,0x0F,0x04}, /* 尤 */
    {0x20,0x00,0x20,0x00,0xFE,0x03,0x22,0x02,0x22,0x02,0x22,0x02,0xFE,0x03,0x22,0x02,0x22,0x02,0x22,0x02,0xFE,0x03,0x02,0x02}, /* 由 */
    {0x80,0x00,0x87,0x00,0x85,0x00,0xF5,0x07,0x96,0x04,0x96,0x04,0xF5,0x07,0x95,0x04,0x95,0x04,0x96,0x04,0xF4,0x07,0x14,0x04}, /* 邮 */
    {0x08,0x02,0x08,0x02,0x88,0x03,0x7F,0x04,0x49,0x07,0x49,0x02,0x7F,0x02,0xC9,0x07,0x49,0x02,0x49,0x02,0x7F,0x03,0x41,0x02}, /* 铀 */
    {0x92,0x00,0x91,0x02,0x10,0x01,0xBF,0x02,0x94,0x04,0x94,0x00,0x94,0x01,0x94,0x02,0x94,0x04,0xA5,0x00,0xA5,0x00,0x43,0x03}, /* 犹 */
    {0x08,0x00,0x08,0x02,0x7F,0x01,0x49,0x00,0x49,0x04,0x49,0x02,0x7F,0x00,0x49,0x00,0x49,0x01,0x49,0x02,0x7F,0x04,0x41,0x00}, /* 油 */
    {0x88,0x00,0x48,0x04,0xEF,0x03,0x90,0x00,0x8E,0x00,0xE2,0x04,0xA4,0x02,0xBF,0x00,0xA4,0x00,0xA4,0x02,0xA4,0x04,0x6C,0x01}, /* 游 */
    {0x00,0x00,0xFF,0x07,0x50,0x00,0xFE,0x03,0x52,0x02,0x52,0x02,0x8E,0x02,0x02,0x03,0xFE,0x03,0x02,0x02,0xFE,0x03,0x02,0x02}, /* 酉 */
    {0x40,0x00,0x40,0x00,0xFF,0x07,0x80,0x00,0xFE,0x01,0x02,0x03,0xFE,0x05,0x02,0x01,0xFE,0x01,0x02,0x01,0x02,0x01,0x06,0x01}, /* 有 */
    {0x40,0x00,0x40,0x00,0xFF,0x07,0x80,0x00,0x80,0x00,0xFC,0x00,0x44,0x01,0x44,0x01,0x28,0x02,0x10,0x02,0x6C,0x04,0x83,0x01}, /* 友 */
    {0x20,0x00,0x20,0x00,0xFF,0x07,0x40,0x00,0x40,0x00,0x80,0x00,0xFE,0x00,0x82,0x01,0x82,0x02,0x82,0x04,0xFE,0x00,0x82,0x00}, /* 右 */
    {0x88,0x00,0x88,0x00,0x7F,0x01,0x08,0x01,0x10,0x03,0x10,0x05,0x3F,0x01,0x61,0x01,0xA1,0x01,0x21,0x01,0x3F,0x01,0x21,0x01}, /* 佑 */
    {0x88,0x00,0x08,0x07,0x08,0x01,0x7F,0x05,0xA9,0x03,0x29,0x01,0xBF,0x07,0x29,0x01,0xA9,0x03,0x69,0x05,0x3F,0x01,0x21,0x01}, /* 釉 */
    {0x06,0x02,0x38,0x01,0x08,0x00,0x7F,0x00,0x2A,0x07,0x49,0x01,0x3E,0x01,0x12,0x01,0x57,0x01,0xA1,0x01,0x21,0x01,0x46,0x00}, /* 诱 */
    {0x00,0x00,0xFE,0x03,0x02,0x01,0x02,0x01,0x04,0x01,0x84,0x00,0x88,0x00,0x50,0x00,0x20,0x00,0x50,0x00,0x8C,0x01,0x03,0x06}, /* 又 */
    {0x08,0x01,0x08,0x01,0x48,0x02,0x5F,0x02,0x89,0x04,0x89,0x07,0x09,0x01,0x09,0x02,0x89,0x04,0xD1,0x07,0x51,0x00,0x26,0x00}, /* 幼 */
    {0x00,0x04,0x7F,0x02,0x08,0x00,0x08,0x00,0x08,0x06,0xFF,0x02,0x08,0x02,0x08,0x02,0x08,0x02,0x38,0x02,0x00,0x02,0xFF,0x05}, /* 迂 */
    {0x84,0x00,0x44,0x04,0x0A,0x02,0xEA,0x01,0x91,0x00,0x84,0x04,0xE2,0x02,0xA2,0x00,0xA8,0x00,0xA4,0x02,0xA2,0x04,0x62,0x01}, /* 淤 */
    {0xFE,0x03,0x20,0x00,0x20,0x00,0x20,0x00,0x20,0x00,0xFF,0x07,0x20,0x00,0x20,0x00,0x20,0x00,0x20,0x00,0x20,0x00,0xE0,0x00}, /* 于 */
    {0x08,0x01,0x14,0x01,0x22,0x01,0xDD,0x07,0x00,0x01,0x71,0x03,0xD5,0x03,0x75,0x05,0x55,0x01,0x75,0x01,0x51,0x01,0x53,0x01}, /* 榆 */
    {0x3E,0x00,0x20,0x00,0xFF,0x03,0x29,0x02,0xF2,0x02,0x3E,0x02,0x44,0x02,0x7C,0x02,0x10,0x02,0xFE,0x02,0x28,0x02,0xC7,0x04}, /* 虞 */
    {0xFE,0x03,0x22,0x02,0xFE,0x03,0x22,0x02,0xFE,0x03,0x20,0x00,0xFF,0x07,0x29,0x04,0xFB,0x04,0x40,0x00,0xAA,0x02,0x79,0x04}, /* 愚 */
    {0x20,0x00,0x50,0x00,0x88,0x00,0x04,0x01,0xFB,0x06,0x20,0x00,0x20,0x00,0xFE,0x03,0x20,0x00,0x24,0x01,0x22,0x02,0x61,0x04}, /* 余 */
    {0x20,0x00,0x50,0x00,0x8C,0x01,0xFB,0x06,0x00,0x00,0xE2,0x03,0x2A,0x02,0xEA,0x03,0x2A,0x02,0xEA,0x03,0x22,0x02,0x66,0x02}, /* 俞 */
    {0x80,0x00,0xF8,0x01,0x08,0x02,0xFE,0x07,0x22,0x02,0x22,0x02,0xFE,0x03,0x22,0x02,0x22,0x02,0xFE,0x03,0x00,0x00,0xFF,0x07}, /* 鱼 */
    {0x08,0x01,0x14,0x01,0xA2,0x01,0x5D,0x05,0x00,0x05,0x71,0x05,0x55,0x05,0x75,0x01,0x55,0x01,0x75,0x01,0x51,0x01,0x53,0x01}, /* 愉 */
    {0x10,0x02,0x28,0x01,0x44,0x00,0xBB,0x00,0x00,0x04,0xF1,0x02,0x95,0x00,0xF5,0x00,0x95,0x01,0xF5,0x02,0x91,0x04,0xB3,0x00}, /* 渝 */
    {0x40,0x00,0x78,0x04,0x88,0x02,0xFE,0x01,0x92,0x00,0x92,0x04,0xFE,0x02,0x92,0x00,0x92,0x00,0xFE,0x02,0x00,0x04,0xFF,0x01}, /* 渔 */
    {0x3E,0x07,0x2A,0x05,0x3E,0x05,0x2A,0x05,0x2A,0x06,0x3E,0x06,0x08,0x05,0x7F,0x05,0x49,0x05,0x5D,0x06,0x45,0x04,0x43,0x04}, /* 隅 */
    {0xFE,0x03,0x04,0x00,0xC8,0x00,0x30,0x00,0x08,0x00,0xFF,0x07,0x21,0x00,0x22,0x00,0x24,0x00,0x20,0x00,0x20,0x00,0xE0,0x00}, /* 予 */
    {0x3E,0x01,0x22,0x01,0x22,0x01,0xBE,0x07,0x80,0x02,0xBE,0x02,0x88,0x02,0x88,0x04,0xFF,0x02,0x14,0x01,0xA2,0x02,0x41,0x04}, /* 娱 */
    {0xFF,0x07,0x20,0x00,0x20,0x00,0xFF,0x07,0x21,0x04,0x29,0x05,0xA5,0x04,0x21,0x04,0x29,0x05,0xA5,0x04,0x21,0x04,0x07,0x04}, /* 雨 */
    {0x00,0x01,0x00,0x01,0xFF,0x01,0x00,0x02,0x00,0x02,0xFE,0x03,0x02,0x00,0x02,0x00,0xFA,0x07,0x02,0x00,0x02,0x00,0x1C,0x00}, /* 与 */
    {0x08,0x01,0x08,0x01,0x0F,0x01,0x48,0x05,0x50,0x05,0x5F,0x05,0x41,0x05,0x41,0x05,0x7D,0x05,0xC1,0x05,0x41,0x06,0x06,0x00}, /* 屿 */
    {0x1F,0x00,0xE0,0x07,0x20,0x00,0xFE,0x03,0x22,0x02,0xFE,0x03,0x20,0x00,0xFF,0x07,0x21,0x04,0xFD,0x05,0x05,0x04,0x03,0x04}, /* 禹 */
    {0x40,0x00,0x20,0x00,0xFF,0x07,0x01,0x04,0x01,0x04,0xFC,0x01,0x20,0x00,0x20,0x00,0xFF,0x07,0x20,0x00,0x20,0x00,0xE0,0x00}, /* 宇 */
    {0xFF,0x04,0x10,0x02,0x7E,0x00,0x22,0x00,0x22,0x06,0xFF,0x02,0x00,0x02,0x7E,0x02,0x42,0x02,0x42,0x03,0x7E,0x02,0x42,0x00}, /* 语 */
    {0x00,0x00,0xDF,0x07,0x41,0x00,0x51,0x04,0x49,0x02,0x45,0x01,0x41,0x00,0x45,0x01,0x49,0x02,0x51,0x04,0x41,0x00,0xC7,0x01}, /* 羽 */
    {0x00,0x00,0xFE,0x03,0x20,0x00,0x20,0x00,0x20,0x00,0x20,0x00,0xFE,0x03,0x20,0x00,0x28,0x00,0x24,0x00,0x20,0x00,0xFF,0x07}, /* 玉 */
    {0x05,0x02,0x04,0x02,0x7F,0x02,0x04,0x02,0x74,0x07,0x55,0x02,0x55,0x02,0x76,0x02,0x06,0x02,0x15,0x03,0x6B,0x06,0x11,0x00}, /* 域 */
    {0x88,0x00,0xFF,0x07,0x88,0x00,0x00,0x00,0xFE,0x03,0x20,0x00,0x20,0x00,0xFF,0x07,0x20,0x00,0x20,0x00,0x20,0x00,0xE0,0x00}, /* 芋 */
    {0x00,0x01,0x0F,0x01,0xF9,0x07,0x09,0x02,0xEA,0x03,0x2A,0x06,0xE9,0x03,0x29,0x02,0xE9,0x03,0x2E,0x02,0x28,0x02,0x68,0x02}, /* 郁 */
    {0x00,0x00,0xBE,0x07,0x88,0x04,0x88,0x04,0x88,0x04,0xFF,0x04,0x88,0x04,0x88,0x04,0x88,0x07,0x88,0x04,0x08,0x00,0x38,0x00}, /* 吁 */
    {0x7E,0x04,0x52,0x02,0x7E,0x00,0x52,0x00,0x7E,0x00,0x10,0x06,0xFF,0x02,0x95,0x02,0xBD,0x02,0x83,0x02,0x00,0x02,0xFF,0x05}, /* 遇 */
    {0x08,0x00,0x14,0x07,0x22,0x05,0x5D,0x05,0x00,0x05,0x71,0x05,0x55,0x05,0x75,0x05,0x55,0x07,0x75,0x05,0x51,0x00,0x53,0x00}, /* 喻 */
    {0x40,0x01,0x47,0x02,0xF5,0x04,0x25,0x01,0x25,0x02,0xFD,0x06,0x25,0x02,0xB5,0x02,0xA5,0x02,0xB7,0x02,0xC4,0x03,0x04,0x02}, /* 御 */
    {0x70,0x00,0x8C,0x01,0xFB,0x06,0x00,0x00,0xE2,0x03,0x2A,0x02,0xEA,0x03,0x2A,0x02,0xE2,0x03,0x66,0x02,0x14,0x01,0xFD,0x04}, /* 愈 */
    {0x48,0x01,0x28,0x02,0x9F,0x04,0x89,0x00,0x52,0x01,0x20,0x02,0x14,0x04,0xE4,0x03,0x24,0x02,0x2A,0x02,0xEA,0x03,0x31,0x02}, /* 欲 */
    {0x44,0x01,0x26,0x05,0x05,0x02,0x04,0x05,0xDF,0x01,0x44,0x01,0x44,0x03,0x44,0x05,0x4A,0x01,0x6A,0x01,0x4A,0x01,0x11,0x06}, /* 狱 */
    {0x20,0x00,0xFF,0x07,0x04,0x01,0xFE,0x03,0x02,0x00,0xFE,0x03,0x02,0x02,0xFE,0x03,0x02,0x02,0xFE,0x03,0x02,0x02,0x06,0x02}, /* 育 */
    {0x42,0x02,0x24,0x01,0xFF,0x07,0x04,0x01,0x22,0x02,0xFD,0x05,0x00,0x00,0xFE,0x03,0x00,0x00,0xFE,0x03,0x02,0x02,0xFE,0x03}, /* 誉 */
    {0x44,0x04,0x82,0x02,0x11,0x01,0x28,0x00,0x44,0x04,0x83,0x02,0x00,0x00,0xFE,0x00,0x82,0x00,0x82,0x02,0xFE,0x04,0x82,0x00}, /* 浴 */
    {0x20,0x00,0xFF,0x07,0x01,0x04,0xFE,0x03,0x22,0x02,0xFE,0x03,0x22,0x02,0xFE,0x03,0x20,0x00,0xFF,0x07,0x29,0x04,0xFB,0x04}, /* 寓 */
    {0x14,0x04,0x22,0x02,0x49,0x07,0x08,0x01,0x14,0x02,0x22,0x03,0x41,0x06,0x3E,0x03,0x22,0x02,0x22,0x02,0x3E,0x02,0x22,0x02}, /* 裕 */
    {0x00,0x00,0x9F,0x03,0x84,0x00,0x88,0x02,0x1F,0x01,0xD1,0x07,0x55,0x01,0x15,0x01,0x15,0x01,0x04,0x01,0x0A,0x01,0x11,0x03}, /* 预 */
    {0x10,0x00,0x9E,0x07,0xA4,0x00,0x7F,0x05,0x29,0x02,0x3F,0x01,0xD8,0x07,0x6D,0x01,0x16,0x01,0x6E,0x01,0x15,0x01,0x6C,0x03}, /* 豫 */
    {0x1E,0x01,0xD2,0x03,0x56,0x04,0x91,0x02,0x4F,0x01,0xFC,0x03,0x44,0x05,0x2C,0x01,0xFF,0x01,0x01,0x00,0xF9,0x07,0x03,0x00}, /* 鸳 */
    {0x41,0x00,0x49,0x02,0x6B,0x01,0x5D,0x00,0x49,0x04,0x7F,0x02,0x49,0x00,0x5D,0x00,0x6B,0x01,0x89,0x02,0x89,0x04,0x01,0x01}, /* 渊 */
    {0x00,0x00,0xFF,0x07,0x81,0x04,0xF8,0x00,0x08,0x01,0xFE,0x03,0x22,0x05,0xFE,0x01,0x50,0x00,0x95,0x00,0x11,0x01,0x0F,0x06}, /* 冤 */
    {0x00,0x00,0xFE,0x03,0x00,0x00,0x00,0x00,0x00,0x00,0xFF,0x07,0x88,0x00,0x88,0x00,0x88,0x00,0x09,0x01,0x09,0x02,0x07,0x04}, /* 元 */
    {0x20,0x00,0xFE,0x03,0x20,0x00,0xFF,0x07,0x00,0x00,0xFE,0x03,0x02,0x02,0xFE,0x03,0x91,0x00,0x8A,0x01,0xA4,0x06,0xC3,0x00}, /* 袁 */
    {0x00,0x00,0xFF,0x03,0x20,0x02,0xFE,0x02,0x82,0x02,0xFE,0x02,0x82,0x02,0xFE,0x02,0x10,0x02,0x54,0x02,0x92,0x02,0x31,0x05}, /* 原 */
    {0x03,0x02,0x7C,0x02,0x51,0x02,0x2A,0x07,0x7F,0x02,0x08,0x02,0x7F,0x03,0x10,0x06,0x3E,0x02,0x52,0x02,0x8C,0x02,0x73,0x06}, /* 援 */
    {0xFF,0x03,0x01,0x02,0xF9,0x02,0x01,0x02,0x01,0x02,0xFD,0x03,0x51,0x02,0x51,0x02,0x95,0x02,0x0D,0x03,0x01,0x02,0xFF,0x03}, /* 园 */
    {0xFC,0x01,0x04,0x01,0xFC,0x01,0x00,0x00,0xFE,0x03,0x02,0x02,0x22,0x02,0x22,0x02,0x22,0x02,0x58,0x00,0x86,0x01,0x01,0x06}, /* 员 */
    {0xFF,0x07,0x01,0x04,0xF9,0x04,0x89,0x04,0xF9,0x04,0x01,0x04,0xFD,0x05,0x25,0x05,0x25,0x05,0x51,0x04,0x89,0x04,0xFF,0x07}, /* 圆 */
    {0x10,0x01,0x7E,0x05,0x10,0x02,0xFF,0x05,0x00,0x01,0x7E,0x01,0x42,0x03,0x7E,0x05,0x29,0x01,0x6A,0x01,0xA4,0x01,0x33,0x06}, /* 猿 */
    {0xFF,0x04,0x88,0x02,0x90,0x00,0xBE,0x00,0xA2,0x04,0xBE,0x02,0xA2,0x00,0xBE,0x00,0x88,0x00,0xAA,0x02,0xC9,0x04,0x18,0x01}, /* 源 */
    {0x20,0x02,0x3E,0x02,0x42,0x04,0x7C,0x05,0x04,0x06,0x7F,0x02,0x20,0x04,0x52,0x07,0x2C,0x00,0x5A,0x01,0x2A,0x06,0xD9,0x00}, /* 缘 */
    {0x00,0x04,0x7E,0x02,0x00,0x00,0x00,0x00,0xFF,0x00,0x24,0x06,0x24,0x02,0x24,0x02,0x45,0x02,0x83,0x02,0x00,0x02,0xFF,0x05}, /* 远 */
    {0x88,0x00,0xFF,0x07,0x88,0x00,0x00,0x01,0xDE,0x01,0x52,0x02,0x52,0x02,0x52,0x05,0x96,0x00,0x90,0x00,0x11,0x01,0x0F,0x02}, /* 苑 */
    {0xFF,0x03,0x20,0x02,0xFE,0x02,0x82,0x02,0xFE,0x02,0x82,0x02,0xFE,0x02,0x54,0x02,0xB2,0x02,0x08,0x02,0xA5,0x02,0x3D,0x05}, /* 愿 */
    {0x00,0x01,0x1E,0x01,0xD2,0x01,0x52,0x02,0x56,0x05,0x90,0x00,0x11,0x01,0x0F,0x06,0x20,0x00,0x92,0x02,0x85,0x02,0x7D,0x04}, /* 怨 */
    {0x10,0x00,0x08,0x07,0x7F,0x05,0x41,0x05,0x00,0x06,0x3E,0x05,0x00,0x05,0x7F,0x05,0x14,0x06,0x14,0x04,0x25,0x04,0x43,0x04}, /* 院 */
    {0x00,0x00,0xFF,0x03,0x01,0x02,0x01,0x02,0x01,0x02,0xF9,0x03,0x01,0x02,0x01,0x02,0x01,0x02,0x01,0x02,0xFF,0x03,0x01,0x02}, /* 曰 */
    {0x10,0x01,0x10,0x01,0x1F,0x02,0xA1,0x04,0x41,0x07,0x11,0x01,0x09,0x02,0x89,0x07,0x01,0x00,0x81,0x01,0x01,0x06,0x06,0x00}, /* 约 */
    {0x05,0x01,0x04,0x01,0xBF,0x07,0x24,0x01,0x25,0x01,0xAD,0x07,0x36,0x01,0x25,0x05,0x8B,0x05,0x11,0x05,0x00,0x07,0xFF,0x05}, /* 越 */
    {0x06,0x00,0xB8,0x07,0x88,0x04,0x88,0x04,0x88,0x07,0x3F,0x01,0x88,0x01,0x08,0x05,0x14,0x05,0x94,0x05,0x22,0x06,0x41,0x00}, /* 跃 */
    {0x00,0x02,0x1F,0x02,0xD1,0x03,0x11,0x04,0xDF,0x03,0x11,0x01,0x11,0x01,0xDF,0x07,0x11,0x01,0x51,0x01,0x91,0x01,0x27,0x01}, /* 钥 */
    {0x1C,0x00,0xE0,0x01,0x00,0x01,0x00,0x01,0xFE,0x01,0x08,0x01,0x08,0x01,0xFF,0x07,0x20,0x00,0x22,0x02,0x22,0x02,0xFE,0x03}, /* 岳 */
    {0x40,0x00,0xFE,0x03,0x22,0x02,0xAA,0x02,0xFE,0x03,0x22,0x02,0xAA,0x02,0xFF,0x07,0x00,0x01,0xFE,0x01,0x02,0x00,0x0C,0x00}, /* 粤 */
    {0x00,0x00,0xFE,0x01,0x02,0x01,0x02,0x01,0xFE,0x01,0x02,0x01,0x02,0x01,0xFE,0x01,0x02,0x01,0x02,0x02,0x02,0x02,0x0E,0x04}, /* 月 */
    {0x22,0x01,0x14,0x01,0x00,0x01,0xBE,0x05,0x62,0x05,0x22,0x05,0x3E,0x05,0x14,0x01,0x14,0x01,0x14,0x01,0x25,0x01,0x43,0x01}, /* 悦 */
    {0xFF,0x04,0x01,0x02,0x89,0x00,0x51,0x04,0xFD,0x05,0x05,0x05,0x05,0x05,0xFD,0x05,0x51,0x04,0x95,0x04,0x0D,0x05,0x03,0x04}, /* 阅 */
    {0x00,0x01,0x1E,0x01,0xC0,0x07,0x00,0x01,0x80,0x03,0x3F,0x01,0xC8,0x07,0x10,0x01,0x90,0x03,0x62,0x05,0x3F,0x01,0x01,0x01}, /* 耘 */
    {0x00,0x00,0xFC,0x01,0x00,0x00,0x00,0x00,0x00,0x00,0xFF,0x07,0x20,0x00,0x40,0x00,0x88,0x00,0x04,0x01,0xFE,0x03,0x02,0x00}, /* 云 */
    {0xE7,0x03,0x25,0x02,0xE5,0x03,0x05,0x00,0xF6,0x07,0x16,0x04,0x95,0x04,0x95,0x04,0x95,0x04,0x46,0x01,0x24,0x02,0x14,0x04}, /* 郧 */
    {0x00,0x01,0x00,0x01,0xFE,0x01,0x02,0x02,0x82,0x02,0x42,0x04,0x42,0x00,0x1A,0x00,0x62,0x00,0x82,0x03,0x02,0x00,0x1C,0x00}, /* 匀 */
    {0x3E,0x07,0x22,0x05,0x3E,0x05,0x00,0x05,0x7F,0x06,0x41,0x06,0x49,0x05,0x49,0x05,0x49,0x05,0x14,0x06,0x22,0x04,0x41,0x04}, /* 陨 */
    {0x40,0x00,0x80,0x00,0x04,0x01,0x02,0x02,0xFF,0x07,0x89,0x00,0x88,0x00,0x88,0x00,0x08,0x01,0x09,0x01,0x09,0x02,0x07,0x04}, /* 允 */
    {0x00,0x02,0x3E,0x01,0x00,0x00,0x00,0x00,0x7F,0x07,0x08,0x01,0x10,0x01,0x22,0x01,0x7F,0x01,0x01,0x01,0x80,0x02,0x7F,0x04}, /* 运 */
    {0x88,0x00,0xFF,0x07,0x88,0x00,0x7C,0x02,0xC4,0x04,0x7C,0x07,0x44,0x02,0x7C,0x04,0x00,0x07,0xFE,0x00,0xAA,0x06,0xFF,0x01}, /* 蕴 */
    {0xFC,0x01,0x04,0x01,0xFC,0x01,0x04,0x01,0xFF,0x07,0x41,0x04,0xFE,0x03,0xA0,0x00,0xFC,0x01,0x20,0x00,0xFF,0x07,0x20,0x00}, /* 晕 */
    {0x08,0x01,0xC8,0x07,0x0F,0x00,0x51,0x04,0xA9,0x02,0xC5,0x07,0x01,0x00,0xC3,0x07,0x45,0x04,0xD9,0x07,0x41,0x04,0xC6,0x07}, /* 韵 */
    {0xF8,0x07,0x08,0x01,0x0E,0x01,0x02,0x01,0xF2,0x02,0x12,0x02,0x26,0x04,0x20,0x00,0xFF,0x07,0x20,0x00,0x20,0x00,0x60,0x00}, /* 孕 */
    {0x00,0x00,0x7F,0x07,0x44,0x02,0x44,0x02,0x5F,0x04,0x55,0x07,0x55,0x05,0x55,0x05,0x57,0x05,0x44,0x07,0x44,0x05,0x7F,0x00}, /* 砸 */
    {0x40,0x00,0x40,0x00,0xF8,0x03,0x88,0x00,0x09,0x01,0x27,0x02,0x20,0x00,0xFF,0x07,0x20,0x00,0x24,0x01,0x22,0x02,0x61,0x04}, /* 杂 */
    {0x8A,0x00,0xE9,0x03,0x88,0x00,0xFF,0x07,0x08,0x00,0x8A,0x00,0xEA,0x07,0x8A,0x00,0xC4,0x01,0xA5,0x02,0x8B,0x04,0x91,0x00}, /* 栽 */
    {0x40,0x00,0x20,0x00,0xFF,0x07,0x01,0x04,0x20,0x00,0x22,0x01,0x22,0x01,0x54,0x02,0x50,0x00,0x88,0x00,0x04,0x01,0x03,0x06}, /* 灾 */
    {0x20,0x00,0xFF,0x07,0x41,0x04,0x20,0x00,0xFE,0x03,0x04,0x01,0x88,0x00,0xFF,0x07,0x20,0x00,0xFE,0x03,0x20,0x00,0x20,0x00}, /* 宰 */
    {0x8A,0x00,0xE9,0x03,0x88,0x00,0xFF,0x07,0x08,0x01,0xEA,0x07,0x8A,0x02,0xEA,0x03,0x84,0x00,0xE5,0x00,0x8B,0x07,0x91,0x00}, /* 载 */
    {0xFF,0x07,0x20,0x00,0xFE,0x03,0x22,0x02,0x22,0x02,0xFE,0x03,0x22,0x02,0x22,0x02,0xFF,0x07,0x02,0x02,0x02,0x02,0x0E,0x02}, /* 再 */
    {0x40,0x00,0x40,0x00,0xFF,0x07,0x80,0x00,0x88,0x00,0x08,0x01,0x08,0x03,0x3E,0x05,0x08,0x01,0x08,0x01,0x08,0x01,0x7F,0x01}, /* 在 */
    {0x08,0x00,0x10,0x00,0xBF,0x07,0xA1,0x04,0xA1,0x04,0xBF,0x04,0xA1,0x04,0xA1,0x04,0xBF,0x07,0xA1,0x04,0x21,0x00,0x3F,0x00}, /* 咱 */
    {0xAA,0x02,0xFF,0x02,0x22,0x07,0xFF,0x02,0x56,0x02,0x9B,0x02,0x00,0x03,0xFE,0x06,0x92,0x02,0x92,0x02,0x2C,0x02,0xC2,0x06}, /* 攒 */
    {0x06,0x01,0xD8,0x07,0x90,0x02,0xDF,0x03,0x92,0x00,0xD2,0x07,0xA2,0x00,0xFC,0x01,0x04,0x01,0xFC,0x01,0x04,0x01,0xFC,0x01}, /* 暂 */
    {0x94,0x02,0xDF,0x03,0xA4,0x04,0xDF,0x03,0x8C,0x01,0xD5,0x02,0xA3,0x04,0xFE,0x03,0x22,0x02,0x22,0x02,0xDC,0x00,0x03,0x07}, /* 赞 */
    {0x08,0x00,0x84,0x03,0xBF,0x02,0xA0,0x02,0xA4,0x03,0xA4,0x02,0xBF,0x02,0xA4,0x03,0xA4,0x02,0xA4,0x02,0xA4,0x02,0xDF,0x05}, /* 脏 */
    {0x88,0x00,0xFF,0x07,0x88,0x00,0xFF,0x07,0x12,0x01,0xDC,0x03,0x51,0x06,0x8F,0x01,0x88,0x06,0xFE,0x03,0x88,0x00,0x08,0x01}, /* 葬 */
    {0x28,0x04,0xFF,0x02,0x28,0x00,0xFE,0x00,0xAA,0x06,0xFE,0x02,0xAA,0x02,0xFE,0x02,0x44,0x02,0x7C,0x02,0x44,0x02,0xFF,0x05}, /* 遭 */
    {0x14,0x01,0x7F,0x01,0x94,0x05,0x7F,0x03,0x55,0x01,0xFF,0x07,0x55,0x01,0x7F,0x03,0xA2,0x05,0x3E,0x01,0x22,0x01,0x3E,0x01}, /* 糟 */
    {0x50,0x00,0x52,0x02,0x54,0x01,0xFF,0x07,0x88,0x00,0x52,0x02,0xFA,0x02,0x22,0x02,0xFE,0x03,0x22,0x02,0x22,0x02,0xFE,0x03}, /* 凿 */
    {0x88,0x00,0xFF,0x07,0x88,0x00,0x7C,0x04,0x44,0x02,0xFE,0x00,0xAA,0x04,0xEE,0x02,0x10,0x00,0xFF,0x00,0x54,0x02,0x92,0x04}, /* 藻 */
    {0x20,0x00,0xFF,0x07,0x20,0x00,0xFE,0x03,0x72,0x02,0xAA,0x02,0x04,0x01,0x63,0x06,0x10,0x00,0xC0,0x00,0x30,0x00,0x08,0x00}, /* 枣 */
    {0xFE,0x03,0x02,0x02,0xFE,0x03,0x02,0x02,0x02,0x02,0xFE,0x03,0x20,0x00,0x20,0x00,0xFF,0x07,0x20,0x00,0x20,0x00,0x20,0x00}, /* 早 */
    {0x7C,0x02,0x44,0x01,0x7C,0x00,0x00,0x00,0xEF,0x05,0x29,0x03,0xEF,0x01,0x10,0x00,0xFF,0x01,0x54,0x02,0x92,0x04,0x11,0x01}, /* 澡 */
    {0xFE,0x03,0x24,0x01,0x88,0x00,0x70,0x00,0x8C,0x01,0x23,0x06,0xFC,0x01,0x24,0x01,0xFC,0x01,0x22,0x00,0xFF,0x07,0x01,0x00}, /* 蚤 */
    {0xBE,0x07,0xA2,0x04,0xBE,0x04,0x80,0x07,0x77,0x01,0x55,0x01,0xF7,0x05,0x08,0x05,0x7F,0x05,0x9C,0x05,0x2A,0x06,0x49,0x00}, /* 躁 */
    {0x3E,0x00,0x22,0x07,0x3E,0x05,0x00,0x05,0x77,0x05,0x55,0x05,0x77,0x05,0x08,0x05,0x7F,0x07,0x1C,0x05,0x2A,0x00,0x49,0x00}, /* 噪 */
    {0x10,0x04,0x90,0x02,0xFE,0x00,0x10,0x01,0x10,0x06,0xFF,0x03,0x00,0x02,0xFE,0x02,0x82,0x02,0xFE,0x02,0x00,0x02,0xFF,0x05}, /* 造 */
    {0x20,0x00,0x40,0x00,0xFE,0x03,0x02,0x02,0xFE,0x03,0x02,0x02,0xFE,0x03,0x40,0x00,0x5F,0x00,0xE0,0x07,0x41,0x00,0x3F,0x00}, /* 皂 */
    {0x08,0x01,0x08,0x01,0x48,0x01,0x88,0x05,0x3E,0x05,0x08,0x05,0x08,0x05,0x08,0x01,0x08,0x01,0x88,0x02,0x88,0x02,0x7F,0x04}, /* 灶 */
    {0x3E,0x01,0x22,0x01,0xBE,0x01,0x00,0x05,0x77,0x05,0x55,0x05,0x77,0x05,0x08,0x01,0x7F,0x01,0x9C,0x02,0xAA,0x02,0x49,0x04}, /* 燥 */
    {0x20,0x00,0xFF,0x07,0x20,0x00,0xFE,0x03,0x20,0x00,0xFF,0x07,0x00,0x00,0xFE,0x03,0x22,0x02,0x22,0x02,0xDC,0x00,0x03,0x07}, /* 责 */
    {0x7E,0x01,0x22,0x01,0x14,0x01,0x88,0x07,0x14,0x01,0x6B,0x01,0x88,0x01,0x3E,0x07,0x08,0x01,0x7F,0x01,0x08,0x01,0x08,0x03}, /* 择 */
    {0x01,0x00,0xF1,0x07,0x15,0x04,0x95,0x04,0x95,0x04,0x95,0x04,0x95,0x04,0x95,0x04,0x95,0x04,0x41,0x01,0x21,0x02,0x13,0x04}, /* 则 */
    {0xFE,0x04,0x44,0x02,0x28,0x00,0x10,0x00,0x6C,0x00,0x93,0x05,0x10,0x02,0xFE,0x00,0x10,0x00,0xFF,0x01,0x10,0x02,0x10,0x04}, /* 泽 */
    {0xC5,0x07,0x44,0x04,0x7F,0x04,0x44,0x05,0x54,0x05,0x55,0x05,0x7D,0x05,0x56,0x05,0x14,0x01,0xA5,0x02,0x4B,0x02,0x11,0x04}, /* 贼 */
    {0x00,0x01,0xFF,0x01,0x80,0x02,0xFE,0x04,0x80,0x00,0xFF,0x00,0x80,0x00,0x80,0x00,0x22,0x00,0x91,0x02,0x85,0x02,0x7C,0x04}, /* 怎 */
    {0x22,0x01,0x7F,0x01,0x49,0x01,0x6B,0x01,0xC9,0x07,0x7F,0x01,0x00,0x01,0x3E,0x01,0x22,0x01,0xBE,0x01,0x22,0x06,0x3E,0x00}, /* 增 */
    {0x22,0x01,0x7F,0x01,0x49,0x01,0xEB,0x05,0x49,0x05,0x7F,0x05,0x00,0x05,0x3E,0x01,0x22,0x01,0x3E,0x01,0x22,0x01,0x3E,0x01}, /* 憎 */
    {0x04,0x01,0x88,0x00,0xFF,0x07,0x25,0x05,0xA9,0x04,0xFF,0x07,0x00,0x00,0xFE,0x03,0x02,0x02,0xFE,0x03,0x02,0x02,0xFE,0x03}, /* 曾 */
    {0x22,0x00,0xFF,0x07,0x49,0x04,0x6B,0x05,0x49,0x05,0x7F,0x05,0x40,0x05,0x7E,0x05,0x62,0x05,0x3E,0x01,0xA2,0x02,0x7E,0x04}, /* 赠 */
    {0x10,0x01,0x10,0x01,0x10,0x01,0xD0,0x07,0x10,0x01,0x10,0x01,0xD0,0x01,0x10,0x07,0x11,0x01,0x11,0x01,0x11,0x01,0x0F,0x03}, /* 扎 */
    {0x08,0x00,0x7F,0x00,0x9C,0x07,0xAA,0x04,0xC9,0x04,0xBE,0x04,0xA2,0x04,0xBE,0x04,0xA2,0x07,0xBE,0x04,0x00,0x00,0x7F,0x00}, /* 喳 */
    {0x10,0x00,0x10,0x04,0xFF,0x02,0x54,0x00,0x92,0x00,0x7D,0x05,0x44,0x02,0x7C,0x00,0x44,0x00,0x7C,0x02,0x00,0x04,0xFF,0x01}, /* 渣 */
    {0x88,0x00,0x88,0x00,0x88,0x00,0xE8,0x07,0x88,0x00,0xC8,0x01,0xA8,0x01,0x88,0x02,0x89,0x04,0x89,0x00,0x89,0x00,0x87,0x00}, /* 札 */
    {0x88,0x00,0x88,0x00,0xE8,0x07,0x08,0x01,0x08,0x01,0x88,0x02,0xE8,0x03,0x88,0x00,0xE8,0x00,0x89,0x07,0x89,0x00,0x87,0x00}, /* 轧 */
    {0xFF,0x04,0x01,0x02,0x01,0x00,0xFD,0x05,0x25,0x05,0xFD,0x05,0x25,0x05,0xFD,0x05,0x21,0x04,0x21,0x04,0x21,0x04,0x03,0x04}, /* 闸 */
    {0x07,0x00,0xB8,0x07,0x80,0x04,0x88,0x04,0x84,0x07,0xBF,0x04,0x82,0x04,0x84,0x07,0x88,0x04,0x90,0x04,0xA8,0x07,0x47,0x04}, /* 眨 */
    {0x00,0x01,0x77,0x01,0x55,0x01,0xD5,0x07,0x55,0x01,0xFF,0x03,0x55,0x03,0x55,0x05,0x55,0x01,0x55,0x01,0x55,0x01,0xBB,0x01}, /* 栅 */
    {0x08,0x01,0x7F,0x01,0x55,0x01,0xA2,0x07,0x51,0x01,0x1E,0x03,0xB0,0x03,0x5E,0x05,0x10,0x01,0x1F,0x01,0x10,0x01,0x10,0x01}, /* 榨 */
    {0x20,0x00,0x20,0x00,0xBF,0x07,0xD0,0x04,0x90,0x04,0x9E,0x04,0x90,0x04,0x90,0x04,0x9F,0x07,0x90,0x04,0x10,0x00,0x10,0x00}, /* 咋 */
    {0x00,0x01,0x00,0x01,0xFF,0x01,0x40,0x02,0x40,0x02,0x7E,0x04,0x40,0x00,0x40,0x00,0x7F,0x00,0x40,0x00,0x40,0x00,0x40,0x00}, /* 乍 */
    {0x20,0x01,0x20,0x01,0x3F,0x01,0x50,0x05,0x90,0x05,0x1E,0x05,0x10,0x05,0x10,0x01,0x1F,0x01,0x90,0x02,0x50,0x02,0x10,0x04}, /* 炸 */
    {0x20,0x02,0x20,0x01,0x3F,0x00,0x50,0x00,0x10,0x07,0x1E,0x01,0x10,0x01,0x10,0x01,0x5F,0x01,0x90,0x01,0x10,0x01,0x10,0x00}, /* 诈 */
    {0x08,0x01,0x7F,0x01,0x22,0x01,0x94,0x07,0x7F,0x01,0x49,0x01,0xDD,0x01,0x49,0x07,0x5D,0x01,0x55,0x01,0x5D,0x01,0x43,0x03}, /* 摘 */
    {0x20,0x00,0xFF,0x07,0x88,0x00,0x70,0x00,0x8F,0x07,0x00,0x00,0xFE,0x03,0x20,0x00,0xFE,0x03,0x52,0x02,0x52,0x02,0x06,0x02}, /* 斋 */
    {0x40,0x00,0x20,0x00,0xFF,0x07,0x01,0x04,0x1E,0x00,0xE0,0x03,0x20,0x00,0x3F,0x00,0xE0,0x07,0x21,0x00,0x21,0x00,0x1F,0x00}, /* 宅 */
    {0x20,0x00,0xFF,0x07,0x05,0x05,0x82,0x02,0x80,0x00,0xFF,0x01,0x40,0x02,0x7E,0x04,0x40,0x00,0x7F,0x00,0x40,0x00,0x40,0x00}, /* 窄 */
    {0x88,0x00,0xFF,0x00,0x08,0x01,0x3E,0x01,0x08,0x03,0x7F,0x05,0x00,0x01,0x7F,0x01,0x49,0x01,0x49,0x01,0x16,0x01,0x61,0x01}, /* 债 */
    {0x20,0x00,0xFF,0x07,0x89,0x04,0xFE,0x03,0x88,0x00,0xFE,0x03,0x88,0x00,0xFF,0x07,0x24,0x01,0xFE,0x03,0xA9,0x04,0x64,0x01}, /* 寨 */
    {0x3C,0x00,0x44,0x07,0x7F,0x05,0x52,0x05,0x69,0x07,0x5E,0x05,0x40,0x05,0x5E,0x07,0x40,0x05,0x5E,0x05,0x52,0x07,0x9E,0x05}, /* 瞻 */
    {0x08,0x01,0x08,0x01,0x48,0x05,0x8F,0x03,0x08,0x01,0xC8,0x07,0x3F,0x01,0xA1,0x03,0x61,0x05,0x21,0x01,0x3F,0x01,0x21,0x01}, /* 粘 */
    {0x10,0x02,0x10,0x01,0x10,0x00,0x1F,0x00,0x10,0x04,0x10,0x02,0xFE,0x00,0x82,0x00,0x82,0x01,0x82,0x02,0xFE,0x04,0x82,0x00}, /* 沾 */
    {0x48,0x00,0x7E,0x00,0xC0,0x07,0x3E,0x00,0xE4,0x07,0x18,0x00,0xE9,0x03,0x07,0x00,0xFE,0x03,0x52,0x02,0x52,0x02,0xFF,0x07}, /* 盏 */
    {0x06,0x01,0x38,0x01,0xA0,0x07,0x20,0x02,0x3F,0x03,0x24,0x05,0xA4,0x07,0x24,0x01,0xA4,0x01,0x24,0x07,0x24,0x01,0x44,0x01}, /* 斩 */
    {0x00,0x01,0x7F,0x01,0xC1,0x07,0x7F,0x02,0x4A,0x03,0x7F,0x05,0xCA,0x07,0x7F,0x01,0xD4,0x01,0x55,0x07,0x5A,0x01,0x91,0x01}, /* 辗 */
    {0x20,0x00,0x22,0x02,0xFE,0x03,0x03,0x01,0xDC,0x07,0x10,0x02,0x90,0x04,0xDF,0x07,0x92,0x00,0xD2,0x00,0x92,0x07,0xA2,0x00}, /* 崭 */
    {0xFF,0x03,0x01,0x02,0xFF,0x03,0x44,0x02,0xFE,0x02,0x44,0x02,0xFF,0x03,0x90,0x02,0x91,0x02,0x8A,0x02,0xA4,0x02,0xC3,0x04}, /* 展 */
    {0x0A,0x01,0x09,0x01,0x0F,0x01,0xB8,0x07,0x08,0x01,0x0F,0x03,0xB8,0x03,0x0A,0x05,0x0C,0x01,0x09,0x01,0x15,0x01,0x63,0x01}, /* 栈 */
    {0x20,0x00,0x20,0x00,0x20,0x00,0x3F,0x00,0x20,0x00,0x20,0x00,0xFE,0x03,0x02,0x02,0x02,0x02,0x02,0x02,0xFE,0x03,0x02,0x02}, /* 占 */
    {0x0A,0x01,0x09,0x01,0xC8,0x01,0x0F,0x01,0x38,0x01,0xCA,0x07,0x4A,0x04,0x4A,0x04,0x44,0x04,0xCD,0x07,0x13,0x04,0x21,0x00}, /* 战 */
    {0x08,0x02,0x08,0x01,0x08,0x00,0xCF,0x07,0x08,0x00,0x88,0x04,0xBF,0x02,0xA1,0x02,0x21,0x01,0xA1,0x01,0x3F,0x06,0x21,0x00}, /* 站 */
    {0x44,0x04,0xFE,0x02,0x44,0x00,0x7C,0x00,0x44,0x04,0x7C,0x02,0x44,0x00,0xFF,0x01,0xA8,0x00,0xC4,0x02,0x80,0x04,0xFE,0x00}, /* 湛 */
    {0x08,0x01,0x3E,0x01,0x94,0x07,0x7F,0x01,0x22,0x01,0xBE,0x03,0x22,0x03,0x3E,0x05,0x08,0x01,0x7F,0x01,0x08,0x01,0x08,0x01}, /* 樟 */
    {0x20,0x00,0xFE,0x03,0x88,0x00,0xFF,0x07,0x04,0x01,0xFC,0x01,0x04,0x01,0xFC,0x01,0x20,0x00,0xFF,0x07,0x20,0x00,0x20,0x00}, /* 章 */
    {0x82,0x00,0xE2,0x03,0x44,0x01,0xF9,0x07,0x21,0x02,0xE2,0x03,0x24,0x02,0xE8,0x03,0x81,0x00,0xF2,0x07,0x84,0x00,0x98,0x00}, /* 彰 */
    {0x10,0x00,0x92,0x07,0x94,0x00,0x98,0x00,0x90,0x07,0x3F,0x04,0x14,0x04,0x94,0x07,0x92,0x00,0x92,0x00,0x99,0x00,0x10,0x03}, /* 张 */
    {0x24,0x01,0xFF,0x07,0xF9,0x04,0x88,0x00,0xF8,0x00,0x00,0x00,0xFC,0x03,0x20,0x00,0xFC,0x01,0x20,0x00,0xFF,0x07,0x60,0x00}, /* 掌 */
    {0x10,0x00,0xD2,0x05,0x54,0x02,0x58,0x00,0xD0,0x01,0x3F,0x05,0x14,0x03,0xD4,0x01,0x52,0x00,0x52,0x02,0x59,0x04,0x90,0x01}, /* 涨 */
    {0x04,0x01,0x04,0x01,0x04,0x01,0xBF,0x07,0x04,0x01,0x24,0x03,0xA4,0x03,0x14,0x05,0x14,0x01,0x08,0x01,0x14,0x01,0x63,0x01}, /* 杖 */
    {0x08,0x00,0x08,0x00,0x08,0x00,0xFF,0x07,0x08,0x00,0x08,0x01,0x08,0x01,0x90,0x00,0x50,0x00,0x20,0x00,0xD8,0x00,0x07,0x03}, /* 丈 */
    {0x10,0x01,0x12,0x01,0xD4,0x07,0x58,0x05,0x50,0x05,0x7F,0x05,0x54,0x05,0x54,0x05,0xD2,0x05,0x12,0x01,0x19,0x01,0x10,0x01}, /* 帐 */
    {0x10,0x00,0xD2,0x07,0x54,0x04,0x58,0x05,0x50,0x05,0x7F,0x05,0x54,0x05,0x54,0x05,0x52,0x05,0x12,0x01,0x99,0x02,0x50,0x04}, /* 账 */
    {0x84,0x00,0x84,0x00,0x04,0x01,0x7F,0x01,0x04,0x03,0x44,0x05,0x24,0x01,0x28,0x01,0x10,0x01,0x28,0x01,0x44,0x01,0x83,0x01}, /* 仗 */
    {0x90,0x03,0x92,0x02,0x94,0x02,0x98,0x03,0x90,0x02,0xBF,0x02,0x94,0x03,0x94,0x02,0x92,0x02,0x92,0x02,0x99,0x02,0x90,0x05}, /* 胀 */
    {0x08,0x00,0xBE,0x07,0x94,0x04,0xFF,0x04,0x22,0x05,0x3E,0x05,0xA2,0x04,0xBE,0x04,0x88,0x04,0x7F,0x07,0x08,0x04,0x08,0x04}, /* 障 */
    {0x00,0x01,0x7F,0x01,0x11,0x01,0x91,0x07,0x21,0x01,0x46,0x01,0x80,0x01,0x3F,0x07,0x21,0x01,0x21,0x01,0x3F,0x01,0x21,0x03}, /* 招 */
    {0x00,0x00,0xBF,0x07,0x91,0x04,0x91,0x04,0xA1,0x04,0xC6,0x07,0x80,0x04,0xBF,0x04,0xA1,0x04,0xA1,0x07,0xBF,0x04,0x21,0x00}, /* 昭 */
    {0x14,0x01,0x12,0x01,0x10,0x01,0xDF,0x07,0x30,0x01,0x12,0x01,0xD2,0x01,0x14,0x07,0x09,0x01,0x15,0x01,0x23,0x01,0x41,0x03}, /* 找 */
    {0x00,0x00,0xFF,0x04,0x21,0x02,0x21,0x00,0x41,0x00,0x46,0x04,0x80,0x02,0x7F,0x00,0x41,0x01,0x41,0x02,0x7F,0x04,0x41,0x00}, /* 沼 */
    {0x80,0x00,0x91,0x00,0xC9,0x03,0x8A,0x00,0x8A,0x00,0xE4,0x07,0x84,0x00,0x8A,0x02,0xE9,0x02,0x91,0x02,0x80,0x03,0xFF,0x04}, /* 赵 */
    {0x00,0x00,0xBF,0x07,0x91,0x04,0x91,0x04,0xA6,0x07,0xC0,0x04,0xBF,0x04,0xA1,0x04,0xBF,0x07,0x00,0x00,0x92,0x02,0x49,0x04}, /* 照 */
    {0xFE,0x03,0x52,0x02,0xFE,0x03,0x20,0x00,0x3E,0x00,0x20,0x00,0xFE,0x03,0x02,0x02,0xFE,0x03,0x02,0x02,0xFF,0x07,0x20,0x00}, /* 罩 */
    {0x90,0x00,0x90,0x00,0x92,0x04,0x94,0x02,0x98,0x01,0x90,0x00,0x98,0x01,0x94,0x02,0x90,0x04,0x11,0x01,0x11,0x01,0x0F,0x02}, /* 兆 */
    {0x90,0x00,0xDF,0x03,0x6A,0x02,0xC4,0x03,0x1B,0x02,0x24,0x04,0xFF,0x03,0x24,0x00,0xFC,0x01,0x20,0x00,0xFF,0x07,0x20,0x00}, /* 肇 */
    {0x00,0x00,0xFE,0x03,0x82,0x00,0x82,0x00,0x02,0x01,0x0C,0x02,0x00,0x04,0xFE,0x01,0x02,0x01,0x02,0x01,0xFE,0x01,0x02,0x01}, /* 召 */
    {0x08,0x04,0xFF,0x02,0x80,0x00,0xA2,0x00,0xFF,0x00,0xA2,0x06,0xBE,0x02,0x80,0x02,0x55,0x03,0x55,0x02,0x00,0x02,0xFF,0x05}, /* 遮 */
    {0x06,0x01,0x38,0x01,0x20,0x01,0xE0,0x07,0x3F,0x01,0x24,0x01,0xA4,0x01,0x24,0x07,0x24,0x01,0x24,0x01,0x24,0x01,0x44,0x03}, /* 折 */
    {0x02,0x01,0xBC,0x07,0x20,0x01,0xBF,0x01,0x24,0x07,0x24,0x01,0x44,0x03,0x00,0x00,0xFE,0x03,0x02,0x02,0x02,0x02,0xFE,0x03}, /* 哲 */
    {0x10,0x01,0xBC,0x07,0x14,0x01,0xB5,0x07,0x2B,0x01,0x41,0x03,0x20,0x00,0xFE,0x03,0x22,0x02,0xFE,0x03,0x21,0x00,0xFF,0x07}, /* 蛰 */
    {0x22,0x02,0xFA,0x02,0x54,0x07,0xF7,0x02,0x09,0x05,0x75,0x05,0xD5,0x07,0x75,0x01,0xD2,0x01,0x72,0x07,0x55,0x01,0x59,0x01}, /* 辙 */
    {0x20,0x00,0x22,0x00,0xFC,0x03,0x28,0x00,0xFF,0x07,0x40,0x00,0xFE,0x01,0x02,0x07,0xFE,0x01,0x02,0x01,0xFE,0x01,0x02,0x01}, /* 者 */
    {0x10,0x02,0x11,0x03,0x3A,0x04,0x14,0x00,0x7F,0x07,0x10,0x02,0x3E,0x02,0x62,0x07,0xBE,0x02,0x22,0x02,0x3E,0x03,0x22,0x02}, /* 锗 */
    {0x88,0x00,0xFF,0x07,0xA8,0x00,0x10,0x00,0xFF,0x03,0x44,0x02,0xFF,0x03,0x44,0x02,0x7C,0x02,0x00,0x02,0xAA,0x02,0x15,0x05}, /* 蔗 */
    {0x10,0x02,0x08,0x01,0x7F,0x00,0x02,0x00,0x22,0x07,0x14,0x01,0x08,0x01,0x14,0x01,0x22,0x01,0x41,0x01,0x80,0x02,0x7F,0x04}, /* 这 */
    {0x41,0x04,0x4E,0x02,0x48,0x00,0xE8,0x01,0x4F,0x04,0x4A,0x02,0x6A,0x00,0xCA,0x01,0x4A,0x00,0x4A,0x02,0x4A,0x04,0xD2,0x00}, /* 浙 */
    {0x08,0x00,0x88,0x07,0x14,0x01,0x22,0x01,0x49,0x01,0x90,0x07,0x24,0x01,0x09,0x01,0x32,0x01,0x84,0x01,0x18,0x06,0x60,0x00}, /* 珍 */
    {0x22,0x01,0xFA,0x03,0x26,0x01,0xE2,0x01,0x2A,0x01,0xE6,0x01,0x22,0x01,0xF3,0x07,0xAE,0x02,0x12,0x03,0x02,0x02,0xF2,0x03}, /* 斟 */
    {0x20,0x00,0xFE,0x03,0x20,0x00,0xFC,0x01,0x04,0x01,0xFC,0x01,0x04,0x01,0xFC,0x01,0x04,0x01,0xFF,0x07,0x88,0x00,0x04,0x01}, /* 真 */
    {0x00,0x00,0xEF,0x07,0x44,0x01,0xF4,0x07,0x56,0x05,0x5A,0x05,0xFA,0x07,0x8E,0x00,0xEA,0x03,0x8A,0x00,0xEA,0x00,0x0D,0x07}, /* 甄 */
    {0x08,0x00,0x88,0x07,0x08,0x01,0x0F,0x01,0x08,0x02,0x88,0x03,0xBF,0x06,0xA1,0x02,0xA1,0x02,0xA1,0x02,0xBF,0x03,0xA1,0x02}, /* 砧 */
    {0x08,0x00,0x7F,0x07,0x08,0x02,0x3E,0x04,0x10,0x05,0x7F,0x07,0x22,0x02,0x5D,0x02,0x08,0x07,0x7F,0x02,0x2A,0x03,0x49,0x06}, /* 臻 */
    {0x20,0x00,0x20,0x00,0x3F,0x00,0x20,0x00,0xFE,0x03,0x02,0x02,0x22,0x02,0x22,0x02,0x22,0x02,0x58,0x00,0x86,0x01,0x01,0x06}, /* 贞 */
    {0x08,0x02,0x08,0x02,0xC8,0x03,0x08,0x04,0xC8,0x03,0x3F,0x01,0x08,0x01,0xC8,0x07,0x08,0x01,0x48,0x01,0x88,0x01,0x08,0x01}, /* 针 */
    {0x10,0x01,0x10,0x01,0x1F,0x02,0x10,0x02,0xFE,0x06,0x82,0x02,0x92,0x02,0x92,0x02,0x92,0x02,0x28,0x02,0x44,0x02,0x82,0x02}, /* 侦 */
    {0x08,0x01,0x08,0x01,0x7F,0x01,0xC9,0x07,0x49,0x01,0x08,0x03,0x94,0x03,0x54,0x05,0x14,0x01,0x24,0x01,0x25,0x01,0x43,0x01}, /* 枕 */
    {0x10,0x00,0xFF,0x01,0x10,0x01,0x28,0x05,0x44,0x03,0x9B,0x01,0x60,0x01,0x0C,0x03,0x70,0x05,0x02,0x01,0x0C,0x02,0xF0,0x04}, /* 疹 */
    {0x10,0x02,0x10,0x01,0x28,0x00,0x44,0x00,0x93,0x06,0x20,0x02,0x48,0x02,0x12,0x02,0x64,0x02,0x08,0x03,0x30,0x02,0xC0,0x00}, /* 诊 */
    {0xFE,0x03,0x20,0x00,0xFF,0x07,0x21,0x04,0xAE,0x03,0x00,0x00,0xFF,0x03,0x00,0x02,0xFF,0x03,0x92,0x02,0x8C,0x02,0xC3,0x04}, /* 震 */
    {0x00,0x02,0x7F,0x02,0x40,0x02,0x5E,0x07,0x40,0x02,0x7F,0x02,0x54,0x03,0x55,0x06,0x56,0x02,0x54,0x02,0x5A,0x02,0x91,0x06}, /* 振 */
    {0x10,0x02,0x7E,0x03,0x10,0x04,0x7E,0x00,0x42,0x07,0x7E,0x02,0x42,0x02,0x7E,0x07,0x42,0x02,0xFF,0x02,0x24,0x03,0x42,0x02}, /* 镇 */
    {0x08,0x00,0x88,0x07,0xBF,0x04,0x90,0x04,0x14,0x05,0x24,0x05,0xBF,0x04,0x84,0x04,0x84,0x04,0x3F,0x07,0x04,0x04,0x04,0x04}, /* 阵 */
    {0x88,0x00,0xFF,0x07,0x88,0x00,0xF8,0x03,0x11,0x00,0xAA,0x07,0x24,0x01,0x63,0x02,0xFC,0x05,0x00,0x00,0x92,0x02,0x49,0x04}, /* 蒸 */
    {0x20,0x02,0x3C,0x02,0x44,0x07,0x88,0x02,0x7E,0x02,0x12,0x02,0xFF,0x03,0x12,0x06,0x7E,0x02,0x12,0x02,0x10,0x02,0x70,0x06}, /* 挣 */
    {0x20,0x00,0x3C,0x07,0x44,0x05,0x88,0x05,0x7E,0x07,0x12,0x05,0xFF,0x05,0x12,0x07,0x7E,0x05,0x12,0x05,0x10,0x07,0x70,0x05}, /* 睁 */
    {0x00,0x01,0x7F,0x02,0x08,0x04,0x08,0x01,0x08,0x02,0x48,0x06,0x4F,0x02,0x48,0x02,0x48,0x02,0x48,0x02,0x48,0x02,0xFF,0x02}, /* 征 */
    {0x20,0x01,0x3C,0x05,0x44,0x02,0x88,0x05,0x7E,0x01,0x12,0x01,0xFF,0x03,0x12,0x05,0x7E,0x01,0x12,0x01,0x10,0x01,0x70,0x06}, /* 狰 */
    {0x80,0x00,0xF8,0x01,0x08,0x02,0x10,0x04,0xFE,0x03,0x22,0x00,0xFF,0x07,0x22,0x00,0xFE,0x03,0x22,0x00,0x20,0x00,0xE0,0x00}, /* 争 */
    {0x00,0x01,0x7F,0x01,0x08,0x01,0x88,0x05,0x08,0x05,0x28,0x05,0x2F,0x05,0x28,0x01,0x28,0x01,0x28,0x01,0x28,0x01,0x7F,0x01}, /* 怔 */
    {0x88,0x00,0xEF,0x07,0xB2,0x02,0xEA,0x03,0xC4,0x01,0xAA,0x02,0x91,0x04,0xFF,0x07,0x20,0x00,0x3E,0x01,0x20,0x01,0xFF,0x07}, /* 整 */
    {0x00,0x02,0x7E,0x02,0x04,0x02,0x08,0x07,0xE9,0x02,0x2D,0x02,0x2A,0x03,0x4A,0x06,0x89,0x02,0x18,0x02,0x00,0x02,0xFF,0x06}, /* 拯 */
    {0x00,0x00,0xFE,0x03,0x20,0x00,0x20,0x00,0x20,0x00,0x20,0x01,0x3E,0x01,0x20,0x01,0x20,0x01,0x20,0x01,0x20,0x01,0xFF,0x07}, /* 正 */
    {0x08,0x00,0xE8,0x07,0x88,0x00,0x8F,0x00,0x92,0x02,0xEA,0x02,0x8A,0x02,0x8A,0x02,0x8A,0x02,0xE4,0x02,0x0A,0x07,0x11,0x00}, /* 政 */
    {0x04,0x01,0x04,0x01,0xC7,0x07,0x44,0x05,0x5F,0x05,0x51,0x05,0x55,0x05,0x55,0x05,0xD5,0x05,0x15,0x01,0x0A,0x01,0x11,0x01}, /* 帧 */
    {0x20,0x00,0x10,0x00,0xFF,0x01,0x00,0x05,0x7F,0x03,0x08,0x01,0x08,0x01,0x4F,0x03,0x48,0x05,0x48,0x01,0x48,0x02,0xFF,0x04}, /* 症 */
    {0x20,0x02,0x4F,0x01,0x09,0x00,0xE9,0x03,0x8A,0x00,0x8A,0x00,0xF9,0x07,0x89,0x00,0x49,0x01,0x2E,0x01,0x28,0x02,0x08,0x04}, /* 郑 */
    {0x00,0x04,0xFF,0x02,0x08,0x00,0x08,0x00,0x08,0x06,0x48,0x02,0x4F,0x02,0x48,0x02,0xC8,0x02,0x48,0x03,0x48,0x02,0xFF,0x00}, /* 证 */
    {0x88,0x00,0xFF,0x07,0x88,0x00,0x40,0x00,0x20,0x00,0xFE,0x07,0x04,0x00,0x18,0x00,0x60,0x00,0x80,0x00,0x00,0x03,0xFF,0x04}, /* 芝 */
    {0x08,0x01,0x08,0x01,0x7F,0x01,0x88,0x07,0x08,0x01,0x7E,0x03,0xA2,0x03,0x22,0x05,0x14,0x01,0x08,0x01,0x14,0x01,0x63,0x01}, /* 枝 */
    {0x20,0x00,0x20,0x00,0xFF,0x07,0x20,0x00,0x20,0x00,0xFE,0x03,0x02,0x01,0x84,0x00,0x48,0x00,0x30,0x00,0xCC,0x00,0x03,0x07}, /* 支 */
    {0x08,0x00,0x08,0x00,0x7F,0x07,0x08,0x05,0x08,0x05,0x7E,0x05,0x22,0x05,0x22,0x05,0x14,0x07,0x08,0x05,0x34,0x00,0xC3,0x00}, /* 吱 */
    {0x20,0x01,0x27,0x01,0x3D,0x01,0xD5,0x07,0x55,0x05,0x55,0x05,0xFD,0x07,0x15,0x01,0x55,0x01,0xEF,0x01,0x2D,0x06,0x48,0x00}, /* 蜘 */
    {0x00,0x01,0x00,0x01,0xEF,0x01,0x89,0x02,0x89,0x04,0x89,0x00,0xF9,0x07,0x89,0x00,0x49,0x01,0x2F,0x01,0x29,0x02,0x00,0x04}, /* 知 */
    {0x08,0x00,0x88,0x03,0xBF,0x02,0x88,0x02,0x88,0x03,0xFE,0x02,0xA2,0x02,0xA2,0x03,0x94,0x02,0x88,0x02,0x94,0x02,0xE3,0x05}, /* 肢 */
    {0xA1,0x03,0xA6,0x02,0xB8,0x02,0xA1,0x03,0x9F,0x02,0x80,0x02,0xBF,0x03,0xA1,0x02,0xBF,0x02,0xA1,0x02,0xBF,0x02,0xA1,0x05}, /* 脂 */
    {0x10,0x02,0x10,0x01,0x10,0x00,0x10,0x00,0x10,0x04,0xFF,0x02,0x10,0x00,0x10,0x00,0x10,0x01,0x10,0x02,0x10,0x04,0x10,0x00}, /* 汁 */
    {0x40,0x00,0x20,0x00,0x00,0x00,0xFE,0x03,0x04,0x00,0x08,0x00,0x10,0x00,0x20,0x00,0x40,0x00,0x80,0x00,0x40,0x01,0x3F,0x02}, /* 之 */
    {0x00,0x01,0x3E,0x01,0x22,0x02,0xA2,0x04,0x22,0x07,0x22,0x01,0x22,0x02,0xBE,0x07,0x00,0x00,0x94,0x01,0x22,0x06,0x41,0x00}, /* 织 */
    {0xE0,0x07,0x5F,0x02,0x51,0x02,0xD1,0x03,0x51,0x02,0x51,0x02,0xDF,0x03,0x40,0x02,0x60,0x02,0xCA,0x07,0x49,0x00,0x51,0x00}, /* 职 */
    {0x20,0x00,0xFF,0x03,0x20,0x00,0xFE,0x01,0x02,0x01,0xFE,0x01,0x02,0x01,0xFE,0x01,0x02,0x01,0xFE,0x01,0x02,0x01,0xFF,0x03}, /* 直 */
    {0x08,0x01,0x3F,0x01,0x08,0x01,0xBE,0x07,0x22,0x01,0x3E,0x03,0xA2,0x03,0x3E,0x05,0x22,0x01,0x3E,0x01,0x22,0x01,0x7F,0x01}, /* 植 */
    {0x10,0x00,0x7F,0x07,0x10,0x02,0x7E,0x02,0x42,0x03,0x7E,0x05,0x42,0x05,0x7E,0x03,0x42,0x01,0x7E,0x02,0x42,0x02,0xFF,0x04}, /* 殖 */
    {0x20,0x02,0x20,0x02,0x20,0x02,0x7C,0x07,0x24,0x02,0x24,0x02,0x64,0x03,0x24,0x06,0x54,0x02,0x55,0x02,0x83,0x02,0x01,0x07}, /* 执 */
    {0x10,0x01,0x7F,0x01,0x10,0x02,0x7E,0x02,0x42,0x06,0x7E,0x02,0x42,0x02,0x7E,0x02,0x42,0x02,0x7E,0x02,0x42,0x02,0xFF,0x02}, /* 值 */
    {0x80,0x00,0xBF,0x00,0x08,0x01,0x10,0x01,0x22,0x03,0x3F,0x05,0x09,0x01,0x08,0x01,0x3E,0x01,0x08,0x01,0x08,0x01,0x7F,0x01}, /* 侄 */
    {0x04,0x01,0x04,0x01,0x04,0x01,0x24,0x01,0xA7,0x07,0x24,0x01,0x24,0x01,0x24,0x01,0x24,0x01,0xA4,0x01,0x24,0x06,0x7F,0x00}, /* 址 */
    {0x21,0x01,0x26,0x01,0x38,0x01,0xA1,0x07,0x1F,0x01,0x00,0x01,0xBF,0x01,0x21,0x07,0x3F,0x01,0x21,0x01,0x3F,0x01,0x21,0x03}, /* 指 */
    {0x10,0x00,0x10,0x00,0x10,0x00,0x10,0x01,0x1E,0x01,0x10,0x01,0x10,0x01,0x10,0x01,0x10,0x01,0x10,0x01,0x10,0x01,0xFF,0x07}, /* 止 */
    {0x04,0x00,0x84,0x07,0x84,0x04,0xA4,0x04,0xA7,0x07,0x24,0x01,0x24,0x01,0xA4,0x05,0x24,0x05,0x24,0x05,0xA4,0x05,0x7F,0x06}, /* 趾 */
    {0x00,0x00,0xFE,0x03,0x02,0x02,0x02,0x02,0x02,0x02,0x02,0x02,0xFE,0x03,0x00,0x00,0x00,0x00,0x04,0x01,0x02,0x02,0x01,0x04}, /* 只 */
    {0x0C,0x02,0x70,0x02,0x82,0x03,0x02,0x02,0xFE,0x01,0x00,0x00,0xFE,0x03,0x02,0x02,0xFE,0x03,0x02,0x02,0xFE,0x03,0x02,0x02}, /* 旨 */
    {0x07,0x01,0x3C,0x01,0x24,0x02,0xA4,0x04,0x24,0x07,0x3F,0x01,0x24,0x02,0xA4,0x07,0x24,0x00,0xAD,0x01,0x33,0x06,0x21,0x00}, /* 纸 */
    {0x20,0x00,0x20,0x00,0xFF,0x07,0x20,0x00,0x20,0x00,0xFE,0x03,0x00,0x00,0x20,0x00,0x92,0x02,0x91,0x02,0x85,0x04,0x7C,0x00}, /* 志 */
    {0x10,0x01,0xBC,0x07,0x14,0x01,0xB5,0x07,0x2B,0x01,0x41,0x03,0x08,0x00,0xF0,0x01,0x20,0x00,0xFF,0x07,0x20,0x00,0xE0,0x00}, /* 挚 */
    {0x50,0x02,0x27,0x02,0x05,0x02,0x75,0x07,0x26,0x02,0x26,0x02,0xFD,0x02,0x25,0x03,0x25,0x06,0x56,0x02,0x54,0x02,0x84,0x06}, /* 掷 */
    {0x00,0x00,0xFF,0x07,0x40,0x00,0x88,0x00,0x04,0x01,0xFE,0x03,0x22,0x00,0x20,0x00,0xFE,0x03,0x20,0x00,0x20,0x00,0xFF,0x07}, /* 至 */
    {0x08,0x00,0xC8,0x07,0x08,0x01,0x5F,0x02,0xD2,0x07,0x22,0x01,0x12,0x01,0xD4,0x07,0x08,0x01,0xD4,0x01,0x22,0x07,0x41,0x00}, /* 致 */
    {0xFE,0x03,0x52,0x02,0xFE,0x03,0x20,0x00,0xFF,0x07,0x20,0x00,0xFC,0x01,0x04,0x01,0x04,0x01,0x24,0x01,0x24,0x01,0xFF,0x07}, /* 置 */
    {0x00,0x01,0x1F,0x01,0xD1,0x07,0x51,0x05,0x51,0x05,0x51,0x05,0x5F,0x05,0x40,0x05,0xC0,0x05,0x0A,0x01,0x09,0x01,0x11,0x01}, /* 帜 */
    {0x04,0x01,0x04,0x01,0x1F,0x01,0x44,0x05,0x7F,0x05,0x42,0x05,0x5F,0x05,0x42,0x05,0x52,0x05,0xCA,0x05,0x42,0x06,0x0E,0x00}, /* 峙 */
    {0x81,0x00,0x81,0x02,0xE9,0x03,0x89,0x04,0xF9,0x07,0x89,0x00,0xE9,0x03,0xA9,0x02,0xA9,0x02,0xA1,0x02,0xE1,0x02,0x87,0x00}, /* 制 */
    {0x00,0x02,0xEF,0x03,0x89,0x04,0x89,0x00,0xE9,0x07,0x4F,0x01,0x20,0x02,0xFE,0x05,0x02,0x01,0xFE,0x01,0x02,0x01,0xFE,0x01}, /* 智 */
    {0x88,0x00,0x08,0x07,0x28,0x01,0x3E,0x01,0xC8,0x07,0x08,0x01,0xBF,0x03,0x48,0x03,0x14,0x05,0x14,0x01,0x22,0x01,0x41,0x01}, /* 秩 */
    {0x94,0x00,0x12,0x07,0x3F,0x01,0x24,0x01,0xE4,0x07,0x3F,0x01,0xA4,0x03,0x64,0x03,0x3F,0x05,0x24,0x01,0x24,0x01,0x3F,0x01}, /* 稚 */
    {0x0E,0x00,0xF0,0x03,0x10,0x02,0xFF,0x03,0x10,0x02,0xFE,0x02,0x82,0x02,0x92,0x02,0x92,0x02,0xAA,0x02,0x44,0x04,0x82,0x00}, /* 质 */
    {0x40,0x00,0xFE,0x00,0x24,0x03,0x98,0x00,0x60,0x00,0x80,0x07,0x20,0x00,0x22,0x01,0x24,0x02,0x50,0x00,0x8C,0x01,0x03,0x06}, /* 炙 */
    {0x10,0x00,0xFF,0x01,0x08,0x01,0x7E,0x05,0x08,0x03,0xFF,0x01,0x04,0x01,0xFF,0x03,0x44,0x05,0x24,0x01,0x04,0x02,0x1C,0x04}, /* 痔 */
    {0x54,0x00,0xFF,0x05,0x54,0x02,0x00,0x00,0xFF,0x01,0x01,0x05,0x10,0x02,0xFE,0x00,0x92,0x00,0x92,0x02,0x96,0x04,0x10,0x00}, /* 滞 */
    {0x10,0x00,0x10,0x02,0x20,0x01,0x42,0x00,0xFF,0x04,0x01,0x02,0x7E,0x00,0x42,0x00,0x42,0x01,0x42,0x02,0x7E,0x04,0x42,0x00}, /* 治 */
    {0x20,0x00,0xFF,0x07,0x05,0x05,0x02,0x02,0xFD,0x05,0x40,0x00,0x88,0x00,0xFC,0x01,0x20,0x00,0xFE,0x03,0x20,0x00,0xFF,0x07}, /* 窒 */
    {0x20,0x00,0x20,0x00,0x20,0x00,0xFE,0x03,0x22,0x02,0x22,0x02,0x22,0x02,0xFE,0x03,0x22,0x02,0x20,0x00,0x20,0x00,0x20,0x00}, /* 中 */
    {0x20,0x00,0x20,0x00,0xFE,0x03,0x22,0x02,0x22,0x02,0xFE,0x03,0x20,0x00,0x20,0x00,0xFE,0x03,0x52,0x02,0x52,0x02,0xFF,0x07}, /* 盅 */
    {0x20,0x00,0x20,0x00,0xFE,0x03,0x22,0x02,0x22,0x02,0xFE,0x03,0x20,0x00,0x20,0x00,0x92,0x02,0x91,0x02,0x85,0x04,0x7C,0x00}, /* 忠 */
    {0x04,0x02,0x04,0x02,0xC4,0x03,0x1F,0x04,0xD5,0x03,0x15,0x01,0x15,0x01,0xDF,0x07,0x15,0x01,0x44,0x01,0x84,0x01,0x04,0x01}, /* 钟 */
    {0x40,0x00,0x20,0x00,0xFF,0x07,0x20,0x00,0xFE,0x03,0x22,0x02,0xFE,0x03,0x60,0x00,0x91,0x00,0x8A,0x01,0xA4,0x06,0xC3,0x00}, /* 衷 */
    {0x10,0x01,0x1E,0x01,0x22,0x02,0xD4,0x04,0x08,0x07,0x14,0x01,0x63,0x02,0x18,0x07,0x04,0x00,0xB0,0x01,0x0C,0x06,0x02,0x00}, /* 终 */
    {0x88,0x00,0x08,0x07,0x08,0x01,0x7F,0x01,0xC9,0x07,0x49,0x01,0xC9,0x03,0x7F,0x03,0x49,0x05,0x08,0x01,0x08,0x01,0x08,0x01}, /* 种 */
    {0x04,0x00,0xC4,0x03,0x44,0x02,0x5F,0x02,0xD5,0x03,0x55,0x02,0x55,0x02,0xDF,0x03,0x55,0x02,0x44,0x02,0x44,0x02,0xC4,0x04}, /* 肿 */
    {0x1E,0x00,0xE0,0x03,0x20,0x00,0xFF,0x07,0x22,0x02,0xFE,0x03,0x22,0x02,0xFE,0x03,0x20,0x00,0xFE,0x03,0x20,0x00,0xFF,0x07}, /* 重 */
    {0x88,0x00,0x88,0x00,0x08,0x01,0x7F,0x01,0x49,0x03,0x49,0x05,0x49,0x01,0x7F,0x01,0x49,0x01,0x08,0x01,0x08,0x01,0x08,0x01}, /* 仲 */
    {0x20,0x00,0x20,0x00,0x50,0x00,0x88,0x00,0x04,0x01,0x03,0x06,0x88,0x00,0x88,0x00,0x88,0x00,0x54,0x01,0x22,0x02,0x41,0x04}, /* 众 */
    {0x20,0x00,0x40,0x00,0xFC,0x01,0x04,0x01,0x44,0x01,0x24,0x01,0xFF,0x07,0x04,0x01,0x44,0x01,0x24,0x02,0x04,0x02,0x0C,0x04}, /* 舟 */
    {0xFF,0x01,0x01,0x01,0x11,0x01,0x7D,0x01,0x11,0x01,0xFF,0x01,0x01,0x01,0x7D,0x01,0x45,0x01,0x7D,0x01,0x01,0x02,0x07,0x04}, /* 周 */
    {0x81,0x00,0x91,0x00,0x91,0x00,0x91,0x02,0xD5,0x02,0xB3,0x04,0x91,0x00,0x91,0x00,0x11,0x01,0x11,0x01,0x11,0x02,0x01,0x04}, /* 州 */
    {0x41,0x00,0x49,0x04,0x49,0x02,0x49,0x00,0xED,0x00,0x5B,0x05,0x49,0x02,0x49,0x00,0x49,0x01,0x49,0x02,0x89,0x04,0x01,0x01}, /* 洲 */
    {0x10,0x02,0x3E,0x01,0x42,0x00,0x84,0x00,0x7F,0x06,0x01,0x02,0x01,0x02,0x3F,0x02,0x81,0x02,0x01,0x03,0x7F,0x02,0x01,0x00}, /* 诌 */
    {0x20,0x00,0x27,0x07,0xA9,0x01,0x71,0x01,0x27,0x07,0xFC,0x04,0x24,0x04,0x77,0x07,0xA9,0x01,0x21,0x01,0x21,0x01,0x26,0x06}, /* 粥 */
    {0x08,0x01,0x08,0x01,0x88,0x07,0x7F,0x02,0x49,0x05,0xC9,0x07,0x7F,0x01,0xC9,0x01,0x49,0x07,0x49,0x01,0x7F,0x01,0x41,0x01}, /* 轴 */
    {0x02,0x00,0xC2,0x03,0x42,0x02,0x5F,0x02,0xC2,0x03,0x52,0x02,0x4A,0x02,0xCA,0x03,0x42,0x02,0x42,0x02,0x42,0x02,0xC6,0x04}, /* 肘 */
    {0xFE,0x03,0x02,0x00,0xFE,0x01,0x02,0x00,0xFE,0x03,0x00,0x00,0xFF,0x07,0x21,0x04,0xFE,0x03,0x22,0x02,0x26,0x02,0x20,0x00}, /* 帚 */
    {0x00,0x00,0xDE,0x03,0x52,0x02,0x52,0x02,0xDE,0x03,0x00,0x00,0xF8,0x00,0x88,0x00,0x88,0x00,0x89,0x00,0x09,0x01,0x07,0x06}, /* 咒 */
    {0x04,0x02,0x84,0x03,0xBF,0x04,0x25,0x01,0xA4,0x07,0xBE,0x00,0xAA,0x00,0xAA,0x07,0xAA,0x00,0xA4,0x00,0xAA,0x07,0x51,0x00}, /* 皱 */
    {0x40,0x00,0x20,0x00,0xFF,0x07,0x21,0x04,0x20,0x00,0xFE,0x03,0x22,0x02,0x22,0x02,0xFE,0x03,0x22,0x02,0x22,0x02,0xFE,0x03}, /* 宙 */
    {0xFE,0x03,0x02,0x02,0xFE,0x03,0x08,0x02,0x04,0x02,0xFE,0x03,0x05,0x05,0xFC,0x01,0x04,0x01,0xFC,0x01,0x00,0x00,0xFE,0x03}, /* 昼 */
    {0x7C,0x07,0x2B,0x01,0x39,0x05,0x2D,0x05,0x7A,0x05,0x8D,0x07,0xF8,0x00,0xAD,0x01,0xCA,0x06,0x9A,0x00,0xA9,0x00,0x48,0x03}, /* 骤 */
    {0x08,0x00,0x28,0x07,0x3E,0x02,0x48,0x02,0x08,0x02,0x7F,0x07,0x08,0x02,0x1C,0x02,0x2A,0x02,0x49,0x03,0x08,0x06,0x08,0x00}, /* 珠 */
    {0x08,0x01,0x28,0x01,0x3E,0x01,0xC8,0x07,0x08,0x01,0x7F,0x03,0x88,0x03,0x1C,0x05,0x2A,0x01,0x49,0x01,0x08,0x01,0x08,0x01}, /* 株 */
    {0x08,0x01,0x28,0x01,0x3E,0x01,0xC8,0x07,0x48,0x05,0x7F,0x05,0xC8,0x07,0x1C,0x01,0x6A,0x01,0xC9,0x01,0x48,0x06,0x08,0x00}, /* 蛛 */
    {0x20,0x00,0x20,0x01,0xFC,0x01,0x20,0x02,0x20,0x00,0xFF,0x07,0x70,0x00,0xA8,0x00,0x24,0x01,0x23,0x06,0x20,0x00,0x20,0x00}, /* 朱 */
    {0x10,0x01,0x11,0x05,0x3A,0x02,0x14,0x05,0xFF,0x01,0x10,0x01,0x3E,0x03,0x62,0x05,0xBE,0x01,0x22,0x01,0x3E,0x01,0x22,0x06}, /* 猪 */
    {0x10,0x04,0x11,0x02,0x3A,0x00,0x14,0x00,0xFF,0x06,0x10,0x02,0x3E,0x02,0x62,0x02,0xBE,0x02,0x22,0x02,0x3E,0x03,0x22,0x02}, /* 诸 */
    {0x08,0x02,0x28,0x01,0x3E,0x00,0x48,0x00,0x08,0x07,0x7F,0x01,0x08,0x01,0x1C,0x01,0x2A,0x01,0xC9,0x01,0x08,0x01,0x08,0x00}, /* 诛 */
    {0x00,0x04,0xFF,0x02,0x20,0x00,0x51,0x00,0x9A,0x06,0x2C,0x02,0xDA,0x02,0x29,0x02,0xC9,0x02,0x30,0x02,0x00,0x02,0xFF,0x05}, /* 逐 */
    {0x84,0x00,0x84,0x00,0x08,0x01,0xEF,0x01,0x92,0x02,0xA2,0x04,0x82,0x00,0x82,0x00,0x82,0x00,0x82,0x00,0x82,0x00,0x8E,0x00}, /* 竹 */
    {0x08,0x01,0x08,0x01,0x88,0x01,0x7F,0x05,0x49,0x05,0x49,0x05,0x49,0x05,0x7F,0x01,0x08,0x01,0x89,0x02,0x8F,0x02,0x79,0x04}, /* 烛 */
    {0x20,0x00,0xF4,0x01,0x28,0x00,0xFF,0x07,0x40,0x00,0xFE,0x01,0x02,0x07,0xFE,0x01,0x02,0x01,0xFE,0x01,0x92,0x02,0x49,0x04}, /* 煮 */
    {0x10,0x01,0x08,0x01,0x00,0x01,0xBF,0x07,0x08,0x01,0x08,0x01,0x88,0x01,0x3E,0x07,0x08,0x01,0x08,0x01,0x08,0x01,0x7F,0x03}, /* 拄 */
    {0x7E,0x00,0x42,0x07,0x7E,0x05,0x48,0x05,0x7E,0x07,0x6A,0x05,0x7E,0x05,0x48,0x07,0x7F,0x05,0xA9,0x05,0xBD,0x07,0x23,0x05}, /* 瞩 */
    {0x7E,0x00,0x42,0x07,0x7E,0x05,0x48,0x05,0x7E,0x05,0x6A,0x05,0x7E,0x05,0x48,0x05,0x7F,0x07,0xA9,0x05,0xBD,0x00,0x23,0x01}, /* 嘱 */
    {0x40,0x00,0x20,0x00,0x00,0x00,0xFE,0x03,0x20,0x00,0x20,0x00,0x20,0x00,0xFE,0x03,0x20,0x00,0x20,0x00,0x20,0x00,0xFF,0x07}, /* 主 */
    {0x88,0x00,0xFF,0x07,0xA8,0x00,0xF4,0x01,0x28,0x00,0xFF,0x07,0x40,0x00,0xFE,0x01,0x02,0x07,0xFE,0x01,0x02,0x01,0xFE,0x01}, /* 著 */
    {0x10,0x01,0x08,0x01,0x00,0x01,0xBF,0x07,0x08,0x01,0x08,0x03,0x88,0x03,0x3E,0x05,0x08,0x01,0x08,0x01,0x08,0x01,0x7F,0x01}, /* 柱 */
    {0x08,0x00,0xC8,0x03,0x48,0x02,0x5F,0x02,0xC9,0x03,0x49,0x02,0x49,0x02,0xC9,0x03,0x49,0x02,0xF1,0x02,0x11,0x07,0x26,0x00}, /* 助 */
    {0x08,0x01,0x04,0x01,0x00,0x01,0xDF,0x07,0x44,0x05,0x44,0x05,0xC4,0x07,0x1F,0x01,0x44,0x01,0xC4,0x01,0x44,0x06,0x1F,0x00}, /* 蛀 */
    {0x08,0x00,0xC4,0x07,0x40,0x04,0x5F,0x05,0x51,0x05,0x51,0x05,0x40,0x05,0x40,0x05,0x40,0x05,0x00,0x01,0x9F,0x02,0x40,0x04}, /* 贮 */
    {0x08,0x02,0x3F,0x02,0x88,0x03,0x3E,0x04,0x88,0x07,0x7F,0x02,0x12,0x02,0x9F,0x07,0x22,0x02,0x2A,0x02,0x42,0x03,0x06,0x02}, /* 铸 */
    {0x08,0x02,0xCF,0x03,0x14,0x05,0x82,0x00,0x00,0x00,0xBC,0x07,0x24,0x01,0x34,0x01,0x2C,0x01,0xA5,0x01,0x45,0x06,0x83,0x00}, /* 筑 */
    {0x90,0x00,0x88,0x00,0x00,0x01,0x7F,0x01,0x08,0x03,0x08,0x05,0x08,0x01,0x3E,0x01,0x08,0x01,0x08,0x01,0x08,0x01,0x7F,0x01}, /* 住 */
    {0x20,0x00,0x10,0x04,0x00,0x02,0xFE,0x00,0x10,0x00,0x10,0x04,0x10,0x02,0xFE,0x00,0x10,0x00,0x10,0x02,0x10,0x04,0xFF,0x01}, /* 注 */
    {0x00,0x02,0x3E,0x01,0xA2,0x07,0xA2,0x00,0x22,0x01,0x22,0x01,0xBE,0x03,0x54,0x05,0x14,0x01,0x14,0x01,0x25,0x01,0x43,0x01}, /* 祝 */
    {0x08,0x00,0x84,0x07,0x80,0x00,0xBF,0x02,0x84,0x02,0x84,0x02,0xC4,0x03,0x5F,0x00,0x44,0x01,0x44,0x06,0x44,0x00,0xBF,0x01}, /* 驻 */
    {0x02,0x02,0x7C,0x02,0x54,0x02,0x54,0x07,0x54,0x02,0x54,0x02,0x54,0x03,0x54,0x06,0x54,0x02,0x52,0x02,0x52,0x02,0x91,0x06}, /* 抓 */
    {0x0E,0x00,0xF8,0x03,0x48,0x02,0x48,0x02,0x48,0x02,0x48,0x02,0x48,0x02,0x44,0x02,0x44,0x02,0x42,0x02,0x42,0x02,0x41,0x04}, /* 爪 */
    {0x20,0x00,0x20,0x00,0xFE,0x03,0x40,0x00,0x40,0x00,0xFF,0x07,0x80,0x00,0xFC,0x01,0x04,0x00,0xC8,0x01,0x38,0x00,0x04,0x00}, /* 专 */
    {0x08,0x00,0x88,0x07,0x7E,0x01,0x10,0x01,0x10,0x02,0xFF,0x03,0xA0,0x06,0xBE,0x02,0x82,0x02,0xB4,0x03,0x8C,0x02,0x02,0x00}, /* 砖 */
    {0x08,0x02,0x08,0x02,0x7E,0x07,0x10,0x02,0x10,0x05,0x7F,0x05,0xA0,0x07,0x3E,0x01,0x82,0x01,0x34,0x07,0x0C,0x01,0x02,0x01}, /* 转 */
    {0x77,0x02,0x55,0x02,0x77,0x02,0x44,0x07,0x55,0x02,0x33,0x02,0x22,0x03,0x7F,0x06,0x22,0x02,0xFF,0x02,0x22,0x02,0x41,0x06}, /* 撰 */
    {0x44,0x00,0x28,0x07,0xFF,0x04,0x28,0x04,0x7E,0x05,0x2A,0x05,0xFF,0x05,0x2A,0x05,0x7E,0x05,0x6C,0x01,0xAA,0x02,0xA9,0x04}, /* 赚 */
    {0x08,0x01,0x04,0x01,0x3F,0x01,0xA0,0x07,0x24,0x01,0x24,0x03,0xBF,0x03,0x24,0x05,0x24,0x01,0x24,0x01,0x24,0x01,0x5F,0x01}, /* 桩 */
    {0x20,0x00,0x10,0x00,0xFF,0x03,0x00,0x02,0x10,0x02,0x10,0x02,0xFE,0x02,0x10,0x02,0x10,0x02,0x10,0x02,0x10,0x02,0xFF,0x05}, /* 庄 */
    {0x88,0x04,0x88,0x02,0xFF,0x00,0x88,0x01,0x88,0x02,0xBE,0x04,0x20,0x00,0xFF,0x07,0x50,0x00,0x8A,0x01,0xA4,0x06,0xC3,0x00}, /* 装 */
    {0x88,0x00,0x88,0x00,0x88,0x04,0xBF,0x02,0x92,0x01,0x92,0x00,0xA2,0x01,0x94,0x02,0x88,0x04,0x94,0x00,0xA2,0x00,0xC1,0x00}, /* 妆 */
    {0x08,0x01,0x3E,0x01,0x94,0x07,0x7F,0x01,0x2A,0x01,0x3E,0x01,0xAA,0x01,0x3E,0x07,0x08,0x01,0x3E,0x01,0x08,0x01,0x7F,0x03}, /* 撞 */
    {0x08,0x01,0x08,0x01,0x08,0x05,0x08,0x03,0x7F,0x01,0x08,0x01,0x08,0x01,0x08,0x03,0x08,0x05,0x08,0x01,0x3E,0x01,0x00,0x01}, /* 壮 */
    {0x08,0x01,0x0A,0x01,0x09,0x05,0x08,0x03,0x7F,0x01,0x08,0x01,0x14,0x01,0x14,0x03,0x14,0x05,0x22,0x01,0x22,0x01,0x41,0x01}, /* 状 */
    {0x14,0x01,0x12,0x01,0x3F,0x01,0xA4,0x07,0x64,0x01,0xBF,0x03,0x64,0x03,0x24,0x05,0x3F,0x01,0x24,0x01,0x24,0x01,0x3F,0x01}, /* 椎 */
    {0x14,0x02,0x12,0x02,0xBF,0x03,0x24,0x04,0x64,0x07,0xBF,0x02,0x24,0x02,0xA4,0x07,0x3F,0x02,0xA4,0x02,0x24,0x03,0x3F,0x02}, /* 锥 */
    {0x10,0x04,0x20,0x02,0xFE,0x00,0x82,0x00,0xFE,0x06,0x80,0x02,0xFE,0x02,0x82,0x02,0x82,0x02,0xFE,0x02,0x00,0x02,0xFF,0x05}, /* 追 */
    {0x88,0x00,0xEF,0x03,0x92,0x00,0xEA,0x07,0x04,0x01,0xCA,0x03,0x51,0x04,0xFC,0x01,0x24,0x01,0x24,0x01,0xD8,0x00,0x06,0x07}, /* 赘 */
    {0xC8,0x03,0x48,0x02,0x88,0x02,0x48,0x02,0x54,0x02,0x94,0x03,0x22,0x02,0x41,0x02,0x20,0x00,0xFE,0x03,0x20,0x00,0xFF,0x07}, /* 坠 */
    {0x28,0x00,0x24,0x00,0x7F,0x04,0x48,0x02,0xC8,0x00,0x7E,0x01,0x48,0x00,0x48,0x00,0x7E,0x01,0x48,0x02,0x48,0x04,0x7F,0x00}, /* 准 */
    {0x3E,0x01,0x22,0x01,0x22,0x01,0xA2,0x07,0x3E,0x01,0x08,0x01,0xA8,0x01,0x2F,0x07,0x28,0x01,0x28,0x01,0x58,0x01,0x8F,0x03}, /* 捉 */
    {0x20,0x00,0x3F,0x00,0x20,0x00,0xFE,0x03,0x02,0x02,0xFE,0x03,0x02,0x02,0xFE,0x03,0x20,0x00,0xFF,0x07,0x20,0x00,0x20,0x00}, /* 卓 */
    {0x20,0x00,0x3E,0x00,0x20,0x00,0xFE,0x03,0x02,0x02,0xFE,0x03,0x02,0x02,0xFE,0x03,0x20,0x00,0xFF,0x07,0x24,0x01,0x23,0x06}, /* 桌 */
    {0x00,0x00,0x7F,0x07,0x10,0x02,0x28,0x02,0x4D,0x02,0x36,0x07,0x24,0x02,0x5E,0x02,0x15,0x02,0x24,0x03,0x44,0x06,0x18,0x00}, /* 琢 */
    {0x04,0x00,0xF4,0x07,0x47,0x01,0xF9,0x07,0x51,0x05,0x59,0x05,0x35,0x06,0x15,0x04,0xF1,0x07,0x11,0x04,0xF1,0x07,0x16,0x04}, /* 酌 */
    {0x88,0x00,0xFF,0x07,0x40,0x00,0xFC,0x03,0x80,0x00,0xFF,0x07,0x04,0x01,0xFC,0x03,0x04,0x05,0xFC,0x01,0x04,0x01,0xFC,0x01}, /* 着 */
    {0x10,0x02,0x10,0x01,0x10,0x00,0xFE,0x00,0x92,0x04,0x92,0x02,0x92,0x00,0xFE,0x00,0x10,0x01,0x12,0x02,0xFF,0x05,0x01,0x00}, /* 浊 */
    {0x40,0x00,0x7F,0x04,0x91,0x02,0x12,0x00,0x28,0x00,0x44,0x02,0x83,0x04,0xFE,0x03,0x02,0x02,0x02,0x02,0xFE,0x03,0x02,0x02}, /* 咨 */
    {0x20,0x02,0x3F,0x01,0x49,0x00,0x14,0x01,0x63,0x06,0x00,0x00,0xFE,0x03,0x22,0x02,0x22,0x02,0x58,0x00,0x86,0x01,0x01,0x06}, /* 资 */
    {0x40,0x00,0x7F,0x04,0x91,0x02,0x2A,0x00,0x44,0x02,0x83,0x04,0x40,0x00,0xFF,0x07,0x84,0x00,0x88,0x01,0x70,0x00,0x8E,0x07}, /* 姿 */
    {0x42,0x04,0x24,0x02,0xFF,0x00,0x44,0x00,0x55,0x04,0x99,0x02,0xEE,0x00,0x22,0x00,0x44,0x01,0xA9,0x02,0xEF,0x04,0x21,0x00}, /* 滋 */
    {0x89,0x00,0xEA,0x02,0x8C,0x02,0xE9,0x02,0x47,0x07,0x88,0x00,0xF0,0x01,0x44,0x00,0xFE,0x03,0x20,0x00,0x24,0x01,0x62,0x02}, /* 紫 */
    {0x80,0x00,0xBE,0x00,0x02,0x01,0x04,0x01,0x08,0x03,0x08,0x05,0x7F,0x01,0x08,0x01,0x08,0x01,0x08,0x01,0x08,0x01,0x18,0x01}, /* 仔 */
    {0x00,0x01,0x3E,0x01,0x42,0x05,0x84,0x03,0x08,0x01,0xC8,0x07,0x3F,0x01,0x88,0x03,0x48,0x05,0x08,0x01,0x08,0x01,0x18,0x01}, /* 籽 */
    {0x00,0x00,0xFC,0x01,0x08,0x00,0x10,0x00,0x20,0x00,0x20,0x00,0xFF,0x07,0x20,0x00,0x20,0x00,0x20,0x00,0x20,0x00,0xE0,0x00}, /* 子 */
    {0x20,0x00,0x40,0x00,0xFE,0x03,0x02,0x02,0x02,0x02,0xFE,0x03,0x02,0x02,0x02,0x02,0xFE,0x03,0x02,0x02,0x02,0x02,0xFE,0x03}, /* 自 */
    {0x10,0x00,0xFF,0x05,0x10,0x02,0xFE,0x00,0x10,0x00,0xFF,0x05,0x00,0x02,0xFE,0x00,0x92,0x00,0x92,0x02,0x6C,0x04,0x83,0x01}, /* 渍 */
    {0x40,0x00,0x20,0x00,0xFF,0x07,0x01,0x04,0x00,0x00,0xFC,0x01,0x08,0x00,0x10,0x00,0xFF,0x07,0x20,0x00,0x20,0x00,0xE0,0x00}, /* 字 */
    {0x08,0x01,0x7F,0x01,0x41,0x01,0x80,0x07,0x3E,0x01,0x00,0x03,0x80,0x03,0x3F,0x05,0x08,0x01,0x2A,0x01,0x49,0x01,0x18,0x01}, /* 棕 */
    {0x08,0x00,0xBF,0x07,0xA1,0x04,0x80,0x04,0xBE,0x07,0x00,0x01,0x00,0x01,0xBF,0x05,0x08,0x05,0x2A,0x05,0xC9,0x05,0x18,0x06}, /* 踪 */
    {0x20,0x00,0xFF,0x07,0x01,0x04,0x00,0x00,0xFC,0x01,0x00,0x00,0x00,0x00,0xFF,0x07,0x20,0x00,0x24,0x01,0x22,0x02,0x61,0x04}, /* 宗 */
    {0x08,0x01,0x7F,0x01,0x41,0x02,0x80,0x04,0x3E,0x07,0x00,0x01,0x00,0x02,0x7F,0x07,0x08,0x00,0x2A,0x01,0x49,0x06,0x18,0x00}, /* 综 */
    {0x04,0x01,0x88,0x00,0xFE,0x03,0x02,0x02,0x02,0x02,0x02,0x02,0xFE,0x03,0x00,0x00,0x22,0x00,0x91,0x02,0x85,0x02,0x7C,0x04}, /* 总 */
    {0x24,0x01,0x24,0x01,0x24,0x02,0xA4,0x04,0x24,0x07,0x24,0x01,0x24,0x02,0x24,0x07,0x5A,0x00,0x4A,0x01,0x92,0x06,0x21,0x01}, /* 纵 */
    {0x00,0x01,0xEF,0x01,0x29,0x02,0x49,0x04,0xEA,0x03,0x2A,0x00,0x29,0x00,0xE9,0x03,0x29,0x00,0x2E,0x00,0xE8,0x03,0x28,0x00}, /* 邹 */
    {0x20,0x00,0x20,0x00,0xFE,0x03,0x20,0x00,0x20,0x00,0xFF,0x07,0x20,0x00,0x20,0x01,0x3E,0x01,0x20,0x01,0xA0,0x02,0x7F,0x04}, /* 走 */
    {0x20,0x00,0xFE,0x03,0x40,0x00,0xFC,0x01,0x80,0x00,0xFF,0x07,0x04,0x01,0xFA,0x02,0x21,0x04,0xFE,0x03,0x48,0x00,0x84,0x01}, /* 奏 */
    {0x08,0x01,0x7F,0x01,0x08,0x01,0xBE,0x07,0x10,0x01,0x7F,0x01,0xA2,0x01,0x5D,0x07,0x08,0x01,0x7F,0x01,0x14,0x01,0x22,0x03}, /* 揍 */
    {0x80,0x00,0x3E,0x07,0x22,0x01,0x22,0x01,0xBE,0x07,0x22,0x01,0xA2,0x03,0x7E,0x03,0x22,0x05,0x22,0x01,0x22,0x01,0x7F,0x01}, /* 租 */
    {0xFE,0x03,0x02,0x02,0x02,0x02,0x02,0x02,0xFE,0x03,0x20,0x00,0x20,0x00,0x3E,0x01,0x20,0x01,0x20,0x01,0xA0,0x02,0x7F,0x04}, /* 足 */
    {0x40,0x00,0x20,0x00,0xFE,0x03,0x88,0x00,0x88,0x00,0x54,0x01,0x22,0x02,0x20,0x00,0xFF,0x07,0x20,0x00,0x20,0x00,0x20,0x00}, /* 卒 */
    {0x10,0x01,0x90,0x00,0x1F,0x00,0xA0,0x07,0x48,0x02,0x0F,0x02,0xD4,0x03,0x44,0x02,0x5F,0x02,0x44,0x02,0x4A,0x02,0x91,0x05}, /* 族 */
    {0x00,0x02,0x3E,0x01,0xA2,0x07,0xA2,0x00,0x3E,0x01,0xA2,0x01,0x62,0x03,0x3E,0x05,0x22,0x01,0x22,0x01,0x22,0x01,0x7F,0x01}, /* 祖 */
    {0x00,0x02,0x7E,0x01,0x42,0x00,0x42,0x00,0x7E,0x06,0x42,0x02,0x42,0x02,0x7E,0x02,0xC2,0x02,0x42,0x03,0x42,0x02,0xFF,0x01}, /* 诅 */
    {0x00,0x00,0xBE,0x07,0xA2,0x04,0xA2,0x04,0x3E,0x05,0x22,0x05,0xA2,0x04,0xBE,0x04,0xA2,0x04,0x22,0x07,0x22,0x04,0x7F,0x04}, /* 阻 */
    {0x00,0x01,0x3E,0x01,0x22,0x02,0xA2,0x04,0x3E,0x07,0x22,0x01,0x22,0x02,0xBE,0x07,0x22,0x00,0xA2,0x01,0x22,0x06,0x7F,0x00}, /* 组 */
    {0x08,0x02,0x08,0x02,0x88,0x03,0x0F,0x04,0x88,0x07,0x08,0x02,0x3F,0x02,0xA1,0x07,0x21,0x02,0xA1,0x02,0x3F,0x03,0x21,0x02}, /* 钻 */
    {0x08,0x02,0xCF,0x03,0x92,0x04,0xFC,0x01,0x54,0x01,0x2C,0x01,0xFF,0x07,0x02,0x02,0x85,0x04,0xFE,0x03,0x24,0x01,0x62,0x02}, /* 纂 */
    {0x35,0x00,0xA6,0x00,0xB5,0x07,0xE3,0x05,0x3C,0x05,0x44,0x05,0xFF,0x05,0x49,0x05,0x7F,0x07,0x49,0x05,0x7F,0x00,0x89,0x00}, /* 嘴 */
    {0xC8,0x07,0x04,0x01,0xDF,0x07,0x4A,0x05,0x4A,0x05,0xD5,0x06,0x40,0x04,0xC4,0x07,0x5F,0x04,0x44,0x04,0xC4,0x07,0x44,0x04}, /* 醉 */
    {0xFC,0x01,0x04,0x01,0xFC,0x01,0x04,0x01,0xFF,0x07,0x40,0x02,0xDE,0x03,0x4A,0x02,0xCA,0x03,0x64,0x02,0xCA,0x07,0x51,0x00}, /* 最 */
    {0xFE,0x03,0x52,0x02,0x52,0x02,0xFE,0x03,0x50,0x00,0xDF,0x07,0x50,0x00,0xDE,0x03,0x50,0x00,0xDF,0x07,0x50,0x00,0x50,0x00}, /* 罪 */
    {0x04,0x01,0xFF,0x07,0x88,0x00,0xFE,0x03,0x8A,0x02,0x76,0x03,0x02,0x02,0xFE,0x03,0x04,0x00,0xFF,0x07,0x04,0x01,0x8C,0x00}, /* 尊 */
    {0x44,0x04,0xFE,0x02,0x28,0x00,0xFE,0x00,0xAA,0x06,0xCE,0x02,0xB2,0x02,0xFE,0x02,0x04,0x02,0xFF,0x02,0x44,0x02,0xFF,0x05}, /* 遵 */
    {0x20,0x00,0xA0,0x07,0xBF,0x04,0xD0,0x04,0x90,0x04,0x9E,0x07,0x90,0x04,0x90,0x04,0x9F,0x04,0x90,0x07,0x90,0x04,0x10,0x00}, /* 昨 */
    {0x40,0x00,0x40,0x00,0xFF,0x07,0x40,0x00,0x80,0x00,0x80,0x00,0xFE,0x00,0x10,0x01,0x10,0x01,0x10,0x02,0x10,0x04,0xFF,0x01}, /* 左 */
    {0x90,0x00,0x90,0x00,0x7F,0x01,0x10,0x01,0x20,0x03,0x20,0x05,0x3E,0x01,0x48,0x01,0x48,0x01,0x88,0x01,0x08,0x01,0x7F,0x01}, /* 佐 */
    {0x20,0x01,0x20,0x01,0x3F,0x01,0xD0,0x07,0x10,0x01,0x1E,0x03,0x90,0x03,0x50,0x05,0x1F,0x01,0x10,0x01,0x10,0x01,0x10,0x01}, /* 柞 */
    {0x48,0x01,0x48,0x01,0x48,0x02,0xEF,0x02,0x52,0x06,0x4A,0x02,0xEA,0x02,0xAA,0x02,0xAA,0x02,0xE4,0x02,0x8A,0x02,0x11,0x02}, /* 做 */
    {0xA0,0x00,0xA0,0x00,0x3F,0x01,0x50,0x01,0x10,0x03,0x1E,0x05,0x10,0x01,0x10,0x01,0x1F,0x01,0x10,0x01,0x10,0x01,0x10,0x01}, /* 作 */
    {0x20,0x00,0x24,0x01,0x24,0x01,0x24,0x01,0x24,0x01,0xAA,0x02,0x71,0x04,0x20,0x00,0xFE,0x03,0x20,0x00,0x20,0x00,0xFF,0x07}, /* 坐 */
    {0x20,0x00,0x10,0x00,0xFF,0x03,0x10,0x02,0x54,0x02,0x54,0x02,0xBA,0x02,0x11,0x03,0xFE,0x02,0x10,0x02,0x10,0x02,0xFF,0x05}, /* 座 */
};
